[2026-08-05 04:32:49] This is codeql database create /home/samith_g/memcached-docs/.codeql/memcached-codeql-db --language=cpp --command=make -j4 --overwrite
[2026-08-05 04:32:49] Log file was started late.
[2026-08-05 04:32:49] [PROGRESS] database create> Initializing database at /home/samith_g/memcached-docs/.codeql/memcached-codeql-db.
[2026-08-05 04:32:49] Running plumbing command: codeql database init --overwrite --language=cpp --extractor-options-verbosity=1 --qlconfig-file=/home/samith_g/memcached-docs/memcached/qlconfig.yml --source-root=/home/samith_g/memcached-docs/memcached --allow-missing-source-root=false --allow-already-existing -- /home/samith_g/memcached-docs/.codeql/memcached-codeql-db
[2026-08-05 04:32:49] Calling plumbing command: codeql resolve languages --extractor-options-verbosity=1 --format=betterjson
[2026-08-05 04:32:50] [DETAILS] resolve languages> Scanning for [codeql-extractor.yml] from /home/samith_g/codeql/.codeqlmanifest.json
[2026-08-05 04:32:50] [DETAILS] resolve languages> Parsing /home/samith_g/codeql/html/codeql-extractor.yml.
[2026-08-05 04:32:50] [DETAILS] resolve languages> Parsing /home/samith_g/codeql/javascript/codeql-extractor.yml.
[2026-08-05 04:32:50] [DETAILS] resolve languages> Parsing /home/samith_g/codeql/ruby/codeql-extractor.yml.
[2026-08-05 04:32:50] [DETAILS] resolve languages> Parsing /home/samith_g/codeql/cpp/codeql-extractor.yml.
[2026-08-05 04:32:50] [DETAILS] resolve languages> Parsing /home/samith_g/codeql/go/codeql-extractor.yml.
[2026-08-05 04:32:50] [DETAILS] resolve languages> Parsing /home/samith_g/codeql/csv/codeql-extractor.yml.
[2026-08-05 04:32:50] [DETAILS] resolve languages> Parsing /home/samith_g/codeql/properties/codeql-extractor.yml.
[2026-08-05 04:32:50] [DETAILS] resolve languages> Parsing /home/samith_g/codeql/python/codeql-extractor.yml.
[2026-08-05 04:32:50] [DETAILS] resolve languages> Parsing /home/samith_g/codeql/swift/codeql-extractor.yml.
[2026-08-05 04:32:50] [DETAILS] resolve languages> Parsing /home/samith_g/codeql/csharp/codeql-extractor.yml.
[2026-08-05 04:32:50] [DETAILS] resolve languages> Parsing /home/samith_g/codeql/actions/codeql-extractor.yml.
[2026-08-05 04:32:50] [DETAILS] resolve languages> Parsing /home/samith_g/codeql/rust/codeql-extractor.yml.
[2026-08-05 04:32:50] [DETAILS] resolve languages> Parsing /home/samith_g/codeql/java/codeql-extractor.yml.
[2026-08-05 04:32:50] [DETAILS] resolve languages> Parsing /home/samith_g/codeql/xml/codeql-extractor.yml.
[2026-08-05 04:32:50] [DETAILS] resolve languages> Parsing /home/samith_g/codeql/yaml/codeql-extractor.yml.
[2026-08-05 04:32:50] Plumbing command codeql resolve languages completed:
                      {
                        "aliases" : {
                          "c" : "cpp",
                          "c++" : "cpp",
                          "c-c++" : "cpp",
                          "c-cpp" : "cpp",
                          "c#" : "csharp",
                          "java-kotlin" : "java",
                          "kotlin" : "java",
                          "javascript-typescript" : "javascript",
                          "typescript" : "javascript"
                        },
                        "extractors" : {
                          "html" : [
                            {
                              "extractor_root" : "/home/samith_g/codeql/html"
                            }
                          ],
                          "javascript" : [
                            {
                              "extractor_root" : "/home/samith_g/codeql/javascript",
                              "extractor_options" : {
                                "skip_types" : {
                                  "title" : "Skip type extraction for TypeScript",
                                  "description" : "Whether to skip the extraction of types in a TypeScript application",
                                  "type" : "string",
                                  "pattern" : "^(false|true)$"
                                }
                              }
                            }
                          ],
                          "ruby" : [
                            {
                              "extractor_root" : "/home/samith_g/codeql/ruby",
                              "extractor_options" : {
                                "trap" : {
                                  "title" : "Options pertaining to TRAP.",
                                  "description" : "Options pertaining to TRAP.",
                                  "type" : "object",
                                  "properties" : {
                                    "compression" : {
                                      "title" : "Controls compression for the TRAP files written by the extractor.",
                                      "description" : "This option is only intended for use in debugging the extractor. Accepted values are 'gzip' (the default, to write gzip-compressed TRAP) 'zstd' (to write Zstandard-compressed TRAP) and 'none' (to write uncompressed TRAP).\n",
                                      "type" : "string",
                                      "pattern" : "^(none|gzip|zstd)$"
                                    }
                                  }
                                }
                              }
                            }
                          ],
                          "cpp" : [
                            {
                              "extractor_root" : "/home/samith_g/codeql/cpp",
                              "extractor_options" : {
                                "scale_timeouts" : {
                                  "title" : "Value to scale compiler introspection timeouts with",
                                  "description" : "The extractor attempts to determine what compiler the source code being extracted is compiled with. To this end the extractor makes additional calls to the compiler, some of which are expected to return within a certain fixed time (either 10s or 15s). On some systems that are under high load this time might be too short, and can be scaled up using this option.\n",
                                  "type" : "string",
                                  "pattern" : "[0-9]+"
                                },
                                "log_verbosity" : {
                                  "title" : "Verbosity of the extractor logging",
                                  "description" : "Set the verbosity of the extractor logging to 'quiet' (0), 'normal' (1), 'chatty' (2), or 'noisy' (3). The default is 'normal'.\n",
                                  "type" : "string",
                                  "pattern" : "[0-3]"
                                }
                              }
                            }
                          ],
                          "go" : [
                            {
                              "extractor_root" : "/home/samith_g/codeql/go",
                              "extractor_options" : {
                                "extract_tests" : {
                                  "title" : "Whether to include Go test files in the CodeQL database.",
                                  "description" : "A value indicating whether Go test files should be included in the CodeQL database. The default is 'false'.\n",
                                  "type" : "string",
                                  "pattern" : "^(false|true)$"
                                },
                                "extract_vendor_dirs" : {
                                  "title" : "Whether to include Go vendor directories in the CodeQL database.",
                                  "description" : "A value indicating whether Go vendor directories should be included in the CodeQL database. The default is 'false'.\n",
                                  "type" : "string",
                                  "pattern" : "^(false|true)$"
                                }
                              }
                            }
                          ],
                          "csv" : [
                            {
                              "extractor_root" : "/home/samith_g/codeql/csv"
                            }
                          ],
                          "properties" : [
                            {
                              "extractor_root" : "/home/samith_g/codeql/properties"
                            }
                          ],
                          "python" : [
                            {
                              "extractor_root" : "/home/samith_g/codeql/python",
                              "extractor_options" : {
                                "logging" : {
                                  "title" : "Options pertaining to logging.",
                                  "description" : "Options pertaining to logging.",
                                  "type" : "object",
                                  "properties" : {
                                    "verbosity" : {
                                      "title" : "Python extractor logging verbosity level.",
                                      "description" : "Controls the level of verbosity of the CodeQL Python extractor.\nThe supported levels are (in order of increasing verbosity):\n\n  - off\n  - errors\n  - warnings\n  - info or progress\n  - debug or progress+\n  - trace or progress++\n  - progress+++\n",
                                      "type" : "string",
                                      "pattern" : "^(off|errors|warnings|(info|progress)|(debug|progress\\+)|(trace|progress\\+\\+)|progress\\+\\+\\+)$"
                                    }
                                  }
                                },
                                "python_executable_name" : {
                                  "title" : "Controls the name of the Python executable used by the Python extractor.",
                                  "description" : "The Python extractor uses platform-dependent heuristics to determine the name of the Python executable to use. Specifying a value for this option overrides the name of the Python executable used by the extractor. Accepted values are py, python and python3. Use this setting with caution, the Python extractor requires Python 3 to run.\n",
                                  "type" : "string",
                                  "pattern" : "^(py|python|python3)$"
                                }
                              }
                            }
                          ],
                          "swift" : [
                            {
                              "extractor_root" : "/home/samith_g/codeql/swift"
                            }
                          ],
                          "csharp" : [
                            {
                              "extractor_root" : "/home/samith_g/codeql/csharp",
                              "extractor_options" : {
                                "trap" : {
                                  "title" : "Options pertaining to TRAP.",
                                  "description" : "Options pertaining to TRAP.",
                                  "type" : "object",
                                  "properties" : {
                                    "compression" : {
                                      "title" : "Controls compression for the TRAP files written by the extractor.",
                                      "description" : "This option is only intended for use in debugging the extractor. Accepted values are 'brotli' (the default, to write brotli-compressed TRAP), 'gzip', and 'none' (to write uncompressed TRAP).\n",
                                      "type" : "string",
                                      "pattern" : "^(none|gzip|brotli)$"
                                    }
                                  }
                                },
                                "buildless" : {
                                  "title" : "DEPRECATED - Whether to use buildless (standalone) extraction.",
                                  "description" : "DEPRECATED: Use `--build-mode none` instead.\nA value indicating, which type of extraction the autobuilder should perform. If 'true', then the standalone extractor will be used, otherwise tracing extraction will be performed. The default is 'false'. Note that buildless extraction will generally yield less accurate analysis results, and should only be used in cases where it is not possible to build the code (for example if it uses inaccessible dependencies).\n",
                                  "type" : "string",
                                  "pattern" : "^(false|true)$"
                                },
                                "logging" : {
                                  "title" : "Options pertaining to logging.",
                                  "description" : "Options pertaining to logging.",
                                  "type" : "object",
                                  "properties" : {
                                    "verbosity" : {
                                      "title" : "Extractor logging verbosity level.",
                                      "description" : "Controls the level of verbosity of the extractor. The supported levels are (in order of increasing verbosity):\n  - off\n  - errors\n  - warnings\n  - info or progress\n  - debug or progress+\n  - trace or progress++\n  - progress+++\n",
                                      "type" : "string",
                                      "pattern" : "^(off|errors|warnings|(info|progress)|(debug|progress\\+)|(trace|progress\\+\\+)|progress\\+\\+\\+)$"
                                    }
                                  }
                                },
                                "binlog" : {
                                  "title" : "Binlog",
                                  "description" : "[EXPERIMENTAL] The value is a path to the MsBuild binary log file that should be extracted. This option only works when `--build-mode none` is also specified.\n",
                                  "type" : "array"
                                },
                                "buildless_dependency_dir" : {
                                  "title" : "The path where buildless (standalone) extraction should keep dependencies.",
                                  "description" : "If set, the buildless (standalone) extractor will store dependencies in this directory.\n",
                                  "type" : "string"
                                }
                              }
                            }
                          ],
                          "actions" : [
                            {
                              "extractor_root" : "/home/samith_g/codeql/actions",
                              "extractor_options" : { }
                            }
                          ],
                          "rust" : [
                            {
                              "extractor_root" : "/home/samith_g/codeql/rust",
                              "extractor_options" : {
                                "trap" : {
                                  "title" : "Options pertaining to TRAP.",
                                  "description" : "Options pertaining to TRAP.",
                                  "type" : "object",
                                  "properties" : {
                                    "compression" : {
                                      "title" : "Controls compression for the TRAP files written by the extractor.",
                                      "description" : "This option is only intended for use in debugging the extractor. Accepted values are 'gzip' (to write gzip-compressed TRAP) 'zstd' (to write Zstandard-compressed TRAP) and 'none' (the default, to write uncompressed TRAP).\n",
                                      "type" : "string",
                                      "pattern" : "^(none|gzip|zstd)$"
                                    }
                                  }
                                },
                                "cargo_target_dir" : {
                                  "title" : "Directory to use for cargo output files.",
                                  "description" : "This value is an optional path to use as `CARGO_TARGET_DIR` for the internal cargo commands the extractor uses. Pointing it to a persistent directory may reduce execution time of consecutive extractor runs. By default, a new scratch directory is used for each run.\n",
                                  "type" : "string"
                                },
                                "cargo_target" : {
                                  "title" : "Target architecture",
                                  "description" : "Target architecture to use for analysis, analogous to `cargo --target`. By default the host architecture is used.\n",
                                  "type" : "string"
                                },
                                "cargo_features" : {
                                  "title" : "Cargo features to turn on",
                                  "description" : "Comma-separated list of features to turn on. By default all features are enabled. If any features are specified, then only those features are enabled. The `default` feature must be explicitly specified if only default features are desired. Can be repeated.\n",
                                  "type" : "array"
                                },
                                "cargo_cfg_overrides" : {
                                  "title" : "Cargo cfg overrides",
                                  "description" : "Comma-separated list of cfg settings to enable, or disable if prefixed with `-`. Can be repeated.\n",
                                  "type" : "array"
                                },
                                "logging" : {
                                  "title" : "Options pertaining to logging.",
                                  "description" : "Options pertaining to logging.",
                                  "type" : "object",
                                  "properties" : {
                                    "verbosity" : {
                                      "title" : "Extractor logging verbosity level.",
                                      "description" : "Controls the level of verbosity of the extractor. The supported levels are (in order of increasing verbosity):\n  - off\n  - errors\n  - warnings\n  - info or progress\n  - debug or progress+\n  - trace or progress++\n  - progress+++\n",
                                      "type" : "string",
                                      "pattern" : "^(off|errors|warnings|(info|progress)|(debug|progress\\+)|(trace|progress\\+\\+)|progress\\+\\+\\+)$"
                                    },
                                    "flamegraph" : {
                                      "title" : "[Experimental] File path for write flame graph log",
                                      "description" : "Collect flame graph data using the `tracing-flame` crate. To render a flame graph or chart, run the `inferno-flamegraph` command. See also: https://crates.io/crates/tracing-flame\n",
                                      "type" : "string"
                                    }
                                  }
                                },
                                "extract_dependencies_as_source" : {
                                  "title" : "Extract dependencies as source code",
                                  "description" : "Extract the full source code of dependencies instead of only extracting signatures.\n",
                                  "type" : "string",
                                  "pattern" : "^(false|true)$"
                                }
                              }
                            }
                          ],
                          "java" : [
                            {
                              "extractor_root" : "/home/samith_g/codeql/java",
                              "extractor_options" : {
                                "exclude" : {
                                  "title" : "A glob excluding files from analysis.",
                                  "description" : "A glob indicating what files to exclude from the analysis. This accepts glob patterns that are supported by Java's 'getPathMatcher' implementation.\n",
                                  "type" : "string"
                                },
                                "add_prefer_source" : {
                                  "title" : "Whether to always prefer source files over class files.",
                                  "description" : "A value indicating whether source files should be preferred over class files. If set to 'true', the extraction adds '-Xprefer:source' to the javac command line. If set to 'false', the extraction uses the default javac behavior ('-Xprefer:newer'). The default is 'true'.\n",
                                  "type" : "string",
                                  "pattern" : "^(false|true)$"
                                },
                                "buildless" : {
                                  "title" : "Whether to use buildless (standalone) extraction (experimental).",
                                  "description" : "A value indicating, which type of extraction the autobuilder should perform. If 'true', then the standalone extractor will be used, otherwise tracing extraction will be performed. The default is 'false'. Note that buildless extraction will generally yield less accurate analysis results, and should only be used in cases where it is not possible to build the code (for example if it uses inaccessible dependencies).\n",
                                  "type" : "string",
                                  "pattern" : "^(false|true)$"
                                },
                                "buildless_dependency_dir" : {
                                  "title" : "The path where buildless (standalone) extraction should keep dependencies.",
                                  "description" : "If set, the buildless (standalone) extractor will store dependencies in this directory.\n",
                                  "type" : "string"
                                },
                                "minimize_dependency_jars" : {
                                  "title" : "Whether to rewrite and minimize downloaded JAR dependencies (experimental).",
                                  "description" : "If 'true', JAR dependencies downloaded during extraction will be rewritten to remove unneeded data, such as method bodies. The default is 'false'.\n",
                                  "type" : "string",
                                  "pattern" : "^(false|true)$"
                                }
                              }
                            }
                          ],
                          "xml" : [
                            {
                              "extractor_root" : "/home/samith_g/codeql/xml"
                            }
                          ],
                          "yaml" : [
                            {
                              "extractor_root" : "/home/samith_g/codeql/yaml"
                            }
                          ]
                        }
                      }
[2026-08-05 04:32:50] [PROGRESS] database init> Calculating baseline information in /home/samith_g/memcached-docs/memcached
[2026-08-05 04:32:50] [SPAMMY] database init> Ignoring the following directories when processing baseline information: .git, .hg, .svn.
[2026-08-05 04:32:50] [DETAILS] database init> Running command in /home/samith_g/memcached-docs/memcached: /home/samith_g/codeql/tools/linux64/scc --by-file --exclude-dir .git,.hg,.svn --format json --no-large --no-min .
[2026-08-05 04:32:50] Using configure-baseline script /home/samith_g/codeql/actions/tools/configure-baseline.sh.
[2026-08-05 04:32:50] [PROGRESS] database init> Running command in /home/samith_g/memcached-docs/memcached: [/home/samith_g/codeql/actions/tools/configure-baseline.sh]
[2026-08-05 04:32:50] [SPAMMY] database init> Ignored an additional 2 files when processing baseline information for YAML due to paths and paths-ignore configuration.
[2026-08-05 04:32:50] [SPAMMY] database init> Found 96 baseline files for cpp.
[2026-08-05 04:32:50] [SPAMMY] database init> Found 3 baseline files for python.
[2026-08-05 04:32:50] [SPAMMY] database init> Found 1 baseline files for actions.
[2026-08-05 04:32:50] [PROGRESS] database init> Calculated baseline information for languages: actions, cpp, python (293ms).
[2026-08-05 04:32:51] [SPAMMY] database init> Selected JGit Git client for /home/samith_g/memcached-docs/memcached because the repository uses SHA-1 object format.
[2026-08-05 04:32:51] [PROGRESS] database init> Resolving extractor cpp.
[2026-08-05 04:32:51] [DETAILS] database init> Found candidate extractor root for cpp: /home/samith_g/codeql/cpp.
[2026-08-05 04:32:51] [PROGRESS] database init> Successfully loaded extractor C/C++ (cpp) from /home/samith_g/codeql/cpp.
[2026-08-05 04:32:51] [PROGRESS] database init> Created skeleton CodeQL database at /home/samith_g/memcached-docs/.codeql/memcached-codeql-db. This in-progress database is ready to be populated by an extractor.
[2026-08-05 04:32:51] Plumbing command codeql database init completed.
[2026-08-05 04:32:51] [PROGRESS] database create> Running build command: [make, -j4]
[2026-08-05 04:32:51] Running plumbing command: codeql database trace-command --working-dir=/home/samith_g/memcached-docs/memcached --index-traceless-dbs --no-db-cluster -- /home/samith_g/memcached-docs/.codeql/memcached-codeql-db make -j4
[2026-08-05 04:32:51] [PROGRESS] database trace-command> Running command in /home/samith_g/memcached-docs/memcached: [make, -j4]
[2026-08-05 04:32:51] [build-stdout] /usr/bin/make  all-recursive
[2026-08-05 04:32:51] [build-stdout] make[1]: Entering directory '/home/samith_g/memcached-docs/memcached'
[2026-08-05 04:32:51] [build-stdout] Making all in doc
[2026-08-05 04:32:51] [build-stdout] make[2]: Entering directory '/home/samith_g/memcached-docs/memcached/doc'
[2026-08-05 04:32:51] [build-stdout] /usr/bin/make  all-am
[2026-08-05 04:32:51] [build-stdout] make[3]: Entering directory '/home/samith_g/memcached-docs/memcached/doc'
[2026-08-05 04:32:51] [build-stdout] make[3]: Nothing to be done for 'all-am'.
[2026-08-05 04:32:51] [build-stdout] make[3]: Leaving directory '/home/samith_g/memcached-docs/memcached/doc'
[2026-08-05 04:32:51] [build-stdout] make[2]: Leaving directory '/home/samith_g/memcached-docs/memcached/doc'
[2026-08-05 04:32:51] [build-stdout] Making all in vendor
[2026-08-05 04:32:51] [build-stdout] make[2]: Entering directory '/home/samith_g/memcached-docs/memcached/vendor'
[2026-08-05 04:32:51] [build-stdout] cd lua && /usr/bin/make all MYCFLAGS="-g" && cd ..
[2026-08-05 04:32:51] [build-stdout] make[3]: Entering directory '/home/samith_g/memcached-docs/memcached/vendor/lua'
[2026-08-05 04:32:51] [build-stdout] make[4]: Entering directory '/home/samith_g/memcached-docs/memcached/vendor/lua/src'
[2026-08-05 04:32:51] [build-stdout] Guessing Linux
[2026-08-05 04:32:51] [build-stdout] make[5]: Entering directory '/home/samith_g/memcached-docs/memcached/vendor/lua/src'
[2026-08-05 04:32:51] [build-stdout] /usr/bin/make all SYSCFLAGS="-DLUA_USE_LINUX" SYSLIBS="-Wl,-E -ldl"
[2026-08-05 04:32:51] [build-stdout] make[6]: Entering directory '/home/samith_g/memcached-docs/memcached/vendor/lua/src'
[2026-08-05 04:32:51] [build-stdout] gcc -std=gnu99 -O2 -Wall -Wextra -DLUA_COMPAT_5_3 -DLUA_USE_LINUX -g   -c -o lapi.o lapi.c
[2026-08-05 04:32:51] [build-stdout] gcc -std=gnu99 -O2 -Wall -Wextra -DLUA_COMPAT_5_3 -DLUA_USE_LINUX -g  -c lcode.c
[2026-08-05 04:32:51] [build-stdout] gcc -std=gnu99 -O2 -Wall -Wextra -DLUA_COMPAT_5_3 -DLUA_USE_LINUX -g   -c -o lctype.o lctype.c
[2026-08-05 04:32:51] [build-stdout] gcc -std=gnu99 -O2 -Wall -Wextra -DLUA_COMPAT_5_3 -DLUA_USE_LINUX -g   -c -o ldebug.o ldebug.c
[2026-08-05 04:32:52] [build-stdout] gcc -std=gnu99 -O2 -Wall -Wextra -DLUA_COMPAT_5_3 -DLUA_USE_LINUX -g   -c -o ldo.o ldo.c
[2026-08-05 04:32:52] [build-stdout] gcc -std=gnu99 -O2 -Wall -Wextra -DLUA_COMPAT_5_3 -DLUA_USE_LINUX -g   -c -o ldump.o ldump.c
[2026-08-05 04:32:53] [build-stdout] gcc -std=gnu99 -O2 -Wall -Wextra -DLUA_COMPAT_5_3 -DLUA_USE_LINUX -g   -c -o lfunc.o lfunc.c
[2026-08-05 04:32:53] [build-stdout] gcc -std=gnu99 -O2 -Wall -Wextra -DLUA_COMPAT_5_3 -DLUA_USE_LINUX -g   -c -o lgc.o lgc.c
[2026-08-05 04:32:53] [build-stdout] gcc -std=gnu99 -O2 -Wall -Wextra -DLUA_COMPAT_5_3 -DLUA_USE_LINUX -g  -c llex.c
[2026-08-05 04:32:53] [build-stdout] gcc -std=gnu99 -O2 -Wall -Wextra -DLUA_COMPAT_5_3 -DLUA_USE_LINUX -g   -c -o lmem.o lmem.c
[2026-08-05 04:32:53] [build-stdout] gcc -std=gnu99 -O2 -Wall -Wextra -DLUA_COMPAT_5_3 -DLUA_USE_LINUX -g   -c -o lobject.o lobject.c
[2026-08-05 04:32:53] [build-stdout] gcc -std=gnu99 -O2 -Wall -Wextra -DLUA_COMPAT_5_3 -DLUA_USE_LINUX -g   -c -o lopcodes.o lopcodes.c
[2026-08-05 04:32:53] [build-stdout] gcc -std=gnu99 -O2 -Wall -Wextra -DLUA_COMPAT_5_3 -DLUA_USE_LINUX -g  -c lparser.c
[2026-08-05 04:32:53] [build-stdout] gcc -std=gnu99 -O2 -Wall -Wextra -DLUA_COMPAT_5_3 -DLUA_USE_LINUX -g   -c -o lstate.o lstate.c
[2026-08-05 04:32:54] [build-stdout] gcc -std=gnu99 -O2 -Wall -Wextra -DLUA_COMPAT_5_3 -DLUA_USE_LINUX -g   -c -o lstring.o lstring.c
[2026-08-05 04:32:54] [build-stdout] gcc -std=gnu99 -O2 -Wall -Wextra -DLUA_COMPAT_5_3 -DLUA_USE_LINUX -g   -c -o ltable.o ltable.c
[2026-08-05 04:32:54] [build-stdout] gcc -std=gnu99 -O2 -Wall -Wextra -DLUA_COMPAT_5_3 -DLUA_USE_LINUX -g   -c -o ltm.o ltm.c
[2026-08-05 04:32:54] [build-stdout] gcc -std=gnu99 -O2 -Wall -Wextra -DLUA_COMPAT_5_3 -DLUA_USE_LINUX -g   -c -o lundump.o lundump.c
[2026-08-05 04:32:54] [build-stdout] gcc -std=gnu99 -O2 -Wall -Wextra -DLUA_COMPAT_5_3 -DLUA_USE_LINUX -g   -c -o lvm.o lvm.c
[2026-08-05 04:32:54] [build-stdout] gcc -std=gnu99 -O2 -Wall -Wextra -DLUA_COMPAT_5_3 -DLUA_USE_LINUX -g   -c -o lzio.o lzio.c
[2026-08-05 04:32:54] [build-stdout] gcc -std=gnu99 -O2 -Wall -Wextra -DLUA_COMPAT_5_3 -DLUA_USE_LINUX -g   -c -o lauxlib.o lauxlib.c
[2026-08-05 04:32:54] [build-stdout] gcc -std=gnu99 -O2 -Wall -Wextra -DLUA_COMPAT_5_3 -DLUA_USE_LINUX -g   -c -o lbaselib.o lbaselib.c
[2026-08-05 04:32:55] [build-stdout] gcc -std=gnu99 -O2 -Wall -Wextra -DLUA_COMPAT_5_3 -DLUA_USE_LINUX -g   -c -o lcorolib.o lcorolib.c
[2026-08-05 04:32:55] [build-stdout] gcc -std=gnu99 -O2 -Wall -Wextra -DLUA_COMPAT_5_3 -DLUA_USE_LINUX -g   -c -o ldblib.o ldblib.c
[2026-08-05 04:32:55] [build-stdout] gcc -std=gnu99 -O2 -Wall -Wextra -DLUA_COMPAT_5_3 -DLUA_USE_LINUX -g   -c -o liolib.o liolib.c
[2026-08-05 04:32:55] [build-stdout] gcc -std=gnu99 -O2 -Wall -Wextra -DLUA_COMPAT_5_3 -DLUA_USE_LINUX -g   -c -o lmathlib.o lmathlib.c
[2026-08-05 04:32:55] [build-stdout] gcc -std=gnu99 -O2 -Wall -Wextra -DLUA_COMPAT_5_3 -DLUA_USE_LINUX -g   -c -o loadlib.o loadlib.c
[2026-08-05 04:32:55] [build-stdout] gcc -std=gnu99 -O2 -Wall -Wextra -DLUA_COMPAT_5_3 -DLUA_USE_LINUX -g   -c -o loslib.o loslib.c
[2026-08-05 04:32:56] [build-stdout] gcc -std=gnu99 -O2 -Wall -Wextra -DLUA_COMPAT_5_3 -DLUA_USE_LINUX -g   -c -o lstrlib.o lstrlib.c
[2026-08-05 04:32:56] [build-stdout] gcc -std=gnu99 -O2 -Wall -Wextra -DLUA_COMPAT_5_3 -DLUA_USE_LINUX -g   -c -o ltablib.o ltablib.c
[2026-08-05 04:32:56] [build-stdout] gcc -std=gnu99 -O2 -Wall -Wextra -DLUA_COMPAT_5_3 -DLUA_USE_LINUX -g   -c -o lutf8lib.o lutf8lib.c
[2026-08-05 04:32:56] [build-stdout] gcc -std=gnu99 -O2 -Wall -Wextra -DLUA_COMPAT_5_3 -DLUA_USE_LINUX -g   -c -o linit.o linit.c
[2026-08-05 04:32:56] [build-stdout] gcc -std=gnu99 -O2 -Wall -Wextra -DLUA_COMPAT_5_3 -DLUA_USE_LINUX -g   -c -o lua.o lua.c
[2026-08-05 04:32:56] [build-stdout] gcc -std=gnu99 -O2 -Wall -Wextra -DLUA_COMPAT_5_3 -DLUA_USE_LINUX -g   -c -o luac.o luac.c
[2026-08-05 04:32:57] [build-stdout] ar rcu liblua.a lapi.o lcode.o lctype.o ldebug.o ldo.o ldump.o lfunc.o lgc.o llex.o lmem.o lobject.o lopcodes.o lparser.o lstate.o lstring.o ltable.o ltm.o lundump.o lvm.o lzio.o lauxlib.o lbaselib.o lcorolib.o ldblib.o liolib.o lmathlib.o loadlib.o loslib.o lstrlib.o ltablib.o lutf8lib.o linit.o 
[2026-08-05 04:32:57] [build-stderr] ar: `u' modifier ignored since `D' is the default (see `U')
[2026-08-05 04:32:57] [build-stdout] ranlib liblua.a
[2026-08-05 04:32:57] [build-stdout] gcc -std=gnu99 -o lua   lua.o liblua.a -lm -Wl,-E -ldl 
[2026-08-05 04:32:57] [build-stdout] gcc -std=gnu99 -o luac   luac.o liblua.a -lm -Wl,-E -ldl 
[2026-08-05 04:32:57] [build-stdout] make[6]: Leaving directory '/home/samith_g/memcached-docs/memcached/vendor/lua/src'
[2026-08-05 04:32:57] [build-stdout] make[5]: Leaving directory '/home/samith_g/memcached-docs/memcached/vendor/lua/src'
[2026-08-05 04:32:57] [build-stdout] make[4]: Leaving directory '/home/samith_g/memcached-docs/memcached/vendor/lua/src'
[2026-08-05 04:32:57] [build-stdout] make[3]: Leaving directory '/home/samith_g/memcached-docs/memcached/vendor/lua'
[2026-08-05 04:32:57] [build-stdout] make[2]: Leaving directory '/home/samith_g/memcached-docs/memcached/vendor'
[2026-08-05 04:32:57] [build-stdout] make[2]: Entering directory '/home/samith_g/memcached-docs/memcached'
[2026-08-05 04:32:57] [build-stdout] gcc -DHAVE_CONFIG_H -I.  -DNDEBUG -I/home/samith_g/memcached-docs/.deps/libevent/include -Ivendor/lua/src -Ivendor/liburing/src/include   -g -O2 -pthread -pthread  -Wall -pedantic -Wmissing-prototypes -Wmissing-declarations -Wredundant-decls -MT memcached-murmur3_hash.o -MD -MP -MF .deps/memcached-murmur3_hash.Tpo -c -o memcached-murmur3_hash.o `test -f 'murmur3_hash.c' || echo './'`murmur3_hash.c
[2026-08-05 04:32:57] [build-stdout] gcc -DHAVE_CONFIG_H -I.  -DNDEBUG -I/home/samith_g/memcached-docs/.deps/libevent/include -Ivendor/lua/src -Ivendor/liburing/src/include   -g -O2 -pthread -pthread  -Wall -pedantic -Wmissing-prototypes -Wmissing-declarations -Wredundant-decls -MT memcached-cache.o -MD -MP -MF .deps/memcached-cache.Tpo -c -o memcached-cache.o `test -f 'cache.c' || echo './'`cache.c
[2026-08-05 04:32:57] [build-stdout] gcc -DHAVE_CONFIG_H -I.  -DNDEBUG -I/home/samith_g/memcached-docs/.deps/libevent/include -Ivendor/lua/src -Ivendor/liburing/src/include   -g -O2 -pthread -pthread  -Wall -pedantic -Wmissing-prototypes -Wmissing-declarations -Wredundant-decls -MT memcached-bipbuffer.o -MD -MP -MF .deps/memcached-bipbuffer.Tpo -c -o memcached-bipbuffer.o `test -f 'bipbuffer.c' || echo './'`bipbuffer.c
[2026-08-05 04:32:57] [build-stdout] gcc -DHAVE_CONFIG_H -I.  -DNDEBUG -I/home/samith_g/memcached-docs/.deps/libevent/include -Ivendor/lua/src -Ivendor/liburing/src/include   -g -O2 -pthread -pthread  -Wall -pedantic -Wmissing-prototypes -Wmissing-declarations -Wredundant-decls -MT memcached-base64.o -MD -MP -MF .deps/memcached-base64.Tpo -c -o memcached-base64.o `test -f 'base64.c' || echo './'`base64.c
[2026-08-05 04:32:58] [build-stdout] mv -f .deps/memcached-murmur3_hash.Tpo .deps/memcached-murmur3_hash.Po
[2026-08-05 04:32:58] [build-stdout] mv -f .deps/memcached-base64.Tpo .deps/memcached-base64.Po
[2026-08-05 04:32:58] [build-stdout] gcc -DHAVE_CONFIG_H -I.  -DNDEBUG -I/home/samith_g/memcached-docs/.deps/libevent/include -Ivendor/lua/src -Ivendor/liburing/src/include   -g -O2 -pthread -pthread  -Wall -pedantic -Wmissing-prototypes -Wmissing-declarations -Wredundant-decls -MT memcached-logger.o -MD -MP -MF .deps/memcached-logger.Tpo -c -o memcached-logger.o `test -f 'logger.c' || echo './'`logger.c
[2026-08-05 04:32:58] [build-stdout] gcc -DHAVE_CONFIG_H -I.  -DNDEBUG -I/home/samith_g/memcached-docs/.deps/libevent/include -Ivendor/lua/src -Ivendor/liburing/src/include   -g -O2 -pthread -pthread  -Wall -pedantic -Wmissing-prototypes -Wmissing-declarations -Wredundant-decls -MT memcached-crawler.o -MD -MP -MF .deps/memcached-crawler.Tpo -c -o memcached-crawler.o `test -f 'crawler.c' || echo './'`crawler.c
[2026-08-05 04:32:58] [build-stdout] mv -f .deps/memcached-bipbuffer.Tpo .deps/memcached-bipbuffer.Po
[2026-08-05 04:32:58] [build-stdout] gcc -DHAVE_CONFIG_H -I.  -DNDEBUG -I/home/samith_g/memcached-docs/.deps/libevent/include -Ivendor/lua/src -Ivendor/liburing/src/include   -g -O2 -pthread -pthread  -Wall -pedantic -Wmissing-prototypes -Wmissing-declarations -Wredundant-decls -MT memcached-itoa_ljust.o -MD -MP -MF .deps/memcached-itoa_ljust.Tpo -c -o memcached-itoa_ljust.o `test -f 'itoa_ljust.c' || echo './'`itoa_ljust.c
[2026-08-05 04:32:58] [build-stdout] mv -f .deps/memcached-cache.Tpo .deps/memcached-cache.Po
[2026-08-05 04:32:58] [build-stdout] gcc -DHAVE_CONFIG_H -I.  -DNDEBUG -I/home/samith_g/memcached-docs/.deps/libevent/include -Ivendor/lua/src -Ivendor/liburing/src/include   -g -O2 -pthread -pthread  -Wall -pedantic -Wmissing-prototypes -Wmissing-declarations -Wredundant-decls -MT memcached-slab_automove.o -MD -MP -MF .deps/memcached-slab_automove.Tpo -c -o memcached-slab_automove.o `test -f 'slab_automove.c' || echo './'`slab_automove.c
[2026-08-05 04:32:58] [build-stdout] mv -f .deps/memcached-itoa_ljust.Tpo .deps/memcached-itoa_ljust.Po
[2026-08-05 04:32:58] [build-stdout] gcc -DHAVE_CONFIG_H -I.  -DNDEBUG -I/home/samith_g/memcached-docs/.deps/libevent/include -Ivendor/lua/src -Ivendor/liburing/src/include   -g -O2 -pthread -pthread  -Wall -pedantic -Wmissing-prototypes -Wmissing-declarations -Wredundant-decls -MT memcached-slabs_mover.o -MD -MP -MF .deps/memcached-slabs_mover.Tpo -c -o memcached-slabs_mover.o `test -f 'slabs_mover.c' || echo './'`slabs_mover.c
[2026-08-05 04:32:58] [build-stdout] mv -f .deps/memcached-slab_automove.Tpo .deps/memcached-slab_automove.Po
[2026-08-05 04:32:58] [build-stdout] gcc -DHAVE_CONFIG_H -I.  -DNDEBUG -I/home/samith_g/memcached-docs/.deps/libevent/include -Ivendor/lua/src -Ivendor/liburing/src/include   -g -O2 -pthread -pthread  -Wall -pedantic -Wmissing-prototypes -Wmissing-declarations -Wredundant-decls -MT memcached-authfile.o -MD -MP -MF .deps/memcached-authfile.Tpo -c -o memcached-authfile.o `test -f 'authfile.c' || echo './'`authfile.c
[2026-08-05 04:32:58] [build-stdout] mv -f .deps/memcached-crawler.Tpo .deps/memcached-crawler.Po
[2026-08-05 04:32:58] [build-stdout] gcc -DHAVE_CONFIG_H -I.  -DNDEBUG -I/home/samith_g/memcached-docs/.deps/libevent/include -Ivendor/lua/src -Ivendor/liburing/src/include   -g -O2 -pthread -pthread  -Wall -pedantic -Wmissing-prototypes -Wmissing-declarations -Wredundant-decls -MT memcached-restart.o -MD -MP -MF .deps/memcached-restart.Tpo -c -o memcached-restart.o `test -f 'restart.c' || echo './'`restart.c
[2026-08-05 04:32:58] [build-stdout] mv -f .deps/memcached-logger.Tpo .deps/memcached-logger.Po
[2026-08-05 04:32:58] [build-stdout] gcc -DHAVE_CONFIG_H -I.  -DNDEBUG -I/home/samith_g/memcached-docs/.deps/libevent/include -Ivendor/lua/src -Ivendor/liburing/src/include   -g -O2 -pthread -pthread  -Wall -pedantic -Wmissing-prototypes -Wmissing-declarations -Wredundant-decls -MT memcached-proto_text.o -MD -MP -MF .deps/memcached-proto_text.Tpo -c -o memcached-proto_text.o `test -f 'proto_text.c' || echo './'`proto_text.c
[2026-08-05 04:32:59] [build-stdout] mv -f .deps/memcached-slabs_mover.Tpo .deps/memcached-slabs_mover.Po
[2026-08-05 04:32:59] [build-stdout] gcc -DHAVE_CONFIG_H -I.  -DNDEBUG -I/home/samith_g/memcached-docs/.deps/libevent/include -Ivendor/lua/src -Ivendor/liburing/src/include   -g -O2 -pthread -pthread  -Wall -pedantic -Wmissing-prototypes -Wmissing-declarations -Wredundant-decls -MT memcached-proto_bin.o -MD -MP -MF .deps/memcached-proto_bin.Tpo -c -o memcached-proto_bin.o `test -f 'proto_bin.c' || echo './'`proto_bin.c
[2026-08-05 04:32:59] [build-stdout] mv -f .deps/memcached-authfile.Tpo .deps/memcached-authfile.Po
[2026-08-05 04:32:59] [build-stdout] gcc -DHAVE_CONFIG_H -I.  -DNDEBUG -I/home/samith_g/memcached-docs/.deps/libevent/include -Ivendor/lua/src -Ivendor/liburing/src/include   -g -O2 -pthread -pthread  -Wall -pedantic -Wmissing-prototypes -Wmissing-declarations -Wredundant-decls -MT memcached-proto_parser.o -MD -MP -MF .deps/memcached-proto_parser.Tpo -c -o memcached-proto_parser.o `test -f 'proto_parser.c' || echo './'`proto_parser.c
[2026-08-05 04:32:59] [build-stdout] mv -f .deps/memcached-restart.Tpo .deps/memcached-restart.Po
[2026-08-05 04:32:59] [build-stdout] gcc -DHAVE_CONFIG_H -I.  -DNDEBUG -I/home/samith_g/memcached-docs/.deps/libevent/include -Ivendor/lua/src -Ivendor/liburing/src/include   -g -O2 -pthread -pthread  -Wall -pedantic -Wmissing-prototypes -Wmissing-declarations -Wredundant-decls -MT memcached-mcmc.o -MD -MP -MF .deps/memcached-mcmc.Tpo -c -o memcached-mcmc.o `test -f 'vendor/mcmc/mcmc.c' || echo './'`vendor/mcmc/mcmc.c
[2026-08-05 04:32:59] [build-stderr] vendor/mcmc/mcmc.c: In function ‘mcmc_parse_buf’:
[2026-08-05 04:32:59] [build-stderr] vendor/mcmc/mcmc.c:767:8: warning: assignment discards ‘const’ qualifier from pointer target type [-Wdiscarded-qualifiers]
[2026-08-05 04:32:59] [build-stderr]   767 |     el = memchr(buf, '\n', read);
[2026-08-05 04:32:59] [build-stderr]       |        ^
[2026-08-05 04:32:59] [build-stdout] mv -f .deps/memcached-proto_text.Tpo .deps/memcached-proto_text.Po
[2026-08-05 04:32:59] [build-stdout] gcc -DHAVE_CONFIG_H -I.  -DNDEBUG -I/home/samith_g/memcached-docs/.deps/libevent/include -Ivendor/lua/src -Ivendor/liburing/src/include   -g -O2 -pthread -pthread  -Wall -pedantic -Wmissing-prototypes -Wmissing-declarations -Wredundant-decls -MT memcached-proto_proxy.o -MD -MP -MF .deps/memcached-proto_proxy.Tpo -c -o memcached-proto_proxy.o `test -f 'proto_proxy.c' || echo './'`proto_proxy.c
[2026-08-05 04:33:00] [build-stdout] mv -f .deps/memcached-proto_bin.Tpo .deps/memcached-proto_bin.Po
[2026-08-05 04:33:00] [build-stdout] gcc -DHAVE_CONFIG_H -I.  -DNDEBUG -I/home/samith_g/memcached-docs/.deps/libevent/include -Ivendor/lua/src -Ivendor/liburing/src/include   -g -O2 -pthread -pthread  -Wall -pedantic -Wmissing-prototypes -Wmissing-declarations -Wredundant-decls -MT memcached-proxy_xxhash.o -MD -MP -MF .deps/memcached-proxy_xxhash.Tpo -c -o memcached-proxy_xxhash.o `test -f 'proxy_xxhash.c' || echo './'`proxy_xxhash.c
[2026-08-05 04:33:00] [build-stdout] mv -f .deps/memcached-mcmc.Tpo .deps/memcached-mcmc.Po
[2026-08-05 04:33:00] [build-stdout] gcc -DHAVE_CONFIG_H -I.  -DNDEBUG -I/home/samith_g/memcached-docs/.deps/libevent/include -Ivendor/lua/src -Ivendor/liburing/src/include   -g -O2 -pthread -pthread  -Wall -pedantic -Wmissing-prototypes -Wmissing-declarations -Wredundant-decls -MT memcached-proxy_ustats.o -MD -MP -MF .deps/memcached-proxy_ustats.Tpo -c -o memcached-proxy_ustats.o `test -f 'proxy_ustats.c' || echo './'`proxy_ustats.c
[2026-08-05 04:33:00] [build-stdout] mv -f .deps/memcached-proto_parser.Tpo .deps/memcached-proto_parser.Po
[2026-08-05 04:33:00] [build-stdout] gcc -DHAVE_CONFIG_H -I.  -DNDEBUG -I/home/samith_g/memcached-docs/.deps/libevent/include -Ivendor/lua/src -Ivendor/liburing/src/include   -g -O2 -pthread -pthread  -Wall -pedantic -Wmissing-prototypes -Wmissing-declarations -Wredundant-decls -MT memcached-proxy_ratelim.o -MD -MP -MF .deps/memcached-proxy_ratelim.Tpo -c -o memcached-proxy_ratelim.o `test -f 'proxy_ratelim.c' || echo './'`proxy_ratelim.c
[2026-08-05 04:33:00] [build-stdout] mv -f .deps/memcached-proxy_ustats.Tpo .deps/memcached-proxy_ustats.Po
[2026-08-05 04:33:00] [build-stdout] gcc -DHAVE_CONFIG_H -I.  -DNDEBUG -I/home/samith_g/memcached-docs/.deps/libevent/include -Ivendor/lua/src -Ivendor/liburing/src/include   -g -O2 -pthread -pthread  -Wall -pedantic -Wmissing-prototypes -Wmissing-declarations -Wredundant-decls -MT memcached-proxy_jump_hash.o -MD -MP -MF .deps/memcached-proxy_jump_hash.Tpo -c -o memcached-proxy_jump_hash.o `test -f 'proxy_jump_hash.c' || echo './'`proxy_jump_hash.c
[2026-08-05 04:33:00] [build-stdout] mv -f .deps/memcached-proxy_xxhash.Tpo .deps/memcached-proxy_xxhash.Po
[2026-08-05 04:33:00] [build-stdout] gcc -DHAVE_CONFIG_H -I.  -DNDEBUG -I/home/samith_g/memcached-docs/.deps/libevent/include -Ivendor/lua/src -Ivendor/liburing/src/include   -g -O2 -pthread -pthread  -Wall -pedantic -Wmissing-prototypes -Wmissing-declarations -Wredundant-decls -MT memcached-proxy_request.o -MD -MP -MF .deps/memcached-proxy_request.Tpo -c -o memcached-proxy_request.o `test -f 'proxy_request.c' || echo './'`proxy_request.c
[2026-08-05 04:33:01] [build-stdout] mv -f .deps/memcached-proto_proxy.Tpo .deps/memcached-proto_proxy.Po
[2026-08-05 04:33:01] [build-stdout] gcc -DHAVE_CONFIG_H -I.  -DNDEBUG -I/home/samith_g/memcached-docs/.deps/libevent/include -Ivendor/lua/src -Ivendor/liburing/src/include   -g -O2 -pthread -pthread  -Wall -pedantic -Wmissing-prototypes -Wmissing-declarations -Wredundant-decls -MT memcached-proxy_result.o -MD -MP -MF .deps/memcached-proxy_result.Tpo -c -o memcached-proxy_result.o `test -f 'proxy_result.c' || echo './'`proxy_result.c
[2026-08-05 04:33:01] [build-stdout] mv -f .deps/memcached-proxy_ratelim.Tpo .deps/memcached-proxy_ratelim.Po
[2026-08-05 04:33:01] [build-stdout] gcc -DHAVE_CONFIG_H -I.  -DNDEBUG -I/home/samith_g/memcached-docs/.deps/libevent/include -Ivendor/lua/src -Ivendor/liburing/src/include   -g -O2 -pthread -pthread  -Wall -pedantic -Wmissing-prototypes -Wmissing-declarations -Wredundant-decls -MT memcached-proxy_inspector.o -MD -MP -MF .deps/memcached-proxy_inspector.Tpo -c -o memcached-proxy_inspector.o `test -f 'proxy_inspector.c' || echo './'`proxy_inspector.c
[2026-08-05 04:33:01] [build-stdout] mv -f .deps/memcached-proxy_jump_hash.Tpo .deps/memcached-proxy_jump_hash.Po
[2026-08-05 04:33:01] [build-stdout] gcc -DHAVE_CONFIG_H -I.  -DNDEBUG -I/home/samith_g/memcached-docs/.deps/libevent/include -Ivendor/lua/src -Ivendor/liburing/src/include   -g -O2 -pthread -pthread  -Wall -pedantic -Wmissing-prototypes -Wmissing-declarations -Wredundant-decls -MT memcached-proxy_mutator.o -MD -MP -MF .deps/memcached-proxy_mutator.Tpo -c -o memcached-proxy_mutator.o `test -f 'proxy_mutator.c' || echo './'`proxy_mutator.c
[2026-08-05 04:33:01] [build-stdout] mv -f .deps/memcached-proxy_result.Tpo .deps/memcached-proxy_result.Po
[2026-08-05 04:33:01] [build-stdout] gcc -DHAVE_CONFIG_H -I.  -DNDEBUG -I/home/samith_g/memcached-docs/.deps/libevent/include -Ivendor/lua/src -Ivendor/liburing/src/include   -g -O2 -pthread -pthread  -Wall -pedantic -Wmissing-prototypes -Wmissing-declarations -Wredundant-decls -MT memcached-proxy_network.o -MD -MP -MF .deps/memcached-proxy_network.Tpo -c -o memcached-proxy_network.o `test -f 'proxy_network.c' || echo './'`proxy_network.c
[2026-08-05 04:33:01] [build-stdout] mv -f .deps/memcached-proxy_request.Tpo .deps/memcached-proxy_request.Po
[2026-08-05 04:33:01] [build-stdout] gcc -DHAVE_CONFIG_H -I.  -DNDEBUG -I/home/samith_g/memcached-docs/.deps/libevent/include -Ivendor/lua/src -Ivendor/liburing/src/include   -g -O2 -pthread -pthread  -Wall -pedantic -Wmissing-prototypes -Wmissing-declarations -Wredundant-decls -MT memcached-proxy_lua.o -MD -MP -MF .deps/memcached-proxy_lua.Tpo -c -o memcached-proxy_lua.o `test -f 'proxy_lua.c' || echo './'`proxy_lua.c
[2026-08-05 04:33:02] [build-stdout] mv -f .deps/memcached-proxy_inspector.Tpo .deps/memcached-proxy_inspector.Po
[2026-08-05 04:33:02] [build-stdout] gcc -DHAVE_CONFIG_H -I.  -DNDEBUG -I/home/samith_g/memcached-docs/.deps/libevent/include -Ivendor/lua/src -Ivendor/liburing/src/include   -g -O2 -pthread -pthread  -Wall -pedantic -Wmissing-prototypes -Wmissing-declarations -Wredundant-decls -MT memcached-proxy_luafgen.o -MD -MP -MF .deps/memcached-proxy_luafgen.Tpo -c -o memcached-proxy_luafgen.o `test -f 'proxy_luafgen.c' || echo './'`proxy_luafgen.c
[2026-08-05 04:33:02] [build-stdout] mv -f .deps/memcached-proxy_mutator.Tpo .deps/memcached-proxy_mutator.Po
[2026-08-05 04:33:02] [build-stdout] mv -f .deps/memcached-proxy_network.Tpo .deps/memcached-proxy_network.Po
[2026-08-05 04:33:02] [build-stdout] gcc -DHAVE_CONFIG_H -I.  -DNDEBUG -I/home/samith_g/memcached-docs/.deps/libevent/include -Ivendor/lua/src -Ivendor/liburing/src/include   -g -O2 -pthread -pthread  -Wall -pedantic -Wmissing-prototypes -Wmissing-declarations -Wredundant-decls -MT memcached-proxy_config.o -MD -MP -MF .deps/memcached-proxy_config.Tpo -c -o memcached-proxy_config.o `test -f 'proxy_config.c' || echo './'`proxy_config.c
[2026-08-05 04:33:02] [build-stdout] gcc -DHAVE_CONFIG_H -I.  -DNDEBUG -I/home/samith_g/memcached-docs/.deps/libevent/include -Ivendor/lua/src -Ivendor/liburing/src/include   -g -O2 -pthread -pthread  -Wall -pedantic -Wmissing-prototypes -Wmissing-declarations -Wredundant-decls -MT memcached-proxy_ring_hash.o -MD -MP -MF .deps/memcached-proxy_ring_hash.Tpo -c -o memcached-proxy_ring_hash.o `test -f 'proxy_ring_hash.c' || echo './'`proxy_ring_hash.c
[2026-08-05 04:33:03] [build-stdout] mv -f .deps/memcached-proxy_luafgen.Tpo .deps/memcached-proxy_luafgen.Po
[2026-08-05 04:33:03] [build-stdout] gcc -DHAVE_CONFIG_H -I.  -DNDEBUG -I/home/samith_g/memcached-docs/.deps/libevent/include -Ivendor/lua/src -Ivendor/liburing/src/include   -g -O2 -pthread -pthread  -Wall -pedantic -Wmissing-prototypes -Wmissing-declarations -Wredundant-decls -MT memcached-proxy_internal.o -MD -MP -MF .deps/memcached-proxy_internal.Tpo -c -o memcached-proxy_internal.o `test -f 'proxy_internal.c' || echo './'`proxy_internal.c
[2026-08-05 04:33:03] [build-stdout] mv -f .deps/memcached-proxy_lua.Tpo .deps/memcached-proxy_lua.Po
[2026-08-05 04:33:03] [build-stdout] gcc -DHAVE_CONFIG_H -I.  -DNDEBUG -I/home/samith_g/memcached-docs/.deps/libevent/include -Ivendor/lua/src -Ivendor/liburing/src/include   -g -O2 -pthread -pthread  -Wall -pedantic -Wmissing-prototypes -Wmissing-declarations -Wredundant-decls -MT memcached-proxy_tls.o -MD -MP -MF .deps/memcached-proxy_tls.Tpo -c -o memcached-proxy_tls.o `test -f 'proxy_tls.c' || echo './'`proxy_tls.c
[2026-08-05 04:33:03] [build-stdout] mv -f .deps/memcached-proxy_ring_hash.Tpo .deps/memcached-proxy_ring_hash.Po
[2026-08-05 04:33:03] [build-stdout] gcc -DHAVE_CONFIG_H -I.  -DNDEBUG -I/home/samith_g/memcached-docs/.deps/libevent/include -Ivendor/lua/src -Ivendor/liburing/src/include   -g -O2 -pthread -pthread  -Wall -pedantic -Wmissing-prototypes -Wmissing-declarations -Wredundant-decls -MT memcached-md5.o -MD -MP -MF .deps/memcached-md5.Tpo -c -o memcached-md5.o `test -f 'md5.c' || echo './'`md5.c
[2026-08-05 04:33:03] [build-stdout] mv -f .deps/memcached-proxy_config.Tpo .deps/memcached-proxy_config.Po
[2026-08-05 04:33:03] [build-stdout] gcc -DHAVE_CONFIG_H -I.  -DNDEBUG -I/home/samith_g/memcached-docs/.deps/libevent/include -Ivendor/lua/src -Ivendor/liburing/src/include   -g -O2 -pthread -pthread  -Wall -pedantic -Wmissing-prototypes -Wmissing-declarations -Wredundant-decls -MT memcached-extstore.o -MD -MP -MF .deps/memcached-extstore.Tpo -c -o memcached-extstore.o `test -f 'extstore.c' || echo './'`extstore.c
[2026-08-05 04:33:04] [build-stdout] mv -f .deps/memcached-md5.Tpo .deps/memcached-md5.Po
[2026-08-05 04:33:04] [build-stdout] gcc -DHAVE_CONFIG_H -I.  -DNDEBUG -I/home/samith_g/memcached-docs/.deps/libevent/include -Ivendor/lua/src -Ivendor/liburing/src/include   -g -O2 -pthread -pthread  -Wall -pedantic -Wmissing-prototypes -Wmissing-declarations -Wredundant-decls -MT memcached-crc32c.o -MD -MP -MF .deps/memcached-crc32c.Tpo -c -o memcached-crc32c.o `test -f 'crc32c.c' || echo './'`crc32c.c
[2026-08-05 04:33:04] [build-stdout] mv -f .deps/memcached-proxy_tls.Tpo .deps/memcached-proxy_tls.Po
[2026-08-05 04:33:04] [build-stdout] gcc -DHAVE_CONFIG_H -I.  -DNDEBUG -I/home/samith_g/memcached-docs/.deps/libevent/include -Ivendor/lua/src -Ivendor/liburing/src/include   -g -O2 -pthread -pthread  -Wall -pedantic -Wmissing-prototypes -Wmissing-declarations -Wredundant-decls -MT memcached-storage.o -MD -MP -MF .deps/memcached-storage.Tpo -c -o memcached-storage.o `test -f 'storage.c' || echo './'`storage.c
[2026-08-05 04:33:04] [build-stdout] mv -f .deps/memcached-proxy_internal.Tpo .deps/memcached-proxy_internal.Po
[2026-08-05 04:33:04] [build-stdout] gcc -DHAVE_CONFIG_H -I.  -DNDEBUG -I/home/samith_g/memcached-docs/.deps/libevent/include -Ivendor/lua/src -Ivendor/liburing/src/include   -g -O2 -pthread -pthread  -Wall -pedantic -Wmissing-prototypes -Wmissing-declarations -Wredundant-decls -MT memcached-slab_automove_extstore.o -MD -MP -MF .deps/memcached-slab_automove_extstore.Tpo -c -o memcached-slab_automove_extstore.o `test -f 'slab_automove_extstore.c' || echo './'`slab_automove_extstore.c
[2026-08-05 04:33:04] [build-stdout] mv -f .deps/memcached-extstore.Tpo .deps/memcached-extstore.Po
[2026-08-05 04:33:04] [build-stdout] gcc -DHAVE_CONFIG_H -I.  -DNDEBUG -I/home/samith_g/memcached-docs/.deps/libevent/include -Ivendor/lua/src -Ivendor/liburing/src/include   -g -O2 -pthread -pthread  -Wall -pedantic -Wmissing-prototypes -Wmissing-declarations -Wredundant-decls -MT memcached-tls.o -MD -MP -MF .deps/memcached-tls.Tpo -c -o memcached-tls.o `test -f 'tls.c' || echo './'`tls.c
[2026-08-05 04:33:04] [build-stdout] mv -f .deps/memcached-crc32c.Tpo .deps/memcached-crc32c.Po
[2026-08-05 04:33:04] [build-stdout] gcc -DHAVE_CONFIG_H -I.   -I/home/samith_g/memcached-docs/.deps/libevent/include -Ivendor/lua/src -Ivendor/liburing/src/include  -fprofile-arcs -ftest-coverage -DMEMCACHED_DEBUG -g -O2 -pthread -pthread  -Wall -pedantic -Wmissing-prototypes -Wmissing-declarations -Wredundant-decls -MT memcached_debug-memcached.o -MD -MP -MF .deps/memcached_debug-memcached.Tpo -c -o memcached_debug-memcached.o `test -f 'memcached.c' || echo './'`memcached.c
[2026-08-05 04:33:04] [build-stdout] mv -f .deps/memcached-slab_automove_extstore.Tpo .deps/memcached-slab_automove_extstore.Po
[2026-08-05 04:33:04] [build-stdout] gcc -DHAVE_CONFIG_H -I.   -I/home/samith_g/memcached-docs/.deps/libevent/include -Ivendor/lua/src -Ivendor/liburing/src/include  -fprofile-arcs -ftest-coverage -DMEMCACHED_DEBUG -g -O2 -pthread -pthread  -Wall -pedantic -Wmissing-prototypes -Wmissing-declarations -Wredundant-decls -MT memcached_debug-hash.o -MD -MP -MF .deps/memcached_debug-hash.Tpo -c -o memcached_debug-hash.o `test -f 'hash.c' || echo './'`hash.c
[2026-08-05 04:33:05] [build-stdout] mv -f .deps/memcached-storage.Tpo .deps/memcached-storage.Po
[2026-08-05 04:33:05] [build-stdout] gcc -DHAVE_CONFIG_H -I.   -I/home/samith_g/memcached-docs/.deps/libevent/include -Ivendor/lua/src -Ivendor/liburing/src/include  -fprofile-arcs -ftest-coverage -DMEMCACHED_DEBUG -g -O2 -pthread -pthread  -Wall -pedantic -Wmissing-prototypes -Wmissing-declarations -Wredundant-decls -MT memcached_debug-jenkins_hash.o -MD -MP -MF .deps/memcached_debug-jenkins_hash.Tpo -c -o memcached_debug-jenkins_hash.o `test -f 'jenkins_hash.c' || echo './'`jenkins_hash.c
[2026-08-05 04:33:05] [build-stdout] mv -f .deps/memcached-tls.Tpo .deps/memcached-tls.Po
[2026-08-05 04:33:05] [build-stdout] gcc -DHAVE_CONFIG_H -I.   -I/home/samith_g/memcached-docs/.deps/libevent/include -Ivendor/lua/src -Ivendor/liburing/src/include  -fprofile-arcs -ftest-coverage -DMEMCACHED_DEBUG -g -O2 -pthread -pthread  -Wall -pedantic -Wmissing-prototypes -Wmissing-declarations -Wredundant-decls -MT memcached_debug-murmur3_hash.o -MD -MP -MF .deps/memcached_debug-murmur3_hash.Tpo -c -o memcached_debug-murmur3_hash.o `test -f 'murmur3_hash.c' || echo './'`murmur3_hash.c
[2026-08-05 04:33:05] [build-stdout] mv -f .deps/memcached_debug-jenkins_hash.Tpo .deps/memcached_debug-jenkins_hash.Po
[2026-08-05 04:33:05] [build-stdout] gcc -DHAVE_CONFIG_H -I.   -I/home/samith_g/memcached-docs/.deps/libevent/include -Ivendor/lua/src -Ivendor/liburing/src/include  -fprofile-arcs -ftest-coverage -DMEMCACHED_DEBUG -g -O2 -pthread -pthread  -Wall -pedantic -Wmissing-prototypes -Wmissing-declarations -Wredundant-decls -MT memcached_debug-slabs.o -MD -MP -MF .deps/memcached_debug-slabs.Tpo -c -o memcached_debug-slabs.o `test -f 'slabs.c' || echo './'`slabs.c
[2026-08-05 04:33:05] [build-stdout] mv -f .deps/memcached_debug-murmur3_hash.Tpo .deps/memcached_debug-murmur3_hash.Po
[2026-08-05 04:33:05] [build-stdout] gcc -DHAVE_CONFIG_H -I.   -I/home/samith_g/memcached-docs/.deps/libevent/include -Ivendor/lua/src -Ivendor/liburing/src/include  -fprofile-arcs -ftest-coverage -DMEMCACHED_DEBUG -g -O2 -pthread -pthread  -Wall -pedantic -Wmissing-prototypes -Wmissing-declarations -Wredundant-decls -MT memcached_debug-items.o -MD -MP -MF .deps/memcached_debug-items.Tpo -c -o memcached_debug-items.o `test -f 'items.c' || echo './'`items.c
[2026-08-05 04:33:05] [build-stdout] mv -f .deps/memcached_debug-hash.Tpo .deps/memcached_debug-hash.Po
[2026-08-05 04:33:05] [build-stdout] gcc -DHAVE_CONFIG_H -I.   -I/home/samith_g/memcached-docs/.deps/libevent/include -Ivendor/lua/src -Ivendor/liburing/src/include  -fprofile-arcs -ftest-coverage -DMEMCACHED_DEBUG -g -O2 -pthread -pthread  -Wall -pedantic -Wmissing-prototypes -Wmissing-declarations -Wredundant-decls -MT memcached_debug-assoc.o -MD -MP -MF .deps/memcached_debug-assoc.Tpo -c -o memcached_debug-assoc.o `test -f 'assoc.c' || echo './'`assoc.c
[2026-08-05 04:33:06] [build-stdout] mv -f .deps/memcached_debug-assoc.Tpo .deps/memcached_debug-assoc.Po
[2026-08-05 04:33:06] [build-stdout] gcc -DHAVE_CONFIG_H -I.   -I/home/samith_g/memcached-docs/.deps/libevent/include -Ivendor/lua/src -Ivendor/liburing/src/include  -fprofile-arcs -ftest-coverage -DMEMCACHED_DEBUG -g -O2 -pthread -pthread  -Wall -pedantic -Wmissing-prototypes -Wmissing-declarations -Wredundant-decls -MT memcached_debug-thread.o -MD -MP -MF .deps/memcached_debug-thread.Tpo -c -o memcached_debug-thread.o `test -f 'thread.c' || echo './'`thread.c
[2026-08-05 04:33:06] [build-stdout] mv -f .deps/memcached_debug-slabs.Tpo .deps/memcached_debug-slabs.Po
[2026-08-05 04:33:06] [build-stdout] gcc -DHAVE_CONFIG_H -I.   -I/home/samith_g/memcached-docs/.deps/libevent/include -Ivendor/lua/src -Ivendor/liburing/src/include  -fprofile-arcs -ftest-coverage -DMEMCACHED_DEBUG -g -O2 -pthread -pthread  -Wall -pedantic -Wmissing-prototypes -Wmissing-declarations -Wredundant-decls -MT memcached_debug-daemon.o -MD -MP -MF .deps/memcached_debug-daemon.Tpo -c -o memcached_debug-daemon.o `test -f 'daemon.c' || echo './'`daemon.c
[2026-08-05 04:33:06] [build-stdout] mv -f .deps/memcached_debug-daemon.Tpo .deps/memcached_debug-daemon.Po
[2026-08-05 04:33:06] [build-stdout] gcc -DHAVE_CONFIG_H -I.   -I/home/samith_g/memcached-docs/.deps/libevent/include -Ivendor/lua/src -Ivendor/liburing/src/include  -fprofile-arcs -ftest-coverage -DMEMCACHED_DEBUG -g -O2 -pthread -pthread  -Wall -pedantic -Wmissing-prototypes -Wmissing-declarations -Wredundant-decls -MT memcached_debug-stats_prefix.o -MD -MP -MF .deps/memcached_debug-stats_prefix.Tpo -c -o memcached_debug-stats_prefix.o `test -f 'stats_prefix.c' || echo './'`stats_prefix.c
[2026-08-05 04:33:07] [build-stdout] mv -f .deps/memcached_debug-items.Tpo .deps/memcached_debug-items.Po
[2026-08-05 04:33:07] [build-stdout] gcc -DHAVE_CONFIG_H -I.   -I/home/samith_g/memcached-docs/.deps/libevent/include -Ivendor/lua/src -Ivendor/liburing/src/include  -fprofile-arcs -ftest-coverage -DMEMCACHED_DEBUG -g -O2 -pthread -pthread  -Wall -pedantic -Wmissing-prototypes -Wmissing-declarations -Wredundant-decls -MT memcached_debug-util.o -MD -MP -MF .deps/memcached_debug-util.Tpo -c -o memcached_debug-util.o `test -f 'util.c' || echo './'`util.c
[2026-08-05 04:33:07] [build-stdout] mv -f .deps/memcached_debug-memcached.Tpo .deps/memcached_debug-memcached.Po
[2026-08-05 04:33:07] [build-stdout] gcc -DHAVE_CONFIG_H -I.   -I/home/samith_g/memcached-docs/.deps/libevent/include -Ivendor/lua/src -Ivendor/liburing/src/include  -fprofile-arcs -ftest-coverage -DMEMCACHED_DEBUG -g -O2 -pthread -pthread  -Wall -pedantic -Wmissing-prototypes -Wmissing-declarations -Wredundant-decls -MT memcached_debug-cache.o -MD -MP -MF .deps/memcached_debug-cache.Tpo -c -o memcached_debug-cache.o `test -f 'cache.c' || echo './'`cache.c
[2026-08-05 04:33:07] [build-stdout] mv -f .deps/memcached_debug-thread.Tpo .deps/memcached_debug-thread.Po
[2026-08-05 04:33:07] [build-stdout] gcc -DHAVE_CONFIG_H -I.   -I/home/samith_g/memcached-docs/.deps/libevent/include -Ivendor/lua/src -Ivendor/liburing/src/include  -fprofile-arcs -ftest-coverage -DMEMCACHED_DEBUG -g -O2 -pthread -pthread  -Wall -pedantic -Wmissing-prototypes -Wmissing-declarations -Wredundant-decls -MT memcached_debug-bipbuffer.o -MD -MP -MF .deps/memcached_debug-bipbuffer.Tpo -c -o memcached_debug-bipbuffer.o `test -f 'bipbuffer.c' || echo './'`bipbuffer.c
[2026-08-05 04:33:07] [build-stdout] mv -f .deps/memcached_debug-util.Tpo .deps/memcached_debug-util.Po
[2026-08-05 04:33:07] [build-stdout] gcc -DHAVE_CONFIG_H -I.   -I/home/samith_g/memcached-docs/.deps/libevent/include -Ivendor/lua/src -Ivendor/liburing/src/include  -fprofile-arcs -ftest-coverage -DMEMCACHED_DEBUG -g -O2 -pthread -pthread  -Wall -pedantic -Wmissing-prototypes -Wmissing-declarations -Wredundant-decls -MT memcached_debug-base64.o -MD -MP -MF .deps/memcached_debug-base64.Tpo -c -o memcached_debug-base64.o `test -f 'base64.c' || echo './'`base64.c
[2026-08-05 04:33:07] [build-stdout] mv -f .deps/memcached_debug-cache.Tpo .deps/memcached_debug-cache.Po
[2026-08-05 04:33:07] [build-stdout] gcc -DHAVE_CONFIG_H -I.   -I/home/samith_g/memcached-docs/.deps/libevent/include -Ivendor/lua/src -Ivendor/liburing/src/include  -fprofile-arcs -ftest-coverage -DMEMCACHED_DEBUG -g -O2 -pthread -pthread  -Wall -pedantic -Wmissing-prototypes -Wmissing-declarations -Wredundant-decls -MT memcached_debug-logger.o -MD -MP -MF .deps/memcached_debug-logger.Tpo -c -o memcached_debug-logger.o `test -f 'logger.c' || echo './'`logger.c
[2026-08-05 04:33:07] [build-stdout] mv -f .deps/memcached_debug-stats_prefix.Tpo .deps/memcached_debug-stats_prefix.Po
[2026-08-05 04:33:07] [build-stdout] gcc -DHAVE_CONFIG_H -I.   -I/home/samith_g/memcached-docs/.deps/libevent/include -Ivendor/lua/src -Ivendor/liburing/src/include  -fprofile-arcs -ftest-coverage -DMEMCACHED_DEBUG -g -O2 -pthread -pthread  -Wall -pedantic -Wmissing-prototypes -Wmissing-declarations -Wredundant-decls -MT memcached_debug-crawler.o -MD -MP -MF .deps/memcached_debug-crawler.Tpo -c -o memcached_debug-crawler.o `test -f 'crawler.c' || echo './'`crawler.c
[2026-08-05 04:33:07] [build-stdout] mv -f .deps/memcached_debug-bipbuffer.Tpo .deps/memcached_debug-bipbuffer.Po
[2026-08-05 04:33:07] [build-stdout] gcc -DHAVE_CONFIG_H -I.   -I/home/samith_g/memcached-docs/.deps/libevent/include -Ivendor/lua/src -Ivendor/liburing/src/include  -fprofile-arcs -ftest-coverage -DMEMCACHED_DEBUG -g -O2 -pthread -pthread  -Wall -pedantic -Wmissing-prototypes -Wmissing-declarations -Wredundant-decls -MT memcached_debug-itoa_ljust.o -MD -MP -MF .deps/memcached_debug-itoa_ljust.Tpo -c -o memcached_debug-itoa_ljust.o `test -f 'itoa_ljust.c' || echo './'`itoa_ljust.c
[2026-08-05 04:33:07] [build-stdout] mv -f .deps/memcached_debug-base64.Tpo .deps/memcached_debug-base64.Po
[2026-08-05 04:33:07] [build-stdout] gcc -DHAVE_CONFIG_H -I.   -I/home/samith_g/memcached-docs/.deps/libevent/include -Ivendor/lua/src -Ivendor/liburing/src/include  -fprofile-arcs -ftest-coverage -DMEMCACHED_DEBUG -g -O2 -pthread -pthread  -Wall -pedantic -Wmissing-prototypes -Wmissing-declarations -Wredundant-decls -MT memcached_debug-slab_automove.o -MD -MP -MF .deps/memcached_debug-slab_automove.Tpo -c -o memcached_debug-slab_automove.o `test -f 'slab_automove.c' || echo './'`slab_automove.c
[2026-08-05 04:33:07] [build-stdout] mv -f .deps/memcached_debug-itoa_ljust.Tpo .deps/memcached_debug-itoa_ljust.Po
[2026-08-05 04:33:07] [build-stdout] gcc -DHAVE_CONFIG_H -I.   -I/home/samith_g/memcached-docs/.deps/libevent/include -Ivendor/lua/src -Ivendor/liburing/src/include  -fprofile-arcs -ftest-coverage -DMEMCACHED_DEBUG -g -O2 -pthread -pthread  -Wall -pedantic -Wmissing-prototypes -Wmissing-declarations -Wredundant-decls -MT memcached_debug-slabs_mover.o -MD -MP -MF .deps/memcached_debug-slabs_mover.Tpo -c -o memcached_debug-slabs_mover.o `test -f 'slabs_mover.c' || echo './'`slabs_mover.c
[2026-08-05 04:33:08] [build-stdout] mv -f .deps/memcached_debug-slab_automove.Tpo .deps/memcached_debug-slab_automove.Po
[2026-08-05 04:33:08] [build-stdout] gcc -DHAVE_CONFIG_H -I.   -I/home/samith_g/memcached-docs/.deps/libevent/include -Ivendor/lua/src -Ivendor/liburing/src/include  -fprofile-arcs -ftest-coverage -DMEMCACHED_DEBUG -g -O2 -pthread -pthread  -Wall -pedantic -Wmissing-prototypes -Wmissing-declarations -Wredundant-decls -MT memcached_debug-authfile.o -MD -MP -MF .deps/memcached_debug-authfile.Tpo -c -o memcached_debug-authfile.o `test -f 'authfile.c' || echo './'`authfile.c
[2026-08-05 04:33:08] [build-stdout] mv -f .deps/memcached_debug-crawler.Tpo .deps/memcached_debug-crawler.Po
[2026-08-05 04:33:08] [build-stdout] gcc -DHAVE_CONFIG_H -I.   -I/home/samith_g/memcached-docs/.deps/libevent/include -Ivendor/lua/src -Ivendor/liburing/src/include  -fprofile-arcs -ftest-coverage -DMEMCACHED_DEBUG -g -O2 -pthread -pthread  -Wall -pedantic -Wmissing-prototypes -Wmissing-declarations -Wredundant-decls -MT memcached_debug-restart.o -MD -MP -MF .deps/memcached_debug-restart.Tpo -c -o memcached_debug-restart.o `test -f 'restart.c' || echo './'`restart.c
[2026-08-05 04:33:08] [build-stdout] mv -f .deps/memcached_debug-logger.Tpo .deps/memcached_debug-logger.Po
[2026-08-05 04:33:08] [build-stdout] gcc -DHAVE_CONFIG_H -I.   -I/home/samith_g/memcached-docs/.deps/libevent/include -Ivendor/lua/src -Ivendor/liburing/src/include  -fprofile-arcs -ftest-coverage -DMEMCACHED_DEBUG -g -O2 -pthread -pthread  -Wall -pedantic -Wmissing-prototypes -Wmissing-declarations -Wredundant-decls -MT memcached_debug-proto_text.o -MD -MP -MF .deps/memcached_debug-proto_text.Tpo -c -o memcached_debug-proto_text.o `test -f 'proto_text.c' || echo './'`proto_text.c
[2026-08-05 04:33:08] [build-stdout] mv -f .deps/memcached_debug-authfile.Tpo .deps/memcached_debug-authfile.Po
[2026-08-05 04:33:08] [build-stdout] gcc -DHAVE_CONFIG_H -I.   -I/home/samith_g/memcached-docs/.deps/libevent/include -Ivendor/lua/src -Ivendor/liburing/src/include  -fprofile-arcs -ftest-coverage -DMEMCACHED_DEBUG -g -O2 -pthread -pthread  -Wall -pedantic -Wmissing-prototypes -Wmissing-declarations -Wredundant-decls -MT memcached_debug-proto_bin.o -MD -MP -MF .deps/memcached_debug-proto_bin.Tpo -c -o memcached_debug-proto_bin.o `test -f 'proto_bin.c' || echo './'`proto_bin.c
[2026-08-05 04:33:08] [build-stdout] mv -f .deps/memcached_debug-slabs_mover.Tpo .deps/memcached_debug-slabs_mover.Po
[2026-08-05 04:33:08] [build-stdout] gcc -DHAVE_CONFIG_H -I.   -I/home/samith_g/memcached-docs/.deps/libevent/include -Ivendor/lua/src -Ivendor/liburing/src/include  -fprofile-arcs -ftest-coverage -DMEMCACHED_DEBUG -g -O2 -pthread -pthread  -Wall -pedantic -Wmissing-prototypes -Wmissing-declarations -Wredundant-decls -MT memcached_debug-proto_parser.o -MD -MP -MF .deps/memcached_debug-proto_parser.Tpo -c -o memcached_debug-proto_parser.o `test -f 'proto_parser.c' || echo './'`proto_parser.c
[2026-08-05 04:33:08] [build-stdout] mv -f .deps/memcached_debug-restart.Tpo .deps/memcached_debug-restart.Po
[2026-08-05 04:33:08] [build-stdout] gcc -DHAVE_CONFIG_H -I.   -I/home/samith_g/memcached-docs/.deps/libevent/include -Ivendor/lua/src -Ivendor/liburing/src/include  -fprofile-arcs -ftest-coverage -DMEMCACHED_DEBUG -g -O2 -pthread -pthread  -Wall -pedantic -Wmissing-prototypes -Wmissing-declarations -Wredundant-decls -MT memcached_debug-mcmc.o -MD -MP -MF .deps/memcached_debug-mcmc.Tpo -c -o memcached_debug-mcmc.o `test -f 'vendor/mcmc/mcmc.c' || echo './'`vendor/mcmc/mcmc.c
[2026-08-05 04:33:08] [build-stderr] vendor/mcmc/mcmc.c: In function ‘mcmc_parse_buf’:
[2026-08-05 04:33:08] [build-stderr] vendor/mcmc/mcmc.c:767:8: warning: assignment discards ‘const’ qualifier from pointer target type [-Wdiscarded-qualifiers]
[2026-08-05 04:33:08] [build-stderr]   767 |     el = memchr(buf, '\n', read);
[2026-08-05 04:33:08] [build-stderr]       |        ^
[2026-08-05 04:33:09] [build-stdout] mv -f .deps/memcached_debug-proto_bin.Tpo .deps/memcached_debug-proto_bin.Po
[2026-08-05 04:33:09] [build-stdout] gcc -DHAVE_CONFIG_H -I.   -I/home/samith_g/memcached-docs/.deps/libevent/include -Ivendor/lua/src -Ivendor/liburing/src/include  -fprofile-arcs -ftest-coverage -DMEMCACHED_DEBUG -g -O2 -pthread -pthread  -Wall -pedantic -Wmissing-prototypes -Wmissing-declarations -Wredundant-decls -MT memcached_debug-proto_proxy.o -MD -MP -MF .deps/memcached_debug-proto_proxy.Tpo -c -o memcached_debug-proto_proxy.o `test -f 'proto_proxy.c' || echo './'`proto_proxy.c
[2026-08-05 04:33:09] [build-stdout] mv -f .deps/memcached_debug-proto_text.Tpo .deps/memcached_debug-proto_text.Po
[2026-08-05 04:33:09] [build-stdout] gcc -DHAVE_CONFIG_H -I.   -I/home/samith_g/memcached-docs/.deps/libevent/include -Ivendor/lua/src -Ivendor/liburing/src/include  -fprofile-arcs -ftest-coverage -DMEMCACHED_DEBUG -g -O2 -pthread -pthread  -Wall -pedantic -Wmissing-prototypes -Wmissing-declarations -Wredundant-decls -MT memcached_debug-proxy_xxhash.o -MD -MP -MF .deps/memcached_debug-proxy_xxhash.Tpo -c -o memcached_debug-proxy_xxhash.o `test -f 'proxy_xxhash.c' || echo './'`proxy_xxhash.c
[2026-08-05 04:33:09] [build-stdout] mv -f .deps/memcached_debug-mcmc.Tpo .deps/memcached_debug-mcmc.Po
[2026-08-05 04:33:09] [build-stdout] gcc -DHAVE_CONFIG_H -I.   -I/home/samith_g/memcached-docs/.deps/libevent/include -Ivendor/lua/src -Ivendor/liburing/src/include  -fprofile-arcs -ftest-coverage -DMEMCACHED_DEBUG -g -O2 -pthread -pthread  -Wall -pedantic -Wmissing-prototypes -Wmissing-declarations -Wredundant-decls -MT memcached_debug-proxy_ustats.o -MD -MP -MF .deps/memcached_debug-proxy_ustats.Tpo -c -o memcached_debug-proxy_ustats.o `test -f 'proxy_ustats.c' || echo './'`proxy_ustats.c
[2026-08-05 04:33:09] [build-stdout] mv -f .deps/memcached_debug-proto_parser.Tpo .deps/memcached_debug-proto_parser.Po
[2026-08-05 04:33:09] [build-stdout] gcc -DHAVE_CONFIG_H -I.   -I/home/samith_g/memcached-docs/.deps/libevent/include -Ivendor/lua/src -Ivendor/liburing/src/include  -fprofile-arcs -ftest-coverage -DMEMCACHED_DEBUG -g -O2 -pthread -pthread  -Wall -pedantic -Wmissing-prototypes -Wmissing-declarations -Wredundant-decls -MT memcached_debug-proxy_ratelim.o -MD -MP -MF .deps/memcached_debug-proxy_ratelim.Tpo -c -o memcached_debug-proxy_ratelim.o `test -f 'proxy_ratelim.c' || echo './'`proxy_ratelim.c
[2026-08-05 04:33:10] [build-stdout] mv -f .deps/memcached_debug-proxy_xxhash.Tpo .deps/memcached_debug-proxy_xxhash.Po
[2026-08-05 04:33:10] [build-stdout] gcc -DHAVE_CONFIG_H -I.   -I/home/samith_g/memcached-docs/.deps/libevent/include -Ivendor/lua/src -Ivendor/liburing/src/include  -fprofile-arcs -ftest-coverage -DMEMCACHED_DEBUG -g -O2 -pthread -pthread  -Wall -pedantic -Wmissing-prototypes -Wmissing-declarations -Wredundant-decls -MT memcached_debug-proxy_jump_hash.o -MD -MP -MF .deps/memcached_debug-proxy_jump_hash.Tpo -c -o memcached_debug-proxy_jump_hash.o `test -f 'proxy_jump_hash.c' || echo './'`proxy_jump_hash.c
[2026-08-05 04:33:10] [build-stdout] mv -f .deps/memcached_debug-proxy_ustats.Tpo .deps/memcached_debug-proxy_ustats.Po
[2026-08-05 04:33:10] [build-stdout] gcc -DHAVE_CONFIG_H -I.   -I/home/samith_g/memcached-docs/.deps/libevent/include -Ivendor/lua/src -Ivendor/liburing/src/include  -fprofile-arcs -ftest-coverage -DMEMCACHED_DEBUG -g -O2 -pthread -pthread  -Wall -pedantic -Wmissing-prototypes -Wmissing-declarations -Wredundant-decls -MT memcached_debug-proxy_request.o -MD -MP -MF .deps/memcached_debug-proxy_request.Tpo -c -o memcached_debug-proxy_request.o `test -f 'proxy_request.c' || echo './'`proxy_request.c
[2026-08-05 04:33:10] [build-stdout] mv -f .deps/memcached_debug-proxy_ratelim.Tpo .deps/memcached_debug-proxy_ratelim.Po
[2026-08-05 04:33:10] [build-stdout] gcc -DHAVE_CONFIG_H -I.   -I/home/samith_g/memcached-docs/.deps/libevent/include -Ivendor/lua/src -Ivendor/liburing/src/include  -fprofile-arcs -ftest-coverage -DMEMCACHED_DEBUG -g -O2 -pthread -pthread  -Wall -pedantic -Wmissing-prototypes -Wmissing-declarations -Wredundant-decls -MT memcached_debug-proxy_result.o -MD -MP -MF .deps/memcached_debug-proxy_result.Tpo -c -o memcached_debug-proxy_result.o `test -f 'proxy_result.c' || echo './'`proxy_result.c
[2026-08-05 04:33:10] [build-stdout] mv -f .deps/memcached_debug-proto_proxy.Tpo .deps/memcached_debug-proto_proxy.Po
[2026-08-05 04:33:10] [build-stdout] gcc -DHAVE_CONFIG_H -I.   -I/home/samith_g/memcached-docs/.deps/libevent/include -Ivendor/lua/src -Ivendor/liburing/src/include  -fprofile-arcs -ftest-coverage -DMEMCACHED_DEBUG -g -O2 -pthread -pthread  -Wall -pedantic -Wmissing-prototypes -Wmissing-declarations -Wredundant-decls -MT memcached_debug-proxy_inspector.o -MD -MP -MF .deps/memcached_debug-proxy_inspector.Tpo -c -o memcached_debug-proxy_inspector.o `test -f 'proxy_inspector.c' || echo './'`proxy_inspector.c
[2026-08-05 04:33:10] [build-stdout] mv -f .deps/memcached_debug-proxy_jump_hash.Tpo .deps/memcached_debug-proxy_jump_hash.Po
[2026-08-05 04:33:10] [build-stdout] gcc -DHAVE_CONFIG_H -I.   -I/home/samith_g/memcached-docs/.deps/libevent/include -Ivendor/lua/src -Ivendor/liburing/src/include  -fprofile-arcs -ftest-coverage -DMEMCACHED_DEBUG -g -O2 -pthread -pthread  -Wall -pedantic -Wmissing-prototypes -Wmissing-declarations -Wredundant-decls -MT memcached_debug-proxy_mutator.o -MD -MP -MF .deps/memcached_debug-proxy_mutator.Tpo -c -o memcached_debug-proxy_mutator.o `test -f 'proxy_mutator.c' || echo './'`proxy_mutator.c
[2026-08-05 04:33:11] [build-stdout] mv -f .deps/memcached_debug-proxy_result.Tpo .deps/memcached_debug-proxy_result.Po
[2026-08-05 04:33:11] [build-stdout] gcc -DHAVE_CONFIG_H -I.   -I/home/samith_g/memcached-docs/.deps/libevent/include -Ivendor/lua/src -Ivendor/liburing/src/include  -fprofile-arcs -ftest-coverage -DMEMCACHED_DEBUG -g -O2 -pthread -pthread  -Wall -pedantic -Wmissing-prototypes -Wmissing-declarations -Wredundant-decls -MT memcached_debug-proxy_network.o -MD -MP -MF .deps/memcached_debug-proxy_network.Tpo -c -o memcached_debug-proxy_network.o `test -f 'proxy_network.c' || echo './'`proxy_network.c
[2026-08-05 04:33:11] [build-stdout] mv -f .deps/memcached_debug-proxy_request.Tpo .deps/memcached_debug-proxy_request.Po
[2026-08-05 04:33:11] [build-stdout] gcc -DHAVE_CONFIG_H -I.   -I/home/samith_g/memcached-docs/.deps/libevent/include -Ivendor/lua/src -Ivendor/liburing/src/include  -fprofile-arcs -ftest-coverage -DMEMCACHED_DEBUG -g -O2 -pthread -pthread  -Wall -pedantic -Wmissing-prototypes -Wmissing-declarations -Wredundant-decls -MT memcached_debug-proxy_lua.o -MD -MP -MF .deps/memcached_debug-proxy_lua.Tpo -c -o memcached_debug-proxy_lua.o `test -f 'proxy_lua.c' || echo './'`proxy_lua.c
[2026-08-05 04:33:11] [build-stdout] mv -f .deps/memcached_debug-proxy_inspector.Tpo .deps/memcached_debug-proxy_inspector.Po
[2026-08-05 04:33:11] [build-stdout] gcc -DHAVE_CONFIG_H -I.   -I/home/samith_g/memcached-docs/.deps/libevent/include -Ivendor/lua/src -Ivendor/liburing/src/include  -fprofile-arcs -ftest-coverage -DMEMCACHED_DEBUG -g -O2 -pthread -pthread  -Wall -pedantic -Wmissing-prototypes -Wmissing-declarations -Wredundant-decls -MT memcached_debug-proxy_luafgen.o -MD -MP -MF .deps/memcached_debug-proxy_luafgen.Tpo -c -o memcached_debug-proxy_luafgen.o `test -f 'proxy_luafgen.c' || echo './'`proxy_luafgen.c
[2026-08-05 04:33:12] [build-stdout] mv -f .deps/memcached_debug-proxy_mutator.Tpo .deps/memcached_debug-proxy_mutator.Po
[2026-08-05 04:33:12] [build-stdout] gcc -DHAVE_CONFIG_H -I.   -I/home/samith_g/memcached-docs/.deps/libevent/include -Ivendor/lua/src -Ivendor/liburing/src/include  -fprofile-arcs -ftest-coverage -DMEMCACHED_DEBUG -g -O2 -pthread -pthread  -Wall -pedantic -Wmissing-prototypes -Wmissing-declarations -Wredundant-decls -MT memcached_debug-proxy_config.o -MD -MP -MF .deps/memcached_debug-proxy_config.Tpo -c -o memcached_debug-proxy_config.o `test -f 'proxy_config.c' || echo './'`proxy_config.c
[2026-08-05 04:33:12] [build-stdout] mv -f .deps/memcached_debug-proxy_network.Tpo .deps/memcached_debug-proxy_network.Po
[2026-08-05 04:33:12] [build-stdout] gcc -DHAVE_CONFIG_H -I.   -I/home/samith_g/memcached-docs/.deps/libevent/include -Ivendor/lua/src -Ivendor/liburing/src/include  -fprofile-arcs -ftest-coverage -DMEMCACHED_DEBUG -g -O2 -pthread -pthread  -Wall -pedantic -Wmissing-prototypes -Wmissing-declarations -Wredundant-decls -MT memcached_debug-proxy_ring_hash.o -MD -MP -MF .deps/memcached_debug-proxy_ring_hash.Tpo -c -o memcached_debug-proxy_ring_hash.o `test -f 'proxy_ring_hash.c' || echo './'`proxy_ring_hash.c
[2026-08-05 04:33:12] [build-stdout] mv -f .deps/memcached_debug-proxy_lua.Tpo .deps/memcached_debug-proxy_lua.Po
[2026-08-05 04:33:12] [build-stdout] gcc -DHAVE_CONFIG_H -I.   -I/home/samith_g/memcached-docs/.deps/libevent/include -Ivendor/lua/src -Ivendor/liburing/src/include  -fprofile-arcs -ftest-coverage -DMEMCACHED_DEBUG -g -O2 -pthread -pthread  -Wall -pedantic -Wmissing-prototypes -Wmissing-declarations -Wredundant-decls -MT memcached_debug-proxy_internal.o -MD -MP -MF .deps/memcached_debug-proxy_internal.Tpo -c -o memcached_debug-proxy_internal.o `test -f 'proxy_internal.c' || echo './'`proxy_internal.c
[2026-08-05 04:33:13] [build-stdout] mv -f .deps/memcached_debug-proxy_config.Tpo .deps/memcached_debug-proxy_config.Po
[2026-08-05 04:33:13] [build-stdout] gcc -DHAVE_CONFIG_H -I.   -I/home/samith_g/memcached-docs/.deps/libevent/include -Ivendor/lua/src -Ivendor/liburing/src/include  -fprofile-arcs -ftest-coverage -DMEMCACHED_DEBUG -g -O2 -pthread -pthread  -Wall -pedantic -Wmissing-prototypes -Wmissing-declarations -Wredundant-decls -MT memcached_debug-proxy_tls.o -MD -MP -MF .deps/memcached_debug-proxy_tls.Tpo -c -o memcached_debug-proxy_tls.o `test -f 'proxy_tls.c' || echo './'`proxy_tls.c
[2026-08-05 04:33:13] [build-stdout] mv -f .deps/memcached_debug-proxy_luafgen.Tpo .deps/memcached_debug-proxy_luafgen.Po
[2026-08-05 04:33:13] [build-stdout] gcc -DHAVE_CONFIG_H -I.   -I/home/samith_g/memcached-docs/.deps/libevent/include -Ivendor/lua/src -Ivendor/liburing/src/include  -fprofile-arcs -ftest-coverage -DMEMCACHED_DEBUG -g -O2 -pthread -pthread  -Wall -pedantic -Wmissing-prototypes -Wmissing-declarations -Wredundant-decls -MT memcached_debug-md5.o -MD -MP -MF .deps/memcached_debug-md5.Tpo -c -o memcached_debug-md5.o `test -f 'md5.c' || echo './'`md5.c
[2026-08-05 04:33:13] [build-stdout] mv -f .deps/memcached_debug-proxy_ring_hash.Tpo .deps/memcached_debug-proxy_ring_hash.Po
[2026-08-05 04:33:13] [build-stdout] gcc -DHAVE_CONFIG_H -I.   -I/home/samith_g/memcached-docs/.deps/libevent/include -Ivendor/lua/src -Ivendor/liburing/src/include  -fprofile-arcs -ftest-coverage -DMEMCACHED_DEBUG -g -O2 -pthread -pthread  -Wall -pedantic -Wmissing-prototypes -Wmissing-declarations -Wredundant-decls -MT memcached_debug-extstore.o -MD -MP -MF .deps/memcached_debug-extstore.Tpo -c -o memcached_debug-extstore.o `test -f 'extstore.c' || echo './'`extstore.c
[2026-08-05 04:33:13] [build-stdout] mv -f .deps/memcached_debug-md5.Tpo .deps/memcached_debug-md5.Po
[2026-08-05 04:33:13] [build-stdout] gcc -DHAVE_CONFIG_H -I.   -I/home/samith_g/memcached-docs/.deps/libevent/include -Ivendor/lua/src -Ivendor/liburing/src/include  -fprofile-arcs -ftest-coverage -DMEMCACHED_DEBUG -g -O2 -pthread -pthread  -Wall -pedantic -Wmissing-prototypes -Wmissing-declarations -Wredundant-decls -MT memcached_debug-crc32c.o -MD -MP -MF .deps/memcached_debug-crc32c.Tpo -c -o memcached_debug-crc32c.o `test -f 'crc32c.c' || echo './'`crc32c.c
[2026-08-05 04:33:13] [build-stdout] mv -f .deps/memcached_debug-proxy_tls.Tpo .deps/memcached_debug-proxy_tls.Po
[2026-08-05 04:33:13] [build-stdout] gcc -DHAVE_CONFIG_H -I.   -I/home/samith_g/memcached-docs/.deps/libevent/include -Ivendor/lua/src -Ivendor/liburing/src/include  -fprofile-arcs -ftest-coverage -DMEMCACHED_DEBUG -g -O2 -pthread -pthread  -Wall -pedantic -Wmissing-prototypes -Wmissing-declarations -Wredundant-decls -MT memcached_debug-storage.o -MD -MP -MF .deps/memcached_debug-storage.Tpo -c -o memcached_debug-storage.o `test -f 'storage.c' || echo './'`storage.c
[2026-08-05 04:33:13] [build-stdout] mv -f .deps/memcached_debug-proxy_internal.Tpo .deps/memcached_debug-proxy_internal.Po
[2026-08-05 04:33:13] [build-stdout] gcc -DHAVE_CONFIG_H -I.   -I/home/samith_g/memcached-docs/.deps/libevent/include -Ivendor/lua/src -Ivendor/liburing/src/include  -fprofile-arcs -ftest-coverage -DMEMCACHED_DEBUG -g -O2 -pthread -pthread  -Wall -pedantic -Wmissing-prototypes -Wmissing-declarations -Wredundant-decls -MT memcached_debug-slab_automove_extstore.o -MD -MP -MF .deps/memcached_debug-slab_automove_extstore.Tpo -c -o memcached_debug-slab_automove_extstore.o `test -f 'slab_automove_extstore.c' || echo './'`slab_automove_extstore.c
[2026-08-05 04:33:13] [build-stdout] mv -f .deps/memcached_debug-crc32c.Tpo .deps/memcached_debug-crc32c.Po
[2026-08-05 04:33:13] [build-stdout] gcc -DHAVE_CONFIG_H -I.   -I/home/samith_g/memcached-docs/.deps/libevent/include -Ivendor/lua/src -Ivendor/liburing/src/include  -fprofile-arcs -ftest-coverage -DMEMCACHED_DEBUG -g -O2 -pthread -pthread  -Wall -pedantic -Wmissing-prototypes -Wmissing-declarations -Wredundant-decls -MT memcached_debug-tls.o -MD -MP -MF .deps/memcached_debug-tls.Tpo -c -o memcached_debug-tls.o `test -f 'tls.c' || echo './'`tls.c
[2026-08-05 04:33:13] [build-stdout] mv -f .deps/memcached_debug-extstore.Tpo .deps/memcached_debug-extstore.Po
[2026-08-05 04:33:13] [build-stdout] gcc -DHAVE_CONFIG_H -I.   -I/home/samith_g/memcached-docs/.deps/libevent/include -Ivendor/lua/src -Ivendor/liburing/src/include   -g -O2 -pthread -pthread  -Wall -pedantic -Wmissing-prototypes -Wmissing-declarations -Wredundant-decls -MT sizes.o -MD -MP -MF .deps/sizes.Tpo -c -o sizes.o sizes.c
[2026-08-05 04:33:14] [build-stdout] mv -f .deps/memcached_debug-slab_automove_extstore.Tpo .deps/memcached_debug-slab_automove_extstore.Po
[2026-08-05 04:33:14] [build-stdout] gcc -DHAVE_CONFIG_H -I.   -I/home/samith_g/memcached-docs/.deps/libevent/include -Ivendor/lua/src -Ivendor/liburing/src/include   -g -O2 -pthread -pthread  -Wall -pedantic -Wmissing-prototypes -Wmissing-declarations -Wredundant-decls -MT testapp.o -MD -MP -MF .deps/testapp.Tpo -c -o testapp.o testapp.c
[2026-08-05 04:33:14] [build-stdout] mv -f .deps/sizes.Tpo .deps/sizes.Po
[2026-08-05 04:33:14] [build-stdout] gcc -DHAVE_CONFIG_H -I.   -I/home/samith_g/memcached-docs/.deps/libevent/include -Ivendor/lua/src -Ivendor/liburing/src/include   -g -O2 -pthread -pthread  -Wall -pedantic -Wmissing-prototypes -Wmissing-declarations -Wredundant-decls -MT util.o -MD -MP -MF .deps/util.Tpo -c -o util.o util.c
[2026-08-05 04:33:14] [build-stdout] mv -f .deps/util.Tpo .deps/util.Po
[2026-08-05 04:33:14] [build-stdout] gcc -DHAVE_CONFIG_H -I.   -I/home/samith_g/memcached-docs/.deps/libevent/include -Ivendor/lua/src -Ivendor/liburing/src/include   -g -O2 -pthread -pthread  -Wall -pedantic -Wmissing-prototypes -Wmissing-declarations -Wredundant-decls -MT stats_prefix.o -MD -MP -MF .deps/stats_prefix.Tpo -c -o stats_prefix.o stats_prefix.c
[2026-08-05 04:33:14] [build-stdout] mv -f .deps/memcached_debug-storage.Tpo .deps/memcached_debug-storage.Po
[2026-08-05 04:33:14] [build-stdout] gcc -DHAVE_CONFIG_H -I.   -I/home/samith_g/memcached-docs/.deps/libevent/include -Ivendor/lua/src -Ivendor/liburing/src/include   -g -O2 -pthread -pthread  -Wall -pedantic -Wmissing-prototypes -Wmissing-declarations -Wredundant-decls -MT jenkins_hash.o -MD -MP -MF .deps/jenkins_hash.Tpo -c -o jenkins_hash.o jenkins_hash.c
[2026-08-05 04:33:14] [build-stdout] mv -f .deps/memcached_debug-tls.Tpo .deps/memcached_debug-tls.Po
[2026-08-05 04:33:14] [build-stdout] gcc -DHAVE_CONFIG_H -I.   -I/home/samith_g/memcached-docs/.deps/libevent/include -Ivendor/lua/src -Ivendor/liburing/src/include   -g -O2 -pthread -pthread  -Wall -pedantic -Wmissing-prototypes -Wmissing-declarations -Wredundant-decls -MT murmur3_hash.o -MD -MP -MF .deps/murmur3_hash.Tpo -c -o murmur3_hash.o murmur3_hash.c
[2026-08-05 04:33:15] [build-stdout] mv -f .deps/murmur3_hash.Tpo .deps/murmur3_hash.Po
[2026-08-05 04:33:15] [build-stdout] gcc -DHAVE_CONFIG_H -I.   -I/home/samith_g/memcached-docs/.deps/libevent/include -Ivendor/lua/src -Ivendor/liburing/src/include   -g -O2 -pthread -pthread  -Wall -pedantic -Wmissing-prototypes -Wmissing-declarations -Wredundant-decls -MT cache.o -MD -MP -MF .deps/cache.Tpo -c -o cache.o cache.c
[2026-08-05 04:33:15] [build-stdout] mv -f .deps/stats_prefix.Tpo .deps/stats_prefix.Po
[2026-08-05 04:33:15] [build-stdout] gcc -DHAVE_CONFIG_H -I.   -I/home/samith_g/memcached-docs/.deps/libevent/include -Ivendor/lua/src -Ivendor/liburing/src/include   -g -O2 -pthread -pthread  -Wall -pedantic -Wmissing-prototypes -Wmissing-declarations -Wredundant-decls -MT crc32c.o -MD -MP -MF .deps/crc32c.Tpo -c -o crc32c.o crc32c.c
[2026-08-05 04:33:15] [build-stdout] mv -f .deps/cache.Tpo .deps/cache.Po
[2026-08-05 04:33:15] [build-stdout] gcc -DHAVE_CONFIG_H -I.   -I/home/samith_g/memcached-docs/.deps/libevent/include -Ivendor/lua/src -Ivendor/liburing/src/include   -g -O2 -pthread -pthread  -Wall -pedantic -Wmissing-prototypes -Wmissing-declarations -Wredundant-decls -MT timedrun.o -MD -MP -MF .deps/timedrun.Tpo -c -o timedrun.o timedrun.c
[2026-08-05 04:33:15] [build-stdout] mv -f .deps/jenkins_hash.Tpo .deps/jenkins_hash.Po
[2026-08-05 04:33:15] [build-stdout] gcc -DHAVE_CONFIG_H -I.  -DNDEBUG -I/home/samith_g/memcached-docs/.deps/libevent/include -Ivendor/lua/src -Ivendor/liburing/src/include   -g -O2 -pthread -pthread  -Wall -pedantic -Wmissing-prototypes -Wmissing-declarations -Wredundant-decls -MT memcached-memcached.o -MD -MP -MF .deps/memcached-memcached.Tpo -c -o memcached-memcached.o `test -f 'memcached.c' || echo './'`memcached.c
[2026-08-05 04:33:15] [build-stdout] mv -f .deps/timedrun.Tpo .deps/timedrun.Po
[2026-08-05 04:33:15] [build-stdout] gcc -DHAVE_CONFIG_H -I.  -DNDEBUG -I/home/samith_g/memcached-docs/.deps/libevent/include -Ivendor/lua/src -Ivendor/liburing/src/include   -g -O2 -pthread -pthread  -Wall -pedantic -Wmissing-prototypes -Wmissing-declarations -Wredundant-decls -MT memcached-hash.o -MD -MP -MF .deps/memcached-hash.Tpo -c -o memcached-hash.o `test -f 'hash.c' || echo './'`hash.c
[2026-08-05 04:33:15] [build-stdout] mv -f .deps/crc32c.Tpo .deps/crc32c.Po
[2026-08-05 04:33:15] [build-stdout] gcc -DHAVE_CONFIG_H -I.  -DNDEBUG -I/home/samith_g/memcached-docs/.deps/libevent/include -Ivendor/lua/src -Ivendor/liburing/src/include   -g -O2 -pthread -pthread  -Wall -pedantic -Wmissing-prototypes -Wmissing-declarations -Wredundant-decls -MT memcached-jenkins_hash.o -MD -MP -MF .deps/memcached-jenkins_hash.Tpo -c -o memcached-jenkins_hash.o `test -f 'jenkins_hash.c' || echo './'`jenkins_hash.c
[2026-08-05 04:33:16] [build-stdout] mv -f .deps/testapp.Tpo .deps/testapp.Po
[2026-08-05 04:33:16] [build-stdout] gcc -DHAVE_CONFIG_H -I.  -DNDEBUG -I/home/samith_g/memcached-docs/.deps/libevent/include -Ivendor/lua/src -Ivendor/liburing/src/include   -g -O2 -pthread -pthread  -Wall -pedantic -Wmissing-prototypes -Wmissing-declarations -Wredundant-decls -MT memcached-slabs.o -MD -MP -MF .deps/memcached-slabs.Tpo -c -o memcached-slabs.o `test -f 'slabs.c' || echo './'`slabs.c
[2026-08-05 04:33:16] [build-stdout] mv -f .deps/memcached-jenkins_hash.Tpo .deps/memcached-jenkins_hash.Po
[2026-08-05 04:33:16] [build-stdout] gcc -DHAVE_CONFIG_H -I.  -DNDEBUG -I/home/samith_g/memcached-docs/.deps/libevent/include -Ivendor/lua/src -Ivendor/liburing/src/include   -g -O2 -pthread -pthread  -Wall -pedantic -Wmissing-prototypes -Wmissing-declarations -Wredundant-decls -MT memcached-items.o -MD -MP -MF .deps/memcached-items.Tpo -c -o memcached-items.o `test -f 'items.c' || echo './'`items.c
[2026-08-05 04:33:16] [build-stdout] mv -f .deps/memcached-hash.Tpo .deps/memcached-hash.Po
[2026-08-05 04:33:16] [build-stdout] gcc -DHAVE_CONFIG_H -I.  -DNDEBUG -I/home/samith_g/memcached-docs/.deps/libevent/include -Ivendor/lua/src -Ivendor/liburing/src/include   -g -O2 -pthread -pthread  -Wall -pedantic -Wmissing-prototypes -Wmissing-declarations -Wredundant-decls -MT memcached-assoc.o -MD -MP -MF .deps/memcached-assoc.Tpo -c -o memcached-assoc.o `test -f 'assoc.c' || echo './'`assoc.c
[2026-08-05 04:33:16] [build-stdout] mv -f .deps/memcached-slabs.Tpo .deps/memcached-slabs.Po
[2026-08-05 04:33:16] [build-stdout] gcc -DHAVE_CONFIG_H -I.  -DNDEBUG -I/home/samith_g/memcached-docs/.deps/libevent/include -Ivendor/lua/src -Ivendor/liburing/src/include   -g -O2 -pthread -pthread  -Wall -pedantic -Wmissing-prototypes -Wmissing-declarations -Wredundant-decls -MT memcached-thread.o -MD -MP -MF .deps/memcached-thread.Tpo -c -o memcached-thread.o `test -f 'thread.c' || echo './'`thread.c
[2026-08-05 04:33:16] [build-stdout] mv -f .deps/memcached-assoc.Tpo .deps/memcached-assoc.Po
[2026-08-05 04:33:16] [build-stdout] gcc -DHAVE_CONFIG_H -I.  -DNDEBUG -I/home/samith_g/memcached-docs/.deps/libevent/include -Ivendor/lua/src -Ivendor/liburing/src/include   -g -O2 -pthread -pthread  -Wall -pedantic -Wmissing-prototypes -Wmissing-declarations -Wredundant-decls -MT memcached-daemon.o -MD -MP -MF .deps/memcached-daemon.Tpo -c -o memcached-daemon.o `test -f 'daemon.c' || echo './'`daemon.c
[2026-08-05 04:33:17] [build-stdout] mv -f .deps/memcached-items.Tpo .deps/memcached-items.Po
[2026-08-05 04:33:17] [build-stdout] gcc -DHAVE_CONFIG_H -I.  -DNDEBUG -I/home/samith_g/memcached-docs/.deps/libevent/include -Ivendor/lua/src -Ivendor/liburing/src/include   -g -O2 -pthread -pthread  -Wall -pedantic -Wmissing-prototypes -Wmissing-declarations -Wredundant-decls -MT memcached-stats_prefix.o -MD -MP -MF .deps/memcached-stats_prefix.Tpo -c -o memcached-stats_prefix.o `test -f 'stats_prefix.c' || echo './'`stats_prefix.c
[2026-08-05 04:33:17] [build-stdout] mv -f .deps/memcached-daemon.Tpo .deps/memcached-daemon.Po
[2026-08-05 04:33:17] [build-stdout] gcc -DHAVE_CONFIG_H -I.  -DNDEBUG -I/home/samith_g/memcached-docs/.deps/libevent/include -Ivendor/lua/src -Ivendor/liburing/src/include   -g -O2 -pthread -pthread  -Wall -pedantic -Wmissing-prototypes -Wmissing-declarations -Wredundant-decls -MT memcached-util.o -MD -MP -MF .deps/memcached-util.Tpo -c -o memcached-util.o `test -f 'util.c' || echo './'`util.c
[2026-08-05 04:33:17] [build-stdout] mv -f .deps/memcached-thread.Tpo .deps/memcached-thread.Po
[2026-08-05 04:33:17] [build-stdout] gcc -fprofile-arcs -ftest-coverage -DMEMCACHED_DEBUG -g -O2 -pthread -pthread  -Wall -pedantic -Wmissing-prototypes -Wmissing-declarations -Wredundant-decls -rdynamic -L/home/samith_g/memcached-docs/.deps/libevent/lib  -Wl,-rpath,/home/samith_g/memcached-docs/.deps/libevent/lib -o memcached-debug memcached_debug-memcached.o memcached_debug-hash.o memcached_debug-jenkins_hash.o memcached_debug-murmur3_hash.o memcached_debug-slabs.o memcached_debug-items.o memcached_debug-assoc.o memcached_debug-thread.o memcached_debug-daemon.o memcached_debug-stats_prefix.o memcached_debug-util.o memcached_debug-cache.o memcached_debug-bipbuffer.o memcached_debug-base64.o memcached_debug-logger.o memcached_debug-crawler.o memcached_debug-itoa_ljust.o memcached_debug-slab_automove.o memcached_debug-slabs_mover.o memcached_debug-authfile.o memcached_debug-restart.o memcached_debug-proto_text.o memcached_debug-proto_bin.o memcached_debug-proto_parser.o memcached_debug-mcmc.o       memcached_debug-proto_proxy.o memcached_debug-proxy_xxhash.o memcached_debug-proxy_ustats.o memcached_debug-proxy_ratelim.o memcached_debug-proxy_jump_hash.o memcached_debug-proxy_request.o memcached_debug-proxy_result.o memcached_debug-proxy_inspector.o memcached_debug-proxy_mutator.o memcached_debug-proxy_network.o memcached_debug-proxy_lua.o memcached_debug-proxy_luafgen.o memcached_debug-proxy_config.o memcached_debug-proxy_ring_hash.o memcached_debug-proxy_internal.o memcached_debug-proxy_tls.o memcached_debug-md5.o memcached_debug-extstore.o memcached_debug-crc32c.o memcached_debug-storage.o memcached_debug-slab_automove_extstore.o memcached_debug-tls.o -lgcov   vendor/lua/src/liblua.a  -levent  -lm -ldl -lssl -lcrypto
[2026-08-05 04:33:17] [build-stdout] mv -f .deps/memcached-util.Tpo .deps/memcached-util.Po
[2026-08-05 04:33:17] [build-stdout] gcc  -g -O2 -pthread -pthread  -Wall -pedantic -Wmissing-prototypes -Wmissing-declarations -Wredundant-decls  -L/home/samith_g/memcached-docs/.deps/libevent/lib  -Wl,-rpath,/home/samith_g/memcached-docs/.deps/libevent/lib -o sizes sizes.o  -levent  -lm -ldl -lssl -lcrypto
[2026-08-05 04:33:17] [build-stdout] mv -f .deps/memcached-stats_prefix.Tpo .deps/memcached-stats_prefix.Po
[2026-08-05 04:33:17] [build-stdout] gcc  -g -O2 -pthread -pthread  -Wall -pedantic -Wmissing-prototypes -Wmissing-declarations -Wredundant-decls  -L/home/samith_g/memcached-docs/.deps/libevent/lib  -Wl,-rpath,/home/samith_g/memcached-docs/.deps/libevent/lib -o testapp testapp.o util.o stats_prefix.o jenkins_hash.o murmur3_hash.o cache.o crc32c.o  -levent  -lm -ldl -lssl -lcrypto
[2026-08-05 04:33:17] [build-stdout] mv -f .deps/memcached-memcached.Tpo .deps/memcached-memcached.Po
[2026-08-05 04:33:17] [build-stdout] gcc  -g -O2 -pthread -pthread  -Wall -pedantic -Wmissing-prototypes -Wmissing-declarations -Wredundant-decls  -L/home/samith_g/memcached-docs/.deps/libevent/lib  -Wl,-rpath,/home/samith_g/memcached-docs/.deps/libevent/lib -o timedrun timedrun.o  -levent  -lm -ldl -lssl -lcrypto
[2026-08-05 04:33:18] [build-stdout] gcc  -g -O2 -pthread -pthread  -Wall -pedantic -Wmissing-prototypes -Wmissing-declarations -Wredundant-decls -rdynamic -L/home/samith_g/memcached-docs/.deps/libevent/lib  -Wl,-rpath,/home/samith_g/memcached-docs/.deps/libevent/lib -o memcached memcached-memcached.o memcached-hash.o memcached-jenkins_hash.o memcached-murmur3_hash.o memcached-slabs.o memcached-items.o memcached-assoc.o memcached-thread.o memcached-daemon.o memcached-stats_prefix.o memcached-util.o memcached-cache.o memcached-bipbuffer.o memcached-base64.o memcached-logger.o memcached-crawler.o memcached-itoa_ljust.o memcached-slab_automove.o memcached-slabs_mover.o memcached-authfile.o memcached-restart.o memcached-proto_text.o memcached-proto_bin.o memcached-proto_parser.o memcached-mcmc.o       memcached-proto_proxy.o memcached-proxy_xxhash.o memcached-proxy_ustats.o memcached-proxy_ratelim.o memcached-proxy_jump_hash.o memcached-proxy_request.o memcached-proxy_result.o memcached-proxy_inspector.o memcached-proxy_mutator.o memcached-proxy_network.o memcached-proxy_lua.o memcached-proxy_luafgen.o memcached-proxy_config.o memcached-proxy_ring_hash.o memcached-proxy_internal.o memcached-proxy_tls.o memcached-md5.o memcached-extstore.o memcached-crc32c.o memcached-storage.o memcached-slab_automove_extstore.o memcached-tls.o   vendor/lua/src/liblua.a  -levent  -lm -ldl -lssl -lcrypto
[2026-08-05 04:33:18] [build-stdout] make[2]: Leaving directory '/home/samith_g/memcached-docs/memcached'
[2026-08-05 04:33:18] [build-stdout] make[1]: Leaving directory '/home/samith_g/memcached-docs/memcached'
[2026-08-05 04:33:18] Plumbing command codeql database trace-command completed.
[2026-08-05 04:33:18] [PROGRESS] database create> Finalizing database at /home/samith_g/memcached-docs/.codeql/memcached-codeql-db.
[2026-08-05 04:33:18] Running plumbing command: codeql database finalize --no-db-cluster -- /home/samith_g/memcached-docs/.codeql/memcached-codeql-db
[2026-08-05 04:33:18] Using pre-finalize script /home/samith_g/codeql/cpp/tools/pre-finalize.sh.
[2026-08-05 04:33:18] [PROGRESS] database finalize> Running pre-finalize script /home/samith_g/codeql/cpp/tools/pre-finalize.sh in /home/samith_g/memcached-docs/memcached.
[2026-08-05 04:33:18] Running plumbing command: codeql database trace-command --working-dir=/home/samith_g/memcached-docs/memcached --no-tracing -- /home/samith_g/memcached-docs/.codeql/memcached-codeql-db /home/samith_g/codeql/cpp/tools/pre-finalize.sh
[2026-08-05 04:33:18] [PROGRESS] database trace-command> Running command in /home/samith_g/memcached-docs/memcached: [/home/samith_g/codeql/cpp/tools/pre-finalize.sh]
[2026-08-05 04:33:18] Plumbing command codeql database trace-command completed.
[2026-08-05 04:33:18] [PROGRESS] database finalize> Pre-finalize script /home/samith_g/codeql/cpp/tools/pre-finalize.sh completed in 63 ms.
[2026-08-05 04:33:18] [PROGRESS] database finalize> Running TRAP import for CodeQL database at /home/samith_g/memcached-docs/.codeql/memcached-codeql-db...
[2026-08-05 04:33:18] Running plumbing command: codeql dataset import --dbscheme=/home/samith_g/codeql/cpp/semmlecode.cpp.dbscheme -- /home/samith_g/memcached-docs/.codeql/memcached-codeql-db/db-cpp /home/samith_g/memcached-docs/.codeql/memcached-codeql-db/trap/cpp
[2026-08-05 04:33:18] Clearing disk cache since the version file /home/samith_g/memcached-docs/.codeql/memcached-codeql-db/db-cpp/default/cache/version does not exist
[2026-08-05 04:33:18] Tuple pool not found. Clearing relations with cached strings
[2026-08-05 04:33:18] Trimming disk cache at /home/samith_g/memcached-docs/.codeql/memcached-codeql-db/db-cpp/default/cache in mode clear.
[2026-08-05 04:33:18] Sequence stamp origin is -5883485008004216687
[2026-08-05 04:33:18] Pausing evaluation to hard-clear memory at sequence stamp o+0
[2026-08-05 04:33:18] Unpausing evaluation
[2026-08-05 04:33:18] Pausing evaluation to quickly trim disk at sequence stamp o+1
[2026-08-05 04:33:18] Unpausing evaluation
[2026-08-05 04:33:18] Pausing evaluation to zealously trim disk at sequence stamp o+2
[2026-08-05 04:33:18] Unpausing evaluation
[2026-08-05 04:33:18] Trimming completed (6ms): Purged everything.
[2026-08-05 04:33:18] Scanning for files in /home/samith_g/memcached-docs/.codeql/memcached-codeql-db/trap/cpp
[2026-08-05 04:33:18] Found 282 files on disk containing 1053 TRAP files (40.17 MiB)
[2026-08-05 04:33:18] [PROGRESS] dataset import> Grouping TRAP files by link target
[2026-08-05 04:33:19] [PROGRESS] dataset import> Grouping unlinked TRAP files together
[2026-08-05 04:33:19] [PROGRESS] dataset import> Scanning TRAP files
[2026-08-05 04:33:19] Scanning assert.h.d68fe923.trap (assoc.c.4ad29006_0.trap.tar.zst) (1 of 1053)
[2026-08-05 04:33:19] Scanning assoc.c.4ad29006.trap (assoc.c.4ad29006_0.trap.tar.zst) (2 of 1053)
[2026-08-05 04:33:19] Scanning assoc.c.c1e77322.trap (assoc.c.c1e77322_0.trap.tar.zst) (3 of 1053)
[2026-08-05 04:33:19] Scanning struct_stat.h.d9e4cfb4.trap (authfile.c.9285b0f6_0.trap.tar.zst) (4 of 1053)
[2026-08-05 04:33:19] Scanning stat.h.a57f11a6.trap (authfile.c.9285b0f6_0.trap.tar.zst) (5 of 1053)
[2026-08-05 04:33:19] Scanning stddef.h.32d4bb8d.trap (authfile.c.9285b0f6_0.trap.tar.zst) (6 of 1053)
[2026-08-05 04:33:19] Scanning unistd.h.d5460184.trap (authfile.c.9285b0f6_0.trap.tar.zst) (7 of 1053)
[2026-08-05 04:33:19] Scanning stdint.h.4397602e.trap (authfile.c.9285b0f6_0.trap.tar.zst) (8 of 1053)
[2026-08-05 04:33:19] Scanning authfile.h.817028c4.trap (authfile.c.9285b0f6_0.trap.tar.zst) (9 of 1053)
[2026-08-05 04:33:19] Scanning authfile.c.9285b0f6.trap (authfile.c.9285b0f6_0.trap.tar.zst) (10 of 1053)
[2026-08-05 04:33:19] Scanning base64.h.ff23a826.trap (base64.c.e086b5c1_0.trap.tar.zst) (11 of 1053)
[2026-08-05 04:33:19] Scanning base64.c.e086b5c1.trap (base64.c.e086b5c1_0.trap.tar.zst) (12 of 1053)
[2026-08-05 04:33:19] Scanning libc-header-start.h.26952e60.trap (bipbuffer.c.26085da3_0.trap.tar.zst) (13 of 1053)
[2026-08-05 04:33:19] Scanning stddef.h.450c4916.trap (bipbuffer.c.26085da3_0.trap.tar.zst) (14 of 1053)
[2026-08-05 04:33:19] Scanning stdarg.h.87eda290.trap (bipbuffer.c.26085da3_0.trap.tar.zst) (15 of 1053)
[2026-08-05 04:33:19] Scanning __mbstate_t.h.a55f767e.trap (bipbuffer.c.26085da3_0.trap.tar.zst) (16 of 1053)
[2026-08-05 04:33:19] Scanning __fpos_t.h.8241f7bc.trap (bipbuffer.c.26085da3_0.trap.tar.zst) (17 of 1053)
[2026-08-05 04:33:19] Scanning __fpos64_t.h.ff05bd8f.trap (bipbuffer.c.26085da3_0.trap.tar.zst) (18 of 1053)
[2026-08-05 04:33:19] Scanning __FILE.h.bb0e2991.trap (bipbuffer.c.26085da3_0.trap.tar.zst) (19 of 1053)
[2026-08-05 04:33:19] Scanning FILE.h.4e95afe1.trap (bipbuffer.c.26085da3_0.trap.tar.zst) (20 of 1053)
[2026-08-05 04:33:19] Scanning struct_FILE.h.02b4cd3d.trap (bipbuffer.c.26085da3_0.trap.tar.zst) (21 of 1053)
[2026-08-05 04:33:19] Scanning cookie_io_functions_t.h.e1ba869c.trap (bipbuffer.c.26085da3_0.trap.tar.zst) (22 of 1053)
[2026-08-05 04:33:19] Scanning stdio_lim.h.7521b020.trap (bipbuffer.c.26085da3_0.trap.tar.zst) (23 of 1053)
[2026-08-05 04:33:19] Scanning stdio2-decl.h.bad03b3b.trap (bipbuffer.c.26085da3_0.trap.tar.zst) (24 of 1053)
[2026-08-05 04:33:19] Scanning stdio.h.c8632933.trap (bipbuffer.c.26085da3_0.trap.tar.zst) (25 of 1053)
[2026-08-05 04:33:19] Scanning stdio2.h.ea932c4c.trap (bipbuffer.c.26085da3_0.trap.tar.zst) (26 of 1053)
[2026-08-05 04:33:19] Scanning stdio.h.cd17e57b.trap (bipbuffer.c.26085da3_0.trap.tar.zst) (27 of 1053)
[2026-08-05 04:33:19] Scanning stddef.h.67914d33.trap (bipbuffer.c.26085da3_0.trap.tar.zst) (28 of 1053)
[2026-08-05 04:33:19] Scanning types.h.3e0ea774.trap (bipbuffer.c.26085da3_0.trap.tar.zst) (29 of 1053)
[2026-08-05 04:33:19] Scanning bipbuffer.h.98b4e346.trap (bipbuffer.c.26085da3_0.trap.tar.zst) (30 of 1053)
[2026-08-05 04:33:19] Scanning bipbuffer.c.26085da3.trap (bipbuffer.c.26085da3_0.trap.tar.zst) (31 of 1053)
[2026-08-05 04:33:19] Scanning libc-header-start.h.af62f8fb.trap (cache.c.9e97e3d8_0.trap.tar.zst) (32 of 1053)
[2026-08-05 04:33:19] Scanning stddef.h.27156430.trap (cache.c.9e97e3d8_0.trap.tar.zst) (33 of 1053)
[2026-08-05 04:33:19] Scanning waitflags.h.c2710913.trap (cache.c.9e97e3d8_0.trap.tar.zst) (34 of 1053)
[2026-08-05 04:33:19] Scanning waitstatus.h.0af1e780.trap (cache.c.9e97e3d8_0.trap.tar.zst) (35 of 1053)
[2026-08-05 04:33:19] Scanning floatn-common.h.495404b0.trap (cache.c.9e97e3d8_0.trap.tar.zst) (36 of 1053)
[2026-08-05 04:33:19] Scanning floatn.h.261c8e72.trap (cache.c.9e97e3d8_0.trap.tar.zst) (37 of 1053)
[2026-08-05 04:33:19] Scanning clock_t.h.cd11b0e6.trap (cache.c.9e97e3d8_0.trap.tar.zst) (38 of 1053)
[2026-08-05 04:33:19] Scanning clockid_t.h.014d1a70.trap (cache.c.9e97e3d8_0.trap.tar.zst) (39 of 1053)
[2026-08-05 04:33:19] Scanning time_t.h.8b8c83c6.trap (cache.c.9e97e3d8_0.trap.tar.zst) (40 of 1053)
[2026-08-05 04:33:19] Scanning timer_t.h.e0ea02be.trap (cache.c.9e97e3d8_0.trap.tar.zst) (41 of 1053)
[2026-08-05 04:33:19] Scanning stddef.h.5960718f.trap (cache.c.9e97e3d8_0.trap.tar.zst) (42 of 1053)
[2026-08-05 04:33:19] Scanning endianness.h.89035d93.trap (cache.c.9e97e3d8_0.trap.tar.zst) (43 of 1053)
[2026-08-05 04:33:19] Scanning endian.h.10cb44b6.trap (cache.c.9e97e3d8_0.trap.tar.zst) (44 of 1053)
[2026-08-05 04:33:19] Scanning byteswap.h.b13dec6c.trap (cache.c.9e97e3d8_0.trap.tar.zst) (45 of 1053)
[2026-08-05 04:33:19] Scanning uintn-identity.h.c0c379cf.trap (cache.c.9e97e3d8_0.trap.tar.zst) (46 of 1053)
[2026-08-05 04:33:19] Scanning endian.h.06ff4714.trap (cache.c.9e97e3d8_0.trap.tar.zst) (47 of 1053)
[2026-08-05 04:33:19] Scanning select.h.092d0f3b.trap (cache.c.9e97e3d8_0.trap.tar.zst) (48 of 1053)
[2026-08-05 04:33:19] Scanning __sigset_t.h.201dd91e.trap (cache.c.9e97e3d8_0.trap.tar.zst) (49 of 1053)
[2026-08-05 04:33:19] Scanning sigset_t.h.3be6cd1a.trap (cache.c.9e97e3d8_0.trap.tar.zst) (50 of 1053)
[2026-08-05 04:33:19] Scanning struct_timeval.h.d8af2a71.trap (cache.c.9e97e3d8_0.trap.tar.zst) (51 of 1053)
[2026-08-05 04:33:19] Scanning struct_timespec.h.48b3a4a3.trap (cache.c.9e97e3d8_0.trap.tar.zst) (52 of 1053)
[2026-08-05 04:33:19] Scanning select-decl.h.4a8276cc.trap (cache.c.9e97e3d8_0.trap.tar.zst) (53 of 1053)
[2026-08-05 04:33:19] Scanning select2.h.33b9263f.trap (cache.c.9e97e3d8_0.trap.tar.zst) (54 of 1053)
[2026-08-05 04:33:19] Scanning select.h.39152c10.trap (cache.c.9e97e3d8_0.trap.tar.zst) (55 of 1053)
[2026-08-05 04:33:19] Scanning pthreadtypes-arch.h.3f3813b0.trap (cache.c.9e97e3d8_0.trap.tar.zst) (56 of 1053)
[2026-08-05 04:33:19] Scanning atomic_wide_counter.h.415421c0.trap (cache.c.9e97e3d8_0.trap.tar.zst) (57 of 1053)
[2026-08-05 04:33:19] Scanning struct_mutex.h.59b8e921.trap (cache.c.9e97e3d8_0.trap.tar.zst) (58 of 1053)
[2026-08-05 04:33:19] Scanning struct_rwlock.h.41cd6b77.trap (cache.c.9e97e3d8_0.trap.tar.zst) (59 of 1053)
[2026-08-05 04:33:19] Scanning thread-shared-types.h.6874b898.trap (cache.c.9e97e3d8_0.trap.tar.zst) (60 of 1053)
[2026-08-05 04:33:19] Scanning pthreadtypes.h.1c300afa.trap (cache.c.9e97e3d8_0.trap.tar.zst) (61 of 1053)
[2026-08-05 04:33:19] Scanning types.h.535794cc.trap (cache.c.9e97e3d8_0.trap.tar.zst) (62 of 1053)
[2026-08-05 04:33:19] Scanning stddef.h.838a8a15.trap (cache.c.9e97e3d8_0.trap.tar.zst) (63 of 1053)
[2026-08-05 04:33:19] Scanning alloca.h.82a75e6c.trap (cache.c.9e97e3d8_0.trap.tar.zst) (64 of 1053)
[2026-08-05 04:33:19] Scanning stdlib-bsearch.h.f89b374f.trap (cache.c.9e97e3d8_0.trap.tar.zst) (65 of 1053)
[2026-08-05 04:33:19] Scanning once_flag.h.403b3bcf.trap (cache.c.9e97e3d8_0.trap.tar.zst) (66 of 1053)
[2026-08-05 04:33:19] Scanning stdlib-float.h.53e071c4.trap (cache.c.9e97e3d8_0.trap.tar.zst) (67 of 1053)
[2026-08-05 04:33:19] Scanning stdlib.h.586b8bbe.trap (cache.c.9e97e3d8_0.trap.tar.zst) (68 of 1053)
[2026-08-05 04:33:19] Scanning stdlib.h.cf500cc0.trap (cache.c.9e97e3d8_0.trap.tar.zst) (69 of 1053)
[2026-08-05 04:33:19] Scanning libc-header-start.h.a438737a.trap (cache.c.9e97e3d8_0.trap.tar.zst) (70 of 1053)
[2026-08-05 04:33:19] Scanning stddef.h.17c0c291.trap (cache.c.9e97e3d8_0.trap.tar.zst) (71 of 1053)
[2026-08-05 04:33:19] Scanning __locale_t.h.595dcaa5.trap (cache.c.9e97e3d8_0.trap.tar.zst) (72 of 1053)
[2026-08-05 04:33:19] Scanning locale_t.h.234ad200.trap (cache.c.9e97e3d8_0.trap.tar.zst) (73 of 1053)
[2026-08-05 04:33:19] Scanning stddef.h.c3922f35.trap (cache.c.9e97e3d8_0.trap.tar.zst) (74 of 1053)
[2026-08-05 04:33:19] Scanning strings_fortified.h.14d4be92.trap (cache.c.9e97e3d8_0.trap.tar.zst) (75 of 1053)
[2026-08-05 04:33:19] Scanning strings.h.07fdcb50.trap (cache.c.9e97e3d8_0.trap.tar.zst) (76 of 1053)
[2026-08-05 04:33:19] Scanning string_fortified.h.ab92162c.trap (cache.c.9e97e3d8_0.trap.tar.zst) (77 of 1053)
[2026-08-05 04:33:19] Scanning string.h.fe78ae61.trap (cache.c.9e97e3d8_0.trap.tar.zst) (78 of 1053)
[2026-08-05 04:33:19] Scanning inttypes.h.694bb6fb.trap (cache.c.9e97e3d8_0.trap.tar.zst) (79 of 1053)
[2026-08-05 04:33:19] Scanning assert.h.83c286ed.trap (cache.c.9e97e3d8_0.trap.tar.zst) (80 of 1053)
[2026-08-05 04:33:19] Scanning stddef.h.93a7d431.trap (cache.c.9e97e3d8_0.trap.tar.zst) (81 of 1053)
[2026-08-05 04:33:19] Scanning struct_sched_param.h.f74646e7.trap (cache.c.9e97e3d8_0.trap.tar.zst) (82 of 1053)
[2026-08-05 04:33:19] Scanning sched.h.e3b897d4.trap (cache.c.9e97e3d8_0.trap.tar.zst) (83 of 1053)
[2026-08-05 04:33:19] Scanning cpu-set.h.0c5e6c43.trap (cache.c.9e97e3d8_0.trap.tar.zst) (84 of 1053)
[2026-08-05 04:33:19] Scanning sched.h.66ed52aa.trap (cache.c.9e97e3d8_0.trap.tar.zst) (85 of 1053)
[2026-08-05 04:33:19] Scanning stddef.h.f4608e42.trap (cache.c.9e97e3d8_0.trap.tar.zst) (86 of 1053)
[2026-08-05 04:33:19] Scanning time.h.8478db4b.trap (cache.c.9e97e3d8_0.trap.tar.zst) (87 of 1053)
[2026-08-05 04:33:19] Scanning struct_tm.h.af1ae1ea.trap (cache.c.9e97e3d8_0.trap.tar.zst) (88 of 1053)
[2026-08-05 04:33:19] Scanning struct_itimerspec.h.753b3b72.trap (cache.c.9e97e3d8_0.trap.tar.zst) (89 of 1053)
[2026-08-05 04:33:19] Scanning time.h.b28cab34.trap (cache.c.9e97e3d8_0.trap.tar.zst) (90 of 1053)
[2026-08-05 04:33:19] Scanning setjmp.h.0a9290ed.trap (cache.c.9e97e3d8_0.trap.tar.zst) (91 of 1053)
[2026-08-05 04:33:19] Scanning struct___jmp_buf_tag.h.8b594641.trap (cache.c.9e97e3d8_0.trap.tar.zst) (92 of 1053)
[2026-08-05 04:33:19] Scanning pthread_stack_min.h.bfc02082.trap (cache.c.9e97e3d8_0.trap.tar.zst) (93 of 1053)
[2026-08-05 04:33:19] Scanning pthread_stack_min-dynamic.h.12057220.trap (cache.c.9e97e3d8_0.trap.tar.zst) (94 of 1053)
[2026-08-05 04:33:19] Scanning pthread.h.e7bf498a.trap (cache.c.9e97e3d8_0.trap.tar.zst) (95 of 1053)
[2026-08-05 04:33:19] Scanning queue.h.59e1b912.trap (cache.c.9e97e3d8_0.trap.tar.zst) (96 of 1053)
[2026-08-05 04:33:19] Scanning cache.h.adaacd23.trap (cache.c.9e97e3d8_0.trap.tar.zst) (97 of 1053)
[2026-08-05 04:33:19] Scanning cache.c.9e97e3d8.trap (cache.c.9e97e3d8_0.trap.tar.zst) (98 of 1053)
[2026-08-05 04:33:19] Scanning stddef.h.dc899f89.trap (cache.c.de961429_0.trap.tar.zst) (99 of 1053)
[2026-08-05 04:33:19] Scanning stddef.h.b65a8b89.trap (cache.c.de961429_0.trap.tar.zst) (100 of 1053)
[2026-08-05 04:33:19] Scanning sigthread.h.3998fe45.trap (cache.c.de961429_0.trap.tar.zst) (101 of 1053)
[2026-08-05 04:33:19] Scanning cache.c.de961429.trap (cache.c.de961429_0.trap.tar.zst) (102 of 1053)
[2026-08-05 04:33:19] Scanning stddef.h.478b069d.trap (crawler.c.3350b4f7_0.trap.tar.zst) (103 of 1053)
[2026-08-05 04:33:19] Scanning types.h.411c9a59.trap (crawler.c.3350b4f7_0.trap.tar.zst) (104 of 1053)
[2026-08-05 04:33:19] Scanning types.h.1b899afe.trap (crawler.c.3350b4f7_0.trap.tar.zst) (105 of 1053)
[2026-08-05 04:33:19] Scanning types.h.b54ac524.trap (crawler.c.3350b4f7_0.trap.tar.zst) (106 of 1053)
[2026-08-05 04:33:19] Scanning sched.h.c4369a84.trap (crawler.c.3350b4f7_0.trap.tar.zst) (107 of 1053)
[2026-08-05 04:33:19] Scanning pthread_stack_min-dynamic.h.7433395d.trap (crawler.c.3350b4f7_0.trap.tar.zst) (108 of 1053)
[2026-08-05 04:33:19] Scanning pthread.h.72056e64.trap (crawler.c.3350b4f7_0.trap.tar.zst) (109 of 1053)
[2026-08-05 04:33:19] Scanning posix_opt.h.f5837261.trap (crawler.c.3350b4f7_0.trap.tar.zst) (110 of 1053)
[2026-08-05 04:33:19] Scanning environments.h.a1e1d1aa.trap (crawler.c.3350b4f7_0.trap.tar.zst) (111 of 1053)
[2026-08-05 04:33:19] Scanning stddef.h.197dc400.trap (crawler.c.3350b4f7_0.trap.tar.zst) (112 of 1053)
[2026-08-05 04:33:19] Scanning confname.h.bb3ac0d2.trap (crawler.c.3350b4f7_0.trap.tar.zst) (113 of 1053)
[2026-08-05 04:33:19] Scanning unistd-decl.h.4a3d75b4.trap (crawler.c.3350b4f7_0.trap.tar.zst) (114 of 1053)
[2026-08-05 04:33:19] Scanning unistd.h.4a50ddfc.trap (crawler.c.3350b4f7_0.trap.tar.zst) (115 of 1053)
[2026-08-05 04:33:19] Scanning close_range.h.2f554149.trap (crawler.c.3350b4f7_0.trap.tar.zst) (116 of 1053)
[2026-08-05 04:33:19] Scanning unistd_ext.h.c26552d9.trap (crawler.c.3350b4f7_0.trap.tar.zst) (117 of 1053)
[2026-08-05 04:33:19] Scanning unistd.h.ef4605bc.trap (crawler.c.3350b4f7_0.trap.tar.zst) (118 of 1053)
[2026-08-05 04:33:19] Scanning assert.h.a47b0572.trap (crawler.c.3350b4f7_0.trap.tar.zst) (119 of 1053)
[2026-08-05 04:33:19] Scanning stddef.h.39777377.trap (crawler.c.3350b4f7_0.trap.tar.zst) (120 of 1053)
[2026-08-05 04:33:19] Scanning stddef.h.b2cb24f7.trap (crawler.c.3350b4f7_0.trap.tar.zst) (121 of 1053)
[2026-08-05 04:33:19] Scanning grp.h.597ed2c5.trap (crawler.c.3350b4f7_0.trap.tar.zst) (122 of 1053)
[2026-08-05 04:33:19] Scanning signum-arch.h.eda095a2.trap (crawler.c.3350b4f7_0.trap.tar.zst) (123 of 1053)
[2026-08-05 04:33:19] Scanning signum-generic.h.e5985dea.trap (crawler.c.3350b4f7_0.trap.tar.zst) (124 of 1053)
[2026-08-05 04:33:19] Scanning sig_atomic_t.h.e3715de3.trap (crawler.c.3350b4f7_0.trap.tar.zst) (125 of 1053)
[2026-08-05 04:33:19] Scanning siginfo-arch.h.0ef58d86.trap (crawler.c.3350b4f7_0.trap.tar.zst) (126 of 1053)
[2026-08-05 04:33:19] Scanning siginfo_t.h.946ec858.trap (crawler.c.3350b4f7_0.trap.tar.zst) (127 of 1053)
[2026-08-05 04:33:19] Scanning siginfo-consts-arch.h.2f554149.trap (crawler.c.3350b4f7_0.trap.tar.zst) (128 of 1053)
[2026-08-05 04:33:19] Scanning siginfo-consts.h.3bec3d6a.trap (crawler.c.3350b4f7_0.trap.tar.zst) (129 of 1053)
[2026-08-05 04:33:19] Scanning sigval_t.h.da55a941.trap (crawler.c.3350b4f7_0.trap.tar.zst) (130 of 1053)
[2026-08-05 04:33:19] Scanning sigevent-consts.h.c0250169.trap (crawler.c.3350b4f7_0.trap.tar.zst) (131 of 1053)
[2026-08-05 04:33:19] Scanning sigaction.h.34902f70.trap (crawler.c.3350b4f7_0.trap.tar.zst) (132 of 1053)
[2026-08-05 04:33:19] Scanning sigcontext.h.215defda.trap (crawler.c.3350b4f7_0.trap.tar.zst) (133 of 1053)
[2026-08-05 04:33:19] Scanning stddef.h.d98bdd54.trap (crawler.c.3350b4f7_0.trap.tar.zst) (134 of 1053)
[2026-08-05 04:33:19] Scanning stddef.h.0addd08e.trap (crawler.c.3350b4f7_0.trap.tar.zst) (135 of 1053)
[2026-08-05 04:33:19] Scanning stack_t.h.52ff8e65.trap (crawler.c.3350b4f7_0.trap.tar.zst) (136 of 1053)
[2026-08-05 04:33:19] Scanning ucontext.h.47145829.trap (crawler.c.3350b4f7_0.trap.tar.zst) (137 of 1053)
[2026-08-05 04:33:19] Scanning sigstack.h.1a47f8ce.trap (crawler.c.3350b4f7_0.trap.tar.zst) (138 of 1053)
[2026-08-05 04:33:19] Scanning sigstksz.h.396cdcaf.trap (crawler.c.3350b4f7_0.trap.tar.zst) (139 of 1053)
[2026-08-05 04:33:19] Scanning ss_flags.h.124422b3.trap (crawler.c.3350b4f7_0.trap.tar.zst) (140 of 1053)
[2026-08-05 04:33:19] Scanning struct_sigstack.h.9f25e4f2.trap (crawler.c.3350b4f7_0.trap.tar.zst) (141 of 1053)
[2026-08-05 04:33:19] Scanning sigthread.h.39d7de38.trap (crawler.c.3350b4f7_0.trap.tar.zst) (142 of 1053)
[2026-08-05 04:33:19] Scanning signal_ext.h.7abf92ac.trap (crawler.c.3350b4f7_0.trap.tar.zst) (143 of 1053)
[2026-08-05 04:33:19] Scanning signal.h.57c0282d.trap (crawler.c.3350b4f7_0.trap.tar.zst) (144 of 1053)
[2026-08-05 04:33:19] Scanning libc-header-start.h.b143fc9d.trap (crawler.c.3350b4f7_0.trap.tar.zst) (145 of 1053)
[2026-08-05 04:33:19] Scanning limits.h.2f554149.trap (crawler.c.3350b4f7_0.trap.tar.zst) (146 of 1053)
[2026-08-05 04:33:19] Scanning local_lim.h.9fab9f75.trap (crawler.c.3350b4f7_0.trap.tar.zst) (147 of 1053)
[2026-08-05 04:33:19] Scanning xopen_lim.h.abd90db8.trap (crawler.c.3350b4f7_0.trap.tar.zst) (148 of 1053)
[2026-08-05 04:33:19] Scanning limits.h.b4534c49.trap (crawler.c.3350b4f7_0.trap.tar.zst) (149 of 1053)
[2026-08-05 04:33:19] Scanning slabs_mover.h.2051cb14.trap (crawler.c.3350b4f7_0.trap.tar.zst) (150 of 1053)
[2026-08-05 04:33:19] Scanning protocol_binary.h.b0f6635d.trap (crawler.c.3350b4f7_0.trap.tar.zst) (151 of 1053)
[2026-08-05 04:33:19] Scanning logger.h.0920bd81.trap (crawler.c.3350b4f7_0.trap.tar.zst) (152 of 1053)
[2026-08-05 04:33:19] Scanning util.h.0dedfd47.trap (crawler.c.3350b4f7_0.trap.tar.zst) (153 of 1053)
[2026-08-05 04:33:19] Scanning crc32c.h.fe6c4211.trap (crawler.c.3350b4f7_0.trap.tar.zst) (154 of 1053)
[2026-08-05 04:33:19] Scanning slabs.h.42cddc91.trap (crawler.c.3350b4f7_0.trap.tar.zst) (155 of 1053)
[2026-08-05 04:33:19] Scanning assoc.h.763a9f9b.trap (crawler.c.3350b4f7_0.trap.tar.zst) (156 of 1053)
[2026-08-05 04:33:19] Scanning items.h.b68eb055.trap (crawler.c.3350b4f7_0.trap.tar.zst) (157 of 1053)
[2026-08-05 04:33:19] Scanning crawler.h.17e9eb4f.trap (crawler.c.3350b4f7_0.trap.tar.zst) (158 of 1053)
[2026-08-05 04:33:19] Scanning trace.h.3422a3d1.trap (crawler.c.3350b4f7_0.trap.tar.zst) (159 of 1053)
[2026-08-05 04:33:19] Scanning hash.h.13d3801d.trap (crawler.c.3350b4f7_0.trap.tar.zst) (160 of 1053)
[2026-08-05 04:33:19] Scanning memcached.h.ef723a27.trap (crawler.c.3350b4f7_0.trap.tar.zst) (161 of 1053)
[2026-08-05 04:33:19] Scanning storage.h.76c7baa0.trap (crawler.c.3350b4f7_0.trap.tar.zst) (162 of 1053)
[2026-08-05 04:33:19] Scanning struct_stat.h.6b6f2899.trap (crawler.c.3350b4f7_0.trap.tar.zst) (163 of 1053)
[2026-08-05 04:33:19] Scanning stat.h.e1dc0080.trap (crawler.c.3350b4f7_0.trap.tar.zst) (164 of 1053)
[2026-08-05 04:33:19] Scanning stat.h.4cc46993.trap (crawler.c.3350b4f7_0.trap.tar.zst) (165 of 1053)
[2026-08-05 04:33:19] Scanning struct_statx_timestamp.h.e64f7a4e.trap (crawler.c.3350b4f7_0.trap.tar.zst) (166 of 1053)
[2026-08-05 04:33:19] Scanning struct_statx.h.8d790351.trap (crawler.c.3350b4f7_0.trap.tar.zst) (167 of 1053)
[2026-08-05 04:33:19] Scanning statx-generic.h.86699424.trap (crawler.c.3350b4f7_0.trap.tar.zst) (168 of 1053)
[2026-08-05 04:33:19] Scanning statx.h.a03f1a03.trap (crawler.c.3350b4f7_0.trap.tar.zst) (169 of 1053)
[2026-08-05 04:33:19] Scanning stat.h.3c55703c.trap (crawler.c.3350b4f7_0.trap.tar.zst) (170 of 1053)
[2026-08-05 04:33:19] Scanning struct_rusage.h.e076c44d.trap (crawler.c.3350b4f7_0.trap.tar.zst) (171 of 1053)
[2026-08-05 04:33:19] Scanning resource.h.cf4d3b27.trap (crawler.c.3350b4f7_0.trap.tar.zst) (172 of 1053)
[2026-08-05 04:33:19] Scanning resource.h.32ea6b8f.trap (crawler.c.3350b4f7_0.trap.tar.zst) (173 of 1053)
[2026-08-05 04:33:19] Scanning falloc.h.2f554149.trap (crawler.c.3350b4f7_0.trap.tar.zst) (174 of 1053)
[2026-08-05 04:33:19] Scanning openat2.h.e83fb336.trap (crawler.c.3350b4f7_0.trap.tar.zst) (175 of 1053)
[2026-08-05 04:33:19] Scanning openat2.h.da49e5bc.trap (crawler.c.3350b4f7_0.trap.tar.zst) (176 of 1053)
[2026-08-05 04:33:19] Scanning fcntl-linux-fortify.h.5dc2a7e6.trap (crawler.c.3350b4f7_0.trap.tar.zst) (177 of 1053)
[2026-08-05 04:33:19] Scanning fcntl-linux.h.8fc3e951.trap (crawler.c.3350b4f7_0.trap.tar.zst) (178 of 1053)
[2026-08-05 04:33:19] Scanning fcntl.h.45d5d4b4.trap (crawler.c.3350b4f7_0.trap.tar.zst) (179 of 1053)
[2026-08-05 04:33:19] Scanning stat.h.9ac782cd.trap (crawler.c.3350b4f7_0.trap.tar.zst) (180 of 1053)
[2026-08-05 04:33:19] Scanning fcntl2.h.137b6bf4.trap (crawler.c.3350b4f7_0.trap.tar.zst) (181 of 1053)
[2026-08-05 04:33:19] Scanning fcntl.h.9a4ae33a.trap (crawler.c.3350b4f7_0.trap.tar.zst) (182 of 1053)
[2026-08-05 04:33:19] Scanning assert.h.79c62bfc.trap (crawler.c.3350b4f7_0.trap.tar.zst) (183 of 1053)
[2026-08-05 04:33:19] Scanning poll.h.e8177296.trap (crawler.c.3350b4f7_0.trap.tar.zst) (184 of 1053)
[2026-08-05 04:33:19] Scanning poll2.h.b455e5d0.trap (crawler.c.3350b4f7_0.trap.tar.zst) (185 of 1053)
[2026-08-05 04:33:19] Scanning poll.h.a75ed6ed.trap (crawler.c.3350b4f7_0.trap.tar.zst) (186 of 1053)
[2026-08-05 04:33:19] Scanning crawler.c.3350b4f7.trap (crawler.c.3350b4f7_0.trap.tar.zst) (187 of 1053)
[2026-08-05 04:33:19] Scanning crawler.c.356c52dc.trap (crawler.c.356c52dc_0.trap.tar.zst) (188 of 1053)
[2026-08-05 04:33:19] Scanning stddef.h.80a72f94.trap (crc32c.c.fe9d32a8_0.trap.tar.zst) (189 of 1053)
[2026-08-05 04:33:19] Scanning sched.h.3bbc6749.trap (crc32c.c.fe9d32a8_0.trap.tar.zst) (190 of 1053)
[2026-08-05 04:33:19] Scanning time.h.5a0e04eb.trap (crc32c.c.fe9d32a8_0.trap.tar.zst) (191 of 1053)
[2026-08-05 04:33:19] Scanning crc32c.c.fe9d32a8.trap (crc32c.c.fe9d32a8_0.trap.tar.zst) (192 of 1053)
[2026-08-05 04:33:19] Scanning fcntl.h.6afaa2e8.trap (daemon.c.76f35d99_0.trap.tar.zst) (193 of 1053)
[2026-08-05 04:33:19] Scanning stdio.h.2e371abb.trap (daemon.c.76f35d99_0.trap.tar.zst) (194 of 1053)
[2026-08-05 04:33:19] Scanning types.h.c7feee91.trap (daemon.c.76f35d99_0.trap.tar.zst) (195 of 1053)
[2026-08-05 04:33:19] Scanning unistd.h.0491e3d8.trap (daemon.c.76f35d99_0.trap.tar.zst) (196 of 1053)
[2026-08-05 04:33:19] Scanning socket.h.0ce71741.trap (daemon.c.76f35d99_0.trap.tar.zst) (197 of 1053)
[2026-08-05 04:33:19] Scanning time.h.2b0ce1a6.trap (daemon.c.76f35d99_0.trap.tar.zst) (198 of 1053)
[2026-08-05 04:33:19] Scanning sched.h.59e94c31.trap (daemon.c.76f35d99_0.trap.tar.zst) (199 of 1053)
[2026-08-05 04:33:19] Scanning assert.h.65acd2e8.trap (daemon.c.76f35d99_0.trap.tar.zst) (200 of 1053)
[2026-08-05 04:33:19] Scanning signal.h.debf9ac6.trap (daemon.c.76f35d99_0.trap.tar.zst) (201 of 1053)
[2026-08-05 04:33:19] Scanning memcached.h.3a1f9f26.trap (daemon.c.76f35d99_0.trap.tar.zst) (202 of 1053)
[2026-08-05 04:33:19] Scanning daemon.c.76f35d99.trap (daemon.c.76f35d99_0.trap.tar.zst) (203 of 1053)
[2026-08-05 04:33:19] Scanning daemon.c.ad568f0b.trap (daemon.c.ad568f0b_0.trap.tar.zst) (204 of 1053)
[2026-08-05 04:33:19] Scanning extstore.c.63996c20.trap (extstore.c.63996c20_0.trap.tar.zst) (205 of 1053)
[2026-08-05 04:33:19] Scanning libc-header-start.h.a1ebb7ae.trap (extstore.c.83fe631c_0.trap.tar.zst) (206 of 1053)
[2026-08-05 04:33:19] Scanning libc-header-start.h.043be94a.trap (extstore.c.83fe631c_0.trap.tar.zst) (207 of 1053)
[2026-08-05 04:33:19] Scanning limits.h.ef239b74.trap (extstore.c.83fe631c_0.trap.tar.zst) (208 of 1053)
[2026-08-05 04:33:19] Scanning time.h.49b6475a.trap (extstore.c.83fe631c_0.trap.tar.zst) (209 of 1053)
[2026-08-05 04:33:19] Scanning fcntl.h.7bb7f105.trap (extstore.c.83fe631c_0.trap.tar.zst) (210 of 1053)
[2026-08-05 04:33:19] Scanning getopt_posix.h.b0a49dfd.trap (extstore.c.83fe631c_0.trap.tar.zst) (211 of 1053)
[2026-08-05 04:33:19] Scanning unistd.h.b1233989.trap (extstore.c.83fe631c_0.trap.tar.zst) (212 of 1053)
[2026-08-05 04:33:19] Scanning libc-header-start.h.4eaf0aef.trap (extstore.c.83fe631c_0.trap.tar.zst) (213 of 1053)
[2026-08-05 04:33:19] Scanning stdio.h.6cb23800.trap (extstore.c.83fe631c_0.trap.tar.zst) (214 of 1053)
[2026-08-05 04:33:19] Scanning libc-header-start.h.da7f3a7c.trap (extstore.c.83fe631c_0.trap.tar.zst) (215 of 1053)
[2026-08-05 04:33:19] Scanning extstore.c.83fe631c.trap (extstore.c.83fe631c_0.trap.tar.zst) (216 of 1053)
[2026-08-05 04:33:19] Scanning xxhash.h.92aec47a.trap (hash.c.a09ecf6b_0.trap.tar.zst) (217 of 1053)
[2026-08-05 04:33:19] Scanning hash.c.a09ecf6b.trap (hash.c.a09ecf6b_0.trap.tar.zst) (218 of 1053)
[2026-08-05 04:33:19] Scanning hash.c.cca2bd0a.trap (hash.c.cca2bd0a_0.trap.tar.zst) (219 of 1053)
[2026-08-05 04:33:19] Scanning items.c.33662d8f.trap (items.c.33662d8f_0.trap.tar.zst) (220 of 1053)
[2026-08-05 04:33:19] Scanning items.c.88b3fbde.trap (items.c.88b3fbde_0.trap.tar.zst) (221 of 1053)
[2026-08-05 04:33:19] Scanning itoa_ljust.h.1dfca15d.trap (itoa_ljust.c.bed877b4_0.trap.tar.zst) (222 of 1053)
[2026-08-05 04:33:19] Scanning stddef.h.a3cee6d7.trap (itoa_ljust.c.bed877b4_0.trap.tar.zst) (223 of 1053)
[2026-08-05 04:33:19] Scanning itoa_ljust.c.bed877b4.trap (itoa_ljust.c.bed877b4_0.trap.tar.zst) (224 of 1053)
[2026-08-05 04:33:19] Scanning assert.h.0125ac37.trap (jenkins_hash.c.d851cdae_0.trap.tar.zst) (225 of 1053)
[2026-08-05 04:33:19] Scanning cache.h.46522897.trap (jenkins_hash.c.d851cdae_0.trap.tar.zst) (226 of 1053)
[2026-08-05 04:33:19] Scanning memcached.h.3b06e1ab.trap (jenkins_hash.c.d851cdae_0.trap.tar.zst) (227 of 1053)
[2026-08-05 04:33:19] Scanning jenkins_hash.h.61f2f724.trap (jenkins_hash.c.d851cdae_0.trap.tar.zst) (228 of 1053)
[2026-08-05 04:33:19] Scanning jenkins_hash.c.d851cdae.trap (jenkins_hash.c.d851cdae_0.trap.tar.zst) (229 of 1053)
[2026-08-05 04:33:19] Scanning jenkins_hash.c.dc9c2610.trap (jenkins_hash.c.dc9c2610_0.trap.tar.zst) (230 of 1053)
[2026-08-05 04:33:19] Scanning jenkins_hash.c.dd8df613.trap (jenkins_hash.c.dd8df613_0.trap.tar.zst) (231 of 1053)
[2026-08-05 04:33:19] Scanning stddef.h.b6381dd0.trap (logger.c.9d8d7db3_0.trap.tar.zst) (232 of 1053)
[2026-08-05 04:33:19] Scanning byteswap.h.303fd11d.trap (logger.c.9d8d7db3_0.trap.tar.zst) (233 of 1053)
[2026-08-05 04:33:19] Scanning uintn-identity.h.0544359f.trap (logger.c.9d8d7db3_0.trap.tar.zst) (234 of 1053)
[2026-08-05 04:33:19] Scanning socket.h.97fc5265.trap (logger.c.9d8d7db3_0.trap.tar.zst) (235 of 1053)
[2026-08-05 04:33:19] Scanning socket2.h.dd3abf3e.trap (logger.c.9d8d7db3_0.trap.tar.zst) (236 of 1053)
[2026-08-05 04:33:19] Scanning socket.h.78980b5d.trap (logger.c.9d8d7db3_0.trap.tar.zst) (237 of 1053)
[2026-08-05 04:33:19] Scanning in.h.50c5048b.trap (logger.c.9d8d7db3_0.trap.tar.zst) (238 of 1053)
[2026-08-05 04:33:19] Scanning inet-fortified-decl.h.17b3e43e.trap (logger.c.9d8d7db3_0.trap.tar.zst) (239 of 1053)
[2026-08-05 04:33:19] Scanning inet-fortified.h.89b27817.trap (logger.c.9d8d7db3_0.trap.tar.zst) (240 of 1053)
[2026-08-05 04:33:19] Scanning inet.h.f767d6bd.trap (logger.c.9d8d7db3_0.trap.tar.zst) (241 of 1053)
[2026-08-05 04:33:19] Scanning stddef.h.feec0d8d.trap (logger.c.9d8d7db3_0.trap.tar.zst) (242 of 1053)
[2026-08-05 04:33:19] Scanning stdio.h.3f132cf6.trap (logger.c.9d8d7db3_0.trap.tar.zst) (243 of 1053)
[2026-08-05 04:33:19] Scanning errno.h.fe1bade7.trap (logger.c.9d8d7db3_0.trap.tar.zst) (244 of 1053)
[2026-08-05 04:33:19] Scanning poll.h.de2867c2.trap (logger.c.9d8d7db3_0.trap.tar.zst) (245 of 1053)
[2026-08-05 04:33:19] Scanning poll2.h.64b28721.trap (logger.c.9d8d7db3_0.trap.tar.zst) (246 of 1053)
[2026-08-05 04:33:19] Scanning poll.h.59bab4ce.trap (logger.c.9d8d7db3_0.trap.tar.zst) (247 of 1053)
[2026-08-05 04:33:19] Scanning poll.h.d41fea98.trap (logger.c.9d8d7db3_0.trap.tar.zst) (248 of 1053)
[2026-08-05 04:33:19] Scanning stdarg.h.2827ee5e.trap (logger.c.9d8d7db3_0.trap.tar.zst) (249 of 1053)
[2026-08-05 04:33:19] Scanning time.h.45d023a9.trap (logger.c.9d8d7db3_0.trap.tar.zst) (250 of 1053)
[2026-08-05 04:33:19] Scanning event-config.h.d26eac89.trap (logger.c.9d8d7db3_0.trap.tar.zst) (251 of 1053)
[2026-08-05 04:33:19] Scanning stddef.h.040b6817.trap (logger.c.9d8d7db3_0.trap.tar.zst) (252 of 1053)
[2026-08-05 04:33:19] Scanning netdb.h.5fbd787f.trap (logger.c.9d8d7db3_0.trap.tar.zst) (253 of 1053)
[2026-08-05 04:33:19] Scanning time.h.5d9428b6.trap (logger.c.9d8d7db3_0.trap.tar.zst) (254 of 1053)
[2026-08-05 04:33:19] Scanning util.h.cdd6c138.trap (logger.c.9d8d7db3_0.trap.tar.zst) (255 of 1053)
[2026-08-05 04:33:19] Scanning uio.h.f5fd551a.trap (logger.c.9d8d7db3_0.trap.tar.zst) (256 of 1053)
[2026-08-05 04:33:19] Scanning posix_opt.h.fc3f5e45.trap (logger.c.9d8d7db3_0.trap.tar.zst) (257 of 1053)
[2026-08-05 04:33:19] Scanning getopt_posix.h.8b0aa7d0.trap (logger.c.9d8d7db3_0.trap.tar.zst) (258 of 1053)
[2026-08-05 04:33:19] Scanning unistd-decl.h.8b14e529.trap (logger.c.9d8d7db3_0.trap.tar.zst) (259 of 1053)
[2026-08-05 04:33:19] Scanning unistd.h.c5615da2.trap (logger.c.9d8d7db3_0.trap.tar.zst) (260 of 1053)
[2026-08-05 04:33:19] Scanning unistd_ext.h.cf34fd38.trap (logger.c.9d8d7db3_0.trap.tar.zst) (261 of 1053)
[2026-08-05 04:33:19] Scanning unistd.h.13d38e90.trap (logger.c.9d8d7db3_0.trap.tar.zst) (262 of 1053)
[2026-08-05 04:33:19] Scanning grp.h.55bec2c6.trap (logger.c.9d8d7db3_0.trap.tar.zst) (263 of 1053)
[2026-08-05 04:33:19] Scanning signum-generic.h.8975ebcb.trap (logger.c.9d8d7db3_0.trap.tar.zst) (264 of 1053)
[2026-08-05 04:33:19] Scanning siginfo-consts.h.20220af5.trap (logger.c.9d8d7db3_0.trap.tar.zst) (265 of 1053)
[2026-08-05 04:33:19] Scanning sigevent_t.h.643d46be.trap (logger.c.9d8d7db3_0.trap.tar.zst) (266 of 1053)
[2026-08-05 04:33:19] Scanning sigaction.h.74d6b40a.trap (logger.c.9d8d7db3_0.trap.tar.zst) (267 of 1053)
[2026-08-05 04:33:19] Scanning ucontext.h.ef9418f5.trap (logger.c.9d8d7db3_0.trap.tar.zst) (268 of 1053)
[2026-08-05 04:33:19] Scanning sigstksz.h.bcb54497.trap (logger.c.9d8d7db3_0.trap.tar.zst) (269 of 1053)
[2026-08-05 04:33:19] Scanning sigthread.h.b8ddb919.trap (logger.c.9d8d7db3_0.trap.tar.zst) (270 of 1053)
[2026-08-05 04:33:19] Scanning signal_ext.h.f866498a.trap (logger.c.9d8d7db3_0.trap.tar.zst) (271 of 1053)
[2026-08-05 04:33:19] Scanning signal.h.b03c4d8e.trap (logger.c.9d8d7db3_0.trap.tar.zst) (272 of 1053)
[2026-08-05 04:33:19] Scanning libc-header-start.h.1a36f852.trap (logger.c.9d8d7db3_0.trap.tar.zst) (273 of 1053)
[2026-08-05 04:33:19] Scanning posix1_lim.h.9a298036.trap (logger.c.9d8d7db3_0.trap.tar.zst) (274 of 1053)
[2026-08-05 04:33:19] Scanning limits.h.7420c1f2.trap (logger.c.9d8d7db3_0.trap.tar.zst) (275 of 1053)
[2026-08-05 04:33:19] Scanning limits.h.6105d0e6.trap (logger.c.9d8d7db3_0.trap.tar.zst) (276 of 1053)
[2026-08-05 04:33:19] Scanning memcached.h.f24f788c.trap (logger.c.9d8d7db3_0.trap.tar.zst) (277 of 1053)
[2026-08-05 04:33:19] Scanning logger.c.9d8d7db3.trap (logger.c.9d8d7db3_0.trap.tar.zst) (278 of 1053)
[2026-08-05 04:33:19] Scanning logger.c.f02ad8e5.trap (logger.c.f02ad8e5_0.trap.tar.zst) (279 of 1053)
[2026-08-05 04:33:19] Scanning md5.c.5ace7c21.trap (md5.c.5ace7c21_0.trap.tar.zst) (280 of 1053)
[2026-08-05 04:33:19] Scanning memcached.c.098cd95d.trap (memcached.c.098cd95d_0.trap.tar.zst) (281 of 1053)
[2026-08-05 04:33:19] Scanning socket.h.43d999e8.trap (memcached.c.faa6a6d9_0.trap.tar.zst) (282 of 1053)
[2026-08-05 04:33:19] Scanning un.h.f7992a86.trap (memcached.c.faa6a6d9_0.trap.tar.zst) (283 of 1053)
[2026-08-05 04:33:19] Scanning stddef.h.674f4a3f.trap (memcached.c.faa6a6d9_0.trap.tar.zst) (284 of 1053)
[2026-08-05 04:33:19] Scanning pwd.h.fa2caf2e.trap (memcached.c.faa6a6d9_0.trap.tar.zst) (285 of 1053)
[2026-08-05 04:33:19] Scanning tcp.h.fd8ca69e.trap (memcached.c.faa6a6d9_0.trap.tar.zst) (286 of 1053)
[2026-08-05 04:33:19] Scanning getopt_ext.h.1675e9c5.trap (memcached.c.faa6a6d9_0.trap.tar.zst) (287 of 1053)
[2026-08-05 04:33:19] Scanning getopt.h.1621817d.trap (memcached.c.faa6a6d9_0.trap.tar.zst) (288 of 1053)
[2026-08-05 04:33:19] Scanning memcached.c.faa6a6d9.trap (memcached.c.faa6a6d9_0.trap.tar.zst) (289 of 1053)
[2026-08-05 04:33:19] Scanning wordsize.h.01b03c86.trap (murmur3_hash.c.52fca9d0_0.trap.tar.zst) (290 of 1053)
[2026-08-05 04:33:19] Scanning timesize.h.703f9dc6.trap (murmur3_hash.c.52fca9d0_0.trap.tar.zst) (291 of 1053)
[2026-08-05 04:33:19] Scanning features-time64.h.616e908d.trap (murmur3_hash.c.52fca9d0_0.trap.tar.zst) (292 of 1053)
[2026-08-05 04:33:19] Scanning stdc-predef.h.364e3208.trap (murmur3_hash.c.52fca9d0_0.trap.tar.zst) (293 of 1053)
[2026-08-05 04:33:19] Scanning long-double.h.bfc02082.trap (murmur3_hash.c.52fca9d0_0.trap.tar.zst) (294 of 1053)
[2026-08-05 04:33:19] Scanning cdefs.h.770b2cc7.trap (murmur3_hash.c.52fca9d0_0.trap.tar.zst) (295 of 1053)
[2026-08-05 04:33:19] Scanning stubs-64.h.364e3208.trap (murmur3_hash.c.52fca9d0_0.trap.tar.zst) (296 of 1053)
[2026-08-05 04:33:19] Scanning stubs.h.c9d43ccb.trap (murmur3_hash.c.52fca9d0_0.trap.tar.zst) (297 of 1053)
[2026-08-05 04:33:19] Scanning features.h.537ff85f.trap (murmur3_hash.c.52fca9d0_0.trap.tar.zst) (298 of 1053)
[2026-08-05 04:33:19] Scanning libc-header-start.h.7d11c7ef.trap (murmur3_hash.c.52fca9d0_0.trap.tar.zst) (299 of 1053)
[2026-08-05 04:33:19] Scanning typesizes.h.686292a7.trap (murmur3_hash.c.52fca9d0_0.trap.tar.zst) (300 of 1053)
[2026-08-05 04:33:19] Scanning time64.h.884a4ef4.trap (murmur3_hash.c.52fca9d0_0.trap.tar.zst) (301 of 1053)
[2026-08-05 04:33:19] Scanning types.h.ed1ba954.trap (murmur3_hash.c.52fca9d0_0.trap.tar.zst) (302 of 1053)
[2026-08-05 04:33:19] Scanning wchar.h.442ec352.trap (murmur3_hash.c.52fca9d0_0.trap.tar.zst) (303 of 1053)
[2026-08-05 04:33:19] Scanning stdint-intn.h.b2232cee.trap (murmur3_hash.c.52fca9d0_0.trap.tar.zst) (304 of 1053)
[2026-08-05 04:33:19] Scanning stdint-uintn.h.6b40e1d6.trap (murmur3_hash.c.52fca9d0_0.trap.tar.zst) (305 of 1053)
[2026-08-05 04:33:19] Scanning stdint-least.h.207fb010.trap (murmur3_hash.c.52fca9d0_0.trap.tar.zst) (306 of 1053)
[2026-08-05 04:33:19] Scanning stdint.h.44d09fef.trap (murmur3_hash.c.52fca9d0_0.trap.tar.zst) (307 of 1053)
[2026-08-05 04:33:19] Scanning stdint.h.151e9323.trap (murmur3_hash.c.52fca9d0_0.trap.tar.zst) (308 of 1053)
[2026-08-05 04:33:19] Scanning stddef.h.46f94569.trap (murmur3_hash.c.52fca9d0_0.trap.tar.zst) (309 of 1053)
[2026-08-05 04:33:19] Scanning murmur3_hash.h.e04b4cdc.trap (murmur3_hash.c.52fca9d0_0.trap.tar.zst) (310 of 1053)
[2026-08-05 04:33:19] Scanning murmur3_hash.c.52fca9d0.trap (murmur3_hash.c.52fca9d0_0.trap.tar.zst) (311 of 1053)
[2026-08-05 04:33:19] Scanning proto_bin.c.ae05c905.trap (proto_bin.c.ae05c905_0.trap.tar.zst) (312 of 1053)
[2026-08-05 04:33:19] Scanning proto_bin.h.cd621fcb.trap (proto_bin.c.d74934cd_0.trap.tar.zst) (313 of 1053)
[2026-08-05 04:33:19] Scanning proto_bin.c.d74934cd.trap (proto_bin.c.d74934cd_0.trap.tar.zst) (314 of 1053)
[2026-08-05 04:33:19] Scanning proto_parser.c.c223a5bf.trap (proto_parser.c.c223a5bf_0.trap.tar.zst) (315 of 1053)
[2026-08-05 04:33:19] Scanning limits.h.6f1813c6.trap (proto_parser.c.e44490e5_0.trap.tar.zst) (316 of 1053)
[2026-08-05 04:33:19] Scanning proto_parser.c.e44490e5.trap (proto_parser.c.e44490e5_0.trap.tar.zst) (317 of 1053)
[2026-08-05 04:33:19] Scanning proto_proxy.c.757bf91d.trap (proto_proxy.c.757bf91d_0.trap.tar.zst) (318 of 1053)
[2026-08-05 04:33:19] Scanning proto_proxy.c.ae9885df.trap (proto_proxy.c.ae9885df_0.trap.tar.zst) (319 of 1053)
[2026-08-05 04:33:19] Scanning proto_text.c.cca9a4ee.trap (proto_text.c.cca9a4ee_0.trap.tar.zst) (320 of 1053)
[2026-08-05 04:33:19] Scanning proto_proxy.h.a7999f49.trap (proto_text.c.e12678bf_0.trap.tar.zst) (321 of 1053)
[2026-08-05 04:33:19] Scanning mcmc.h.dfd6cb1c.trap (proto_text.c.e12678bf_0.trap.tar.zst) (322 of 1053)
[2026-08-05 04:33:19] Scanning proto_parser_type.h.abcbe226.trap (proto_text.c.e12678bf_0.trap.tar.zst) (323 of 1053)
[2026-08-05 04:33:19] Scanning proto_parser.h.19e17ff2.trap (proto_text.c.e12678bf_0.trap.tar.zst) (324 of 1053)
[2026-08-05 04:33:19] Scanning proto_text.h.17350209.trap (proto_text.c.e12678bf_0.trap.tar.zst) (325 of 1053)
[2026-08-05 04:33:19] Scanning tls.h.3f54b1be.trap (proto_text.c.e12678bf_0.trap.tar.zst) (326 of 1053)
[2026-08-05 04:33:19] Scanning proto_text.c.e12678bf.trap (proto_text.c.e12678bf_0.trap.tar.zst) (327 of 1053)
[2026-08-05 04:33:19] Scanning proxy_config.c.60b2da27.trap (proxy_config.c.60b2da27_0.trap.tar.zst) (328 of 1053)
[2026-08-05 04:33:19] Scanning routelib.h.bfc02082.trap (proxy_config.c.7b8ec99f_0.trap.tar.zst) (329 of 1053)
[2026-08-05 04:33:19] Scanning proxy_config.c.7b8ec99f.trap (proxy_config.c.7b8ec99f_0.trap.tar.zst) (330 of 1053)
[2026-08-05 04:33:19] Scanning proxy_inspector.c.629e59ff.trap (proxy_inspector.c.629e59ff_0.trap.tar.zst) (331 of 1053)
[2026-08-05 04:33:19] Scanning proxy_inspector.c.6d6062dc.trap (proxy_inspector.c.6d6062dc_0.trap.tar.zst) (332 of 1053)
[2026-08-05 04:33:19] Scanning proxy_internal.c.27b052b6.trap (proxy_internal.c.27b052b6_0.trap.tar.zst) (333 of 1053)
[2026-08-05 04:33:19] Scanning proxy_internal.c.43d53f8e.trap (proxy_internal.c.43d53f8e_0.trap.tar.zst) (334 of 1053)
[2026-08-05 04:33:19] Scanning proxy_jump_hash.c.91b6a956.trap (proxy_jump_hash.c.91b6a956_0.trap.tar.zst) (335 of 1053)
[2026-08-05 04:33:19] Scanning proxy_jump_hash.c.aa22088c.trap (proxy_jump_hash.c.aa22088c_0.trap.tar.zst) (336 of 1053)
[2026-08-05 04:33:19] Scanning storage.h.5543a1b5.trap (proxy_lua.c.0fc86717_0.trap.tar.zst) (337 of 1053)
[2026-08-05 04:33:19] Scanning proxy_lua.c.0fc86717.trap (proxy_lua.c.0fc86717_0.trap.tar.zst) (338 of 1053)
[2026-08-05 04:33:19] Scanning proxy_lua.c.100ab912.trap (proxy_lua.c.100ab912_0.trap.tar.zst) (339 of 1053)
[2026-08-05 04:33:20] Scanning proxy_luafgen.c.00be1358.trap (proxy_luafgen.c.00be1358_0.trap.tar.zst) (340 of 1053)
[2026-08-05 04:33:20] Scanning proxy_luafgen.c.c2a5572d.trap (proxy_luafgen.c.c2a5572d_0.trap.tar.zst) (341 of 1053)
[2026-08-05 04:33:20] Scanning proxy_mutator.c.7c58ee48.trap (proxy_mutator.c.7c58ee48_0.trap.tar.zst) (342 of 1053)
[2026-08-05 04:33:20] Scanning proxy_mutator.c.a369147a.trap (proxy_mutator.c.a369147a_0.trap.tar.zst) (343 of 1053)
[2026-08-05 04:33:20] Scanning proxy_network.c.27219569.trap (proxy_network.c.27219569_0.trap.tar.zst) (344 of 1053)
[2026-08-05 04:33:20] Scanning proxy_tls.h.56ad2f65.trap (proxy_network.c.2c3618c9_0.trap.tar.zst) (345 of 1053)
[2026-08-05 04:33:20] Scanning proxy_network.c.2c3618c9.trap (proxy_network.c.2c3618c9_0.trap.tar.zst) (346 of 1053)
[2026-08-05 04:33:20] Scanning proxy_ratelim.c.5726a7c7.trap (proxy_ratelim.c.5726a7c7_0.trap.tar.zst) (347 of 1053)
[2026-08-05 04:33:20] Scanning proxy_ratelim.c.b47533ba.trap (proxy_ratelim.c.b47533ba_0.trap.tar.zst) (348 of 1053)
[2026-08-05 04:33:20] Scanning proxy_request.c.a1e774a8.trap (proxy_request.c.a1e774a8_0.trap.tar.zst) (349 of 1053)
[2026-08-05 04:33:20] Scanning proxy_request.c.bd463b5f.trap (proxy_request.c.bd463b5f_0.trap.tar.zst) (350 of 1053)
[2026-08-05 04:33:20] Scanning proxy_result.c.08453894.trap (proxy_result.c.08453894_0.trap.tar.zst) (351 of 1053)
[2026-08-05 04:33:20] Scanning proxy_result.c.27899a79.trap (proxy_result.c.27899a79_0.trap.tar.zst) (352 of 1053)
[2026-08-05 04:33:20] Scanning proxy_ring_hash.c.29e155c3.trap (proxy_ring_hash.c.29e155c3_0.trap.tar.zst) (353 of 1053)
[2026-08-05 04:33:20] Scanning md5.h.f1df9f71.trap (proxy_ring_hash.c.5f6c9e12_0.trap.tar.zst) (354 of 1053)
[2026-08-05 04:33:20] Scanning proxy_ring_hash.c.5f6c9e12.trap (proxy_ring_hash.c.5f6c9e12_0.trap.tar.zst) (355 of 1053)
[2026-08-05 04:33:20] Scanning proxy_tls.c.2999e3db.trap (proxy_tls.c.2999e3db_0.trap.tar.zst) (356 of 1053)
[2026-08-05 04:33:20] Scanning proxy_tls.c.ca319fc3.trap (proxy_tls.c.ca319fc3_0.trap.tar.zst) (357 of 1053)
[2026-08-05 04:33:20] Scanning extstore.h.08b19962.trap (proxy_ustats.c.891164bf_0.trap.tar.zst) (358 of 1053)
[2026-08-05 04:33:20] Scanning luaconf.h.a67b5652.trap (proxy_ustats.c.891164bf_0.trap.tar.zst) (359 of 1053)
[2026-08-05 04:33:20] Scanning lua.h.e5e596a0.trap (proxy_ustats.c.891164bf_0.trap.tar.zst) (360 of 1053)
[2026-08-05 04:33:20] Scanning lualib.h.ebc1b9fe.trap (proxy_ustats.c.891164bf_0.trap.tar.zst) (361 of 1053)
[2026-08-05 04:33:20] Scanning lauxlib.h.c62dec02.trap (proxy_ustats.c.891164bf_0.trap.tar.zst) (362 of 1053)
[2026-08-05 04:33:20] Scanning eventfd.h.1ffd1a57.trap (proxy_ustats.c.891164bf_0.trap.tar.zst) (363 of 1053)
[2026-08-05 04:33:20] Scanning eventfd.h.fb046b5b.trap (proxy_ustats.c.891164bf_0.trap.tar.zst) (364 of 1053)
[2026-08-05 04:33:20] Scanning stdalign.h.7bd4d475.trap (proxy_ustats.c.891164bf_0.trap.tar.zst) (365 of 1053)
[2026-08-05 04:33:20] Scanning mmintrin.h.bc5e09fb.trap (proxy_ustats.c.891164bf_0.trap.tar.zst) (366 of 1053)
[2026-08-05 04:33:20] Scanning mm_malloc.h.295a12b8.trap (proxy_ustats.c.891164bf_0.trap.tar.zst) (367 of 1053)
[2026-08-05 04:33:20] Scanning emmintrin.h.97464d9a.trap (proxy_ustats.c.891164bf_0.trap.tar.zst) (368 of 1053)
[2026-08-05 04:33:20] Scanning xmmintrin.h.d3bc56cc.trap (proxy_ustats.c.891164bf_0.trap.tar.zst) (369 of 1053)
[2026-08-05 04:33:20] Scanning emmintrin.h.f58da8ee.trap (proxy_ustats.c.891164bf_0.trap.tar.zst) (370 of 1053)
[2026-08-05 04:33:20] Scanning xxhash.h.bf9ae091.trap (proxy_ustats.c.891164bf_0.trap.tar.zst) (371 of 1053)
[2026-08-05 04:33:20] Scanning proxy.h.05ef6ccf.trap (proxy_ustats.c.891164bf_0.trap.tar.zst) (372 of 1053)
[2026-08-05 04:33:20] Scanning proxy_ustats.c.891164bf.trap (proxy_ustats.c.891164bf_0.trap.tar.zst) (373 of 1053)
[2026-08-05 04:33:20] Scanning proxy_ustats.c.e6334a25.trap (proxy_ustats.c.e6334a25_0.trap.tar.zst) (374 of 1053)
[2026-08-05 04:33:20] Scanning ctype.h.978a45aa.trap (proxy_xxhash.c.10552df8_0.trap.tar.zst) (375 of 1053)
[2026-08-05 04:33:20] Scanning stddef.h.4f2a3ea5.trap (proxy_xxhash.c.10552df8_0.trap.tar.zst) (376 of 1053)
[2026-08-05 04:33:20] Scanning proxy_xxhash.c.10552df8.trap (proxy_xxhash.c.10552df8_0.trap.tar.zst) (377 of 1053)
[2026-08-05 04:33:20] Scanning proxy.h.a21fdcb1.trap (proxy_xxhash.c.7933075a_0.trap.tar.zst) (378 of 1053)
[2026-08-05 04:33:20] Scanning proxy_xxhash.c.7933075a.trap (proxy_xxhash.c.7933075a_0.trap.tar.zst) (379 of 1053)
[2026-08-05 04:33:20] Scanning restart.h.4beb6da9.trap (restart.c.55d1e980_0.trap.tar.zst) (380 of 1053)
[2026-08-05 04:33:20] Scanning restart.c.55d1e980.trap (restart.c.55d1e980_0.trap.tar.zst) (381 of 1053)
[2026-08-05 04:33:20] Scanning restart.c.5d8db706.trap (restart.c.5d8db706_0.trap.tar.zst) (382 of 1053)
[2026-08-05 04:33:20] Scanning unistd.h.db3330d7.trap (sizes.c.a57728f7_0.trap.tar.zst) (383 of 1053)
[2026-08-05 04:33:20] Scanning sizes.c.a57728f7.trap (sizes.c.a57728f7_0.trap.tar.zst) (384 of 1053)
[2026-08-05 04:33:20] Scanning stdbool.h.596ff8fc.trap (slab_automove.c.2bc85acb_0.trap.tar.zst) (385 of 1053)
[2026-08-05 04:33:20] Scanning features.h.4065b30c.trap (slab_automove.c.2bc85acb_0.trap.tar.zst) (386 of 1053)
[2026-08-05 04:33:20] Scanning libc-header-start.h.f025d7e3.trap (slab_automove.c.2bc85acb_0.trap.tar.zst) (387 of 1053)
[2026-08-05 04:33:20] Scanning inttypes.h.9d45d86f.trap (slab_automove.c.2bc85acb_0.trap.tar.zst) (388 of 1053)
[2026-08-05 04:33:20] Scanning config.h.f7a9bfd4.trap (slab_automove.c.2bc85acb_0.trap.tar.zst) (389 of 1053)
[2026-08-05 04:33:20] Scanning stddef.h.b26ce5f4.trap (slab_automove.c.2bc85acb_0.trap.tar.zst) (390 of 1053)
[2026-08-05 04:33:20] Scanning select.h.82573e28.trap (slab_automove.c.2bc85acb_0.trap.tar.zst) (391 of 1053)
[2026-08-05 04:33:20] Scanning pthreadtypes.h.3b7b175e.trap (slab_automove.c.2bc85acb_0.trap.tar.zst) (392 of 1053)
[2026-08-05 04:33:20] Scanning types.h.a24ffaea.trap (slab_automove.c.2bc85acb_0.trap.tar.zst) (393 of 1053)
[2026-08-05 04:33:20] Scanning stddef.h.f04407fe.trap (slab_automove.c.2bc85acb_0.trap.tar.zst) (394 of 1053)
[2026-08-05 04:33:20] Scanning struct_iovec.h.5a6c41ae.trap (slab_automove.c.2bc85acb_0.trap.tar.zst) (395 of 1053)
[2026-08-05 04:33:20] Scanning stddef.h.9f8f37c5.trap (slab_automove.c.2bc85acb_0.trap.tar.zst) (396 of 1053)
[2026-08-05 04:33:20] Scanning stddef.h.2df26f37.trap (slab_automove.c.2bc85acb_0.trap.tar.zst) (397 of 1053)
[2026-08-05 04:33:20] Scanning socket_type.h.00ccbbd9.trap (slab_automove.c.2bc85acb_0.trap.tar.zst) (398 of 1053)
[2026-08-05 04:33:20] Scanning sockaddr.h.0d91c4f0.trap (slab_automove.c.2bc85acb_0.trap.tar.zst) (399 of 1053)
[2026-08-05 04:33:20] Scanning stddef.h.726546fa.trap (slab_automove.c.2bc85acb_0.trap.tar.zst) (400 of 1053)
[2026-08-05 04:33:20] Scanning bitsperlong.h.cb9bb5be.trap (slab_automove.c.2bc85acb_0.trap.tar.zst) (401 of 1053)
[2026-08-05 04:33:20] Scanning bitsperlong.h.685b0114.trap (slab_automove.c.2bc85acb_0.trap.tar.zst) (402 of 1053)
[2026-08-05 04:33:20] Scanning posix_types.h.4e51409f.trap (slab_automove.c.2bc85acb_0.trap.tar.zst) (403 of 1053)
[2026-08-05 04:33:20] Scanning posix_types_64.h.a42a5ce3.trap (slab_automove.c.2bc85acb_0.trap.tar.zst) (404 of 1053)
[2026-08-05 04:33:20] Scanning posix_types.h.755ba754.trap (slab_automove.c.2bc85acb_0.trap.tar.zst) (405 of 1053)
[2026-08-05 04:33:20] Scanning posix_types.h.5454cc62.trap (slab_automove.c.2bc85acb_0.trap.tar.zst) (406 of 1053)
[2026-08-05 04:33:20] Scanning sockios.h.2f554149.trap (slab_automove.c.2bc85acb_0.trap.tar.zst) (407 of 1053)
[2026-08-05 04:33:20] Scanning sockios.h.f27fa0a8.trap (slab_automove.c.2bc85acb_0.trap.tar.zst) (408 of 1053)
[2026-08-05 04:33:20] Scanning socket.h.57309ec6.trap (slab_automove.c.2bc85acb_0.trap.tar.zst) (409 of 1053)
[2026-08-05 04:33:20] Scanning socket.h.6b005521.trap (slab_automove.c.2bc85acb_0.trap.tar.zst) (410 of 1053)
[2026-08-05 04:33:20] Scanning socket.h.ff8d1924.trap (slab_automove.c.2bc85acb_0.trap.tar.zst) (411 of 1053)
[2026-08-05 04:33:20] Scanning struct_osockaddr.h.f4ef8fbf.trap (slab_automove.c.2bc85acb_0.trap.tar.zst) (412 of 1053)
[2026-08-05 04:33:20] Scanning socket2.h.486d18cf.trap (slab_automove.c.2bc85acb_0.trap.tar.zst) (413 of 1053)
[2026-08-05 04:33:20] Scanning socket.h.6927898b.trap (slab_automove.c.2bc85acb_0.trap.tar.zst) (414 of 1053)
[2026-08-05 04:33:20] Scanning time.h.e0e017b2.trap (slab_automove.c.2bc85acb_0.trap.tar.zst) (415 of 1053)
[2026-08-05 04:33:20] Scanning in.h.de4b1474.trap (slab_automove.c.2bc85acb_0.trap.tar.zst) (416 of 1053)
[2026-08-05 04:33:20] Scanning byteswap.h.38ccc97c.trap (slab_automove.c.2bc85acb_0.trap.tar.zst) (417 of 1053)
[2026-08-05 04:33:20] Scanning uintn-identity.h.f32f2f09.trap (slab_automove.c.2bc85acb_0.trap.tar.zst) (418 of 1053)
[2026-08-05 04:33:20] Scanning in.h.cc5c47d8.trap (slab_automove.c.2bc85acb_0.trap.tar.zst) (419 of 1053)
[2026-08-05 04:33:20] Scanning event-config.h.25549664.trap (slab_automove.c.2bc85acb_0.trap.tar.zst) (420 of 1053)
[2026-08-05 04:33:20] Scanning stdarg.h.adb8dc28.trap (slab_automove.c.2bc85acb_0.trap.tar.zst) (421 of 1053)
[2026-08-05 04:33:20] Scanning visibility.h.cfc9617a.trap (slab_automove.c.2bc85acb_0.trap.tar.zst) (422 of 1053)
[2026-08-05 04:33:20] Scanning stddef.h.c678f8a1.trap (slab_automove.c.2bc85acb_0.trap.tar.zst) (423 of 1053)
[2026-08-05 04:33:20] Scanning stddef.h.0eefaa60.trap (slab_automove.c.2bc85acb_0.trap.tar.zst) (424 of 1053)
[2026-08-05 04:33:20] Scanning netdb.h.2ae2a420.trap (slab_automove.c.2bc85acb_0.trap.tar.zst) (425 of 1053)
[2026-08-05 04:33:20] Scanning __sigval_t.h.aef57ac3.trap (slab_automove.c.2bc85acb_0.trap.tar.zst) (426 of 1053)
[2026-08-05 04:33:20] Scanning sigevent_t.h.5486f1db.trap (slab_automove.c.2bc85acb_0.trap.tar.zst) (427 of 1053)
[2026-08-05 04:33:20] Scanning netdb.h.02565743.trap (slab_automove.c.2bc85acb_0.trap.tar.zst) (428 of 1053)
[2026-08-05 04:33:20] Scanning netdb.h.76ed942c.trap (slab_automove.c.2bc85acb_0.trap.tar.zst) (429 of 1053)
[2026-08-05 04:33:20] Scanning errno-base.h.2f554149.trap (slab_automove.c.2bc85acb_0.trap.tar.zst) (430 of 1053)
[2026-08-05 04:33:20] Scanning errno.h.1254b5b3.trap (slab_automove.c.2bc85acb_0.trap.tar.zst) (431 of 1053)
[2026-08-05 04:33:20] Scanning errno.h.88c88790.trap (slab_automove.c.2bc85acb_0.trap.tar.zst) (432 of 1053)
[2026-08-05 04:33:20] Scanning errno.h.56bc6367.trap (slab_automove.c.2bc85acb_0.trap.tar.zst) (433 of 1053)
[2026-08-05 04:33:20] Scanning errno.h.31294c61.trap (slab_automove.c.2bc85acb_0.trap.tar.zst) (434 of 1053)
[2026-08-05 04:33:20] Scanning error_t.h.5958d1fb.trap (slab_automove.c.2bc85acb_0.trap.tar.zst) (435 of 1053)
[2026-08-05 04:33:20] Scanning errno.h.dcc162fb.trap (slab_automove.c.2bc85acb_0.trap.tar.zst) (436 of 1053)
[2026-08-05 04:33:20] Scanning stddef.h.43611efb.trap (slab_automove.c.2bc85acb_0.trap.tar.zst) (437 of 1053)
[2026-08-05 04:33:20] Scanning timex.h.bf87ab6e.trap (slab_automove.c.2bc85acb_0.trap.tar.zst) (438 of 1053)
[2026-08-05 04:33:20] Scanning time.h.f7391cb5.trap (slab_automove.c.2bc85acb_0.trap.tar.zst) (439 of 1053)
[2026-08-05 04:33:20] Scanning time.h.fc4f390b.trap (slab_automove.c.2bc85acb_0.trap.tar.zst) (440 of 1053)
[2026-08-05 04:33:20] Scanning util.h.77db5e56.trap (slab_automove.c.2bc85acb_0.trap.tar.zst) (441 of 1053)
[2026-08-05 04:33:20] Scanning evutil.h.d98b8ac0.trap (slab_automove.c.2bc85acb_0.trap.tar.zst) (442 of 1053)
[2026-08-05 04:33:20] Scanning keyvalq_struct.h.9b5eb2c5.trap (slab_automove.c.2bc85acb_0.trap.tar.zst) (443 of 1053)
[2026-08-05 04:33:20] Scanning event_struct.h.7f2c2267.trap (slab_automove.c.2bc85acb_0.trap.tar.zst) (444 of 1053)
[2026-08-05 04:33:20] Scanning libc-header-start.h.0507aa1f.trap (slab_automove.c.2bc85acb_0.trap.tar.zst) (445 of 1053)
[2026-08-05 04:33:20] Scanning stddef.h.ac29bbdf.trap (slab_automove.c.2bc85acb_0.trap.tar.zst) (446 of 1053)
[2026-08-05 04:33:20] Scanning stdio2-decl.h.f18f1148.trap (slab_automove.c.2bc85acb_0.trap.tar.zst) (447 of 1053)
[2026-08-05 04:33:20] Scanning stdio.h.12378cca.trap (slab_automove.c.2bc85acb_0.trap.tar.zst) (448 of 1053)
[2026-08-05 04:33:20] Scanning stdio2.h.f2fefb3c.trap (slab_automove.c.2bc85acb_0.trap.tar.zst) (449 of 1053)
[2026-08-05 04:33:20] Scanning stdio.h.f2fe4568.trap (slab_automove.c.2bc85acb_0.trap.tar.zst) (450 of 1053)
[2026-08-05 04:33:20] Scanning event.h.261a6379.trap (slab_automove.c.2bc85acb_0.trap.tar.zst) (451 of 1053)
[2026-08-05 04:33:20] Scanning event_compat.h.cc0f85a6.trap (slab_automove.c.2bc85acb_0.trap.tar.zst) (452 of 1053)
[2026-08-05 04:33:20] Scanning uio_lim.h.2f554149.trap (slab_automove.c.2bc85acb_0.trap.tar.zst) (453 of 1053)
[2026-08-05 04:33:20] Scanning uio-ext.h.6df90b5d.trap (slab_automove.c.2bc85acb_0.trap.tar.zst) (454 of 1053)
[2026-08-05 04:33:20] Scanning uio.h.d32cc987.trap (slab_automove.c.2bc85acb_0.trap.tar.zst) (455 of 1053)
[2026-08-05 04:33:20] Scanning buffer.h.9408cdb1.trap (slab_automove.c.2bc85acb_0.trap.tar.zst) (456 of 1053)
[2026-08-05 04:33:20] Scanning buffer_compat.h.703f14d9.trap (slab_automove.c.2bc85acb_0.trap.tar.zst) (457 of 1053)
[2026-08-05 04:33:20] Scanning bufferevent.h.43b8bd6f.trap (slab_automove.c.2bc85acb_0.trap.tar.zst) (458 of 1053)
[2026-08-05 04:33:20] Scanning bufferevent_struct.h.5a63f730.trap (slab_automove.c.2bc85acb_0.trap.tar.zst) (459 of 1053)
[2026-08-05 04:33:20] Scanning bufferevent_compat.h.774d8d76.trap (slab_automove.c.2bc85acb_0.trap.tar.zst) (460 of 1053)
[2026-08-05 04:33:20] Scanning tag.h.f012c976.trap (slab_automove.c.2bc85acb_0.trap.tar.zst) (461 of 1053)
[2026-08-05 04:33:20] Scanning tag_compat.h.2f554149.trap (slab_automove.c.2bc85acb_0.trap.tar.zst) (462 of 1053)
[2026-08-05 04:33:20] Scanning event.h.bc0b0220.trap (slab_automove.c.2bc85acb_0.trap.tar.zst) (463 of 1053)
[2026-08-05 04:33:20] Scanning int-ll64.h.1fee15d9.trap (slab_automove.c.2bc85acb_0.trap.tar.zst) (464 of 1053)
[2026-08-05 04:33:20] Scanning types.h.e15186bc.trap (slab_automove.c.2bc85acb_0.trap.tar.zst) (465 of 1053)
[2026-08-05 04:33:20] Scanning sched.h.7b21f319.trap (slab_automove.c.2bc85acb_0.trap.tar.zst) (466 of 1053)
[2026-08-05 04:33:20] Scanning getopt_core.h.d788c6b2.trap (slab_automove.c.2bc85acb_0.trap.tar.zst) (467 of 1053)
[2026-08-05 04:33:20] Scanning getopt_posix.h.09f27372.trap (slab_automove.c.2bc85acb_0.trap.tar.zst) (468 of 1053)
[2026-08-05 04:33:20] Scanning posix1_lim.h.33ba12b7.trap (slab_automove.c.2bc85acb_0.trap.tar.zst) (469 of 1053)
[2026-08-05 04:33:20] Scanning posix2_lim.h.9c5458dc.trap (slab_automove.c.2bc85acb_0.trap.tar.zst) (470 of 1053)
[2026-08-05 04:33:20] Scanning limits.h.85b80341.trap (slab_automove.c.2bc85acb_0.trap.tar.zst) (471 of 1053)
[2026-08-05 04:33:20] Scanning limits.h.255d78e5.trap (slab_automove.c.2bc85acb_0.trap.tar.zst) (472 of 1053)
[2026-08-05 04:33:20] Scanning syslimits.h.484f0081.trap (slab_automove.c.2bc85acb_0.trap.tar.zst) (473 of 1053)
[2026-08-05 04:33:20] Scanning sasl_defs.h.c3edf3fa.trap (slab_automove.c.2bc85acb_0.trap.tar.zst) (474 of 1053)
[2026-08-05 04:33:20] Scanning stats_prefix.h.7af3c670.trap (slab_automove.c.2bc85acb_0.trap.tar.zst) (475 of 1053)
[2026-08-05 04:33:20] Scanning slab_automove.h.27ffb773.trap (slab_automove.c.2bc85acb_0.trap.tar.zst) (476 of 1053)
[2026-08-05 04:33:20] Scanning libc-header-start.h.4f2e06b7.trap (slab_automove.c.2bc85acb_0.trap.tar.zst) (477 of 1053)
[2026-08-05 04:33:20] Scanning stddef.h.2ad684ab.trap (slab_automove.c.2bc85acb_0.trap.tar.zst) (478 of 1053)
[2026-08-05 04:33:20] Scanning waitflags.h.bd3834c8.trap (slab_automove.c.2bc85acb_0.trap.tar.zst) (479 of 1053)
[2026-08-05 04:33:20] Scanning stddef.h.1ef63510.trap (slab_automove.c.2bc85acb_0.trap.tar.zst) (480 of 1053)
[2026-08-05 04:33:20] Scanning stdlib.h.13ee7907.trap (slab_automove.c.2bc85acb_0.trap.tar.zst) (481 of 1053)
[2026-08-05 04:33:20] Scanning stdlib.h.92148b4f.trap (slab_automove.c.2bc85acb_0.trap.tar.zst) (482 of 1053)
[2026-08-05 04:33:20] Scanning libc-header-start.h.d453b237.trap (slab_automove.c.2bc85acb_0.trap.tar.zst) (483 of 1053)
[2026-08-05 04:33:20] Scanning stddef.h.375ed9e2.trap (slab_automove.c.2bc85acb_0.trap.tar.zst) (484 of 1053)
[2026-08-05 04:33:20] Scanning stddef.h.931a3c5a.trap (slab_automove.c.2bc85acb_0.trap.tar.zst) (485 of 1053)
[2026-08-05 04:33:20] Scanning strings.h.c227c3d3.trap (slab_automove.c.2bc85acb_0.trap.tar.zst) (486 of 1053)
[2026-08-05 04:33:20] Scanning string_fortified.h.caaf628e.trap (slab_automove.c.2bc85acb_0.trap.tar.zst) (487 of 1053)
[2026-08-05 04:33:20] Scanning string.h.e81f19fe.trap (slab_automove.c.2bc85acb_0.trap.tar.zst) (488 of 1053)
[2026-08-05 04:33:20] Scanning slab_automove.c.2bc85acb.trap (slab_automove.c.2bc85acb_0.trap.tar.zst) (489 of 1053)
[2026-08-05 04:33:20] Scanning slab_automove.c.fdbc7164.trap (slab_automove.c.fdbc7164_0.trap.tar.zst) (490 of 1053)
[2026-08-05 04:33:20] Scanning slab_automove_extstore.c.8b96c05e.trap (slab_automove_extstore.c.8b96c05e_0.trap.tar.zst) (491 of 1053)
[2026-08-05 04:33:20] Scanning slab_automove_extstore.c.af1592e1.trap (slab_automove_extstore.c.af1592e1_0.trap.tar.zst) (492 of 1053)
[2026-08-05 04:33:20] Scanning slabs.c.c3a7b9ca.trap (slabs.c.c3a7b9ca_0.trap.tar.zst) (493 of 1053)
[2026-08-05 04:33:20] Scanning slabs.c.ef648e8e.trap (slabs.c.ef648e8e_0.trap.tar.zst) (494 of 1053)
[2026-08-05 04:33:20] Scanning struct_iovec.h.8d17833a.trap (slabs_mover.c.30692d1c_0.trap.tar.zst) (495 of 1053)
[2026-08-05 04:33:20] Scanning slabs_mover.h.abafde55.trap (slabs_mover.c.30692d1c_0.trap.tar.zst) (496 of 1053)
[2026-08-05 04:33:20] Scanning slab_automove_extstore.h.5feff4b4.trap (slabs_mover.c.30692d1c_0.trap.tar.zst) (497 of 1053)
[2026-08-05 04:33:20] Scanning stddef.h.443b6bfe.trap (slabs_mover.c.30692d1c_0.trap.tar.zst) (498 of 1053)
[2026-08-05 04:33:20] Scanning mman-map-flags-generic.h.faab7f57.trap (slabs_mover.c.30692d1c_0.trap.tar.zst) (499 of 1053)
[2026-08-05 04:33:20] Scanning mman-shared.h.93d99eb6.trap (slabs_mover.c.30692d1c_0.trap.tar.zst) (500 of 1053)
[2026-08-05 04:33:20] Scanning mman-linux.h.b5ee94ed.trap (slabs_mover.c.30692d1c_0.trap.tar.zst) (501 of 1053)
[2026-08-05 04:33:20] Scanning mman.h.a98fc460.trap (slabs_mover.c.30692d1c_0.trap.tar.zst) (502 of 1053)
[2026-08-05 04:33:20] Scanning mman_ext.h.27731631.trap (slabs_mover.c.30692d1c_0.trap.tar.zst) (503 of 1053)
[2026-08-05 04:33:20] Scanning mman.h.7b1ccc3a.trap (slabs_mover.c.30692d1c_0.trap.tar.zst) (504 of 1053)
[2026-08-05 04:33:20] Scanning slabs_mover.c.30692d1c.trap (slabs_mover.c.30692d1c_0.trap.tar.zst) (505 of 1053)
[2026-08-05 04:33:20] Scanning slabs_mover.c.cc70340d.trap (slabs_mover.c.cc70340d_0.trap.tar.zst) (506 of 1053)
[2026-08-05 04:33:20] Scanning stats_prefix.c.3e030b64.trap (stats_prefix.c.3e030b64_0.trap.tar.zst) (507 of 1053)
[2026-08-05 04:33:20] Scanning stats_prefix.c.67624b4c.trap (stats_prefix.c.67624b4c_0.trap.tar.zst) (508 of 1053)
[2026-08-05 04:33:20] Scanning stats_prefix.c.720452ee.trap (stats_prefix.c.720452ee_0.trap.tar.zst) (509 of 1053)
[2026-08-05 04:33:20] Scanning storage.c.9a25cb60.trap (storage.c.9a25cb60_0.trap.tar.zst) (510 of 1053)
[2026-08-05 04:33:20] Scanning storage.h.21dace5e.trap (storage.c.c1296f81_0.trap.tar.zst) (511 of 1053)
[2026-08-05 04:33:20] Scanning extstore.h.2967f4f1.trap (storage.c.c1296f81_0.trap.tar.zst) (512 of 1053)
[2026-08-05 04:33:20] Scanning storage.c.c1296f81.trap (storage.c.c1296f81_0.trap.tar.zst) (513 of 1053)
[2026-08-05 04:33:20] Scanning time.h.0515826d.trap (testapp.c.1b29df71_0.trap.tar.zst) (514 of 1053)
[2026-08-05 04:33:20] Scanning types.h.2c44c889.trap (testapp.c.1b29df71_0.trap.tar.zst) (515 of 1053)
[2026-08-05 04:33:20] Scanning signal.h.d3b42a06.trap (testapp.c.1b29df71_0.trap.tar.zst) (516 of 1053)
[2026-08-05 04:33:20] Scanning waitflags.h.b5a49ed3.trap (testapp.c.1b29df71_0.trap.tar.zst) (517 of 1053)
[2026-08-05 04:33:20] Scanning waitstatus.h.af838d7a.trap (testapp.c.1b29df71_0.trap.tar.zst) (518 of 1053)
[2026-08-05 04:33:20] Scanning wait.h.1f9f976a.trap (testapp.c.1b29df71_0.trap.tar.zst) (519 of 1053)
[2026-08-05 04:33:20] Scanning stdlib.h.bdc9589e.trap (testapp.c.1b29df71_0.trap.tar.zst) (520 of 1053)
[2026-08-05 04:33:20] Scanning unistd.h.e3313345.trap (testapp.c.1b29df71_0.trap.tar.zst) (521 of 1053)
[2026-08-05 04:33:20] Scanning fcntl.h.ea10d47d.trap (testapp.c.1b29df71_0.trap.tar.zst) (522 of 1053)
[2026-08-05 04:33:20] Scanning e_os2.h.dd74d20b.trap (testapp.c.1b29df71_0.trap.tar.zst) (523 of 1053)
[2026-08-05 04:33:20] Scanning types.h.6728c590.trap (testapp.c.1b29df71_0.trap.tar.zst) (524 of 1053)
[2026-08-05 04:33:20] Scanning testapp.c.1b29df71.trap (testapp.c.1b29df71_0.trap.tar.zst) (525 of 1053)
[2026-08-05 04:33:20] Scanning memcached.h.818744bb.trap (thread.c.a7afc1f3_0.trap.tar.zst) (526 of 1053)
[2026-08-05 04:33:20] Scanning thread.c.a7afc1f3.trap (thread.c.a7afc1f3_0.trap.tar.zst) (527 of 1053)
[2026-08-05 04:33:20] Scanning memcached.h.f04c9203.trap (thread.c.cdf4c646_0.trap.tar.zst) (528 of 1053)
[2026-08-05 04:33:20] Scanning thread.c.cdf4c646.trap (thread.c.cdf4c646_0.trap.tar.zst) (529 of 1053)
[2026-08-05 04:33:20] Scanning sigevent_t.h.66432178.trap (timedrun.c.8aa71ee4_0.trap.tar.zst) (530 of 1053)
[2026-08-05 04:33:20] Scanning idtype_t.h.47c6d4dd.trap (timedrun.c.8aa71ee4_0.trap.tar.zst) (531 of 1053)
[2026-08-05 04:33:20] Scanning wait.h.7b8d4b3c.trap (timedrun.c.8aa71ee4_0.trap.tar.zst) (532 of 1053)
[2026-08-05 04:33:20] Scanning timedrun.c.8aa71ee4.trap (timedrun.c.8aa71ee4_0.trap.tar.zst) (533 of 1053)
[2026-08-05 04:33:20] Scanning tls.c.09400259.trap (tls.c.09400259_0.trap.tar.zst) (534 of 1053)
[2026-08-05 04:33:20] Scanning sysexits.h.2f554149.trap (tls.c.a7c36f8d_0.trap.tar.zst) (535 of 1053)
[2026-08-05 04:33:20] Scanning stddef.h.2525bcce.trap (tls.c.a7c36f8d_0.trap.tar.zst) (536 of 1053)
[2026-08-05 04:33:20] Scanning param.h.8d889eaf.trap (tls.c.a7c36f8d_0.trap.tar.zst) (537 of 1053)
[2026-08-05 04:33:20] Scanning param.h.42fca1ca.trap (tls.c.a7c36f8d_0.trap.tar.zst) (538 of 1053)
[2026-08-05 04:33:20] Scanning param.h.6e331da2.trap (tls.c.a7c36f8d_0.trap.tar.zst) (539 of 1053)
[2026-08-05 04:33:20] Scanning param.h.16e02adc.trap (tls.c.a7c36f8d_0.trap.tar.zst) (540 of 1053)
[2026-08-05 04:33:20] Scanning param.h.2224e891.trap (tls.c.a7c36f8d_0.trap.tar.zst) (541 of 1053)
[2026-08-05 04:33:20] Scanning configuration.h.2f3e85f7.trap (tls.c.a7c36f8d_0.trap.tar.zst) (542 of 1053)
[2026-08-05 04:33:20] Scanning opensslconf.h.dc16b584.trap (tls.c.a7c36f8d_0.trap.tar.zst) (543 of 1053)
[2026-08-05 04:33:20] Scanning opensslv.h.996cd72b.trap (tls.c.a7c36f8d_0.trap.tar.zst) (544 of 1053)
[2026-08-05 04:33:20] Scanning macros.h.be7c66f7.trap (tls.c.a7c36f8d_0.trap.tar.zst) (545 of 1053)
[2026-08-05 04:33:20] Scanning e_os2.h.08b958a9.trap (tls.c.a7c36f8d_0.trap.tar.zst) (546 of 1053)
[2026-08-05 04:33:20] Scanning e_ostime.h.7604cbdc.trap (tls.c.a7c36f8d_0.trap.tar.zst) (547 of 1053)
[2026-08-05 04:33:20] Scanning stack.h.0b5fd1f9.trap (tls.c.a7c36f8d_0.trap.tar.zst) (548 of 1053)
[2026-08-05 04:33:20] Scanning safestack.h.b8739970.trap (tls.c.a7c36f8d_0.trap.tar.zst) (549 of 1053)
[2026-08-05 04:33:20] Scanning types.h.dc0bab5a.trap (tls.c.a7c36f8d_0.trap.tar.zst) (550 of 1053)
[2026-08-05 04:33:20] Scanning symhacks.h.dd666436.trap (tls.c.a7c36f8d_0.trap.tar.zst) (551 of 1053)
[2026-08-05 04:33:20] Scanning cryptoerr_legacy.h.ef9b1eb6.trap (tls.c.a7c36f8d_0.trap.tar.zst) (552 of 1053)
[2026-08-05 04:33:20] Scanning cryptoerr.h.57cf623d.trap (tls.c.a7c36f8d_0.trap.tar.zst) (553 of 1053)
[2026-08-05 04:33:20] Scanning types.h.876a7850.trap (tls.c.a7c36f8d_0.trap.tar.zst) (554 of 1053)
[2026-08-05 04:33:20] Scanning core.h.370fc1ff.trap (tls.c.a7c36f8d_0.trap.tar.zst) (555 of 1053)
[2026-08-05 04:33:20] Scanning crypto.h.fa32c710.trap (tls.c.a7c36f8d_0.trap.tar.zst) (556 of 1053)
[2026-08-05 04:33:20] Scanning comperr.h.6db22994.trap (tls.c.a7c36f8d_0.trap.tar.zst) (557 of 1053)
[2026-08-05 04:33:20] Scanning comp.h.c850a6a0.trap (tls.c.a7c36f8d_0.trap.tar.zst) (558 of 1053)
[2026-08-05 04:33:20] Scanning bioerr.h.57cf623d.trap (tls.c.a7c36f8d_0.trap.tar.zst) (559 of 1053)
[2026-08-05 04:33:20] Scanning bio.h.5c58ddbe.trap (tls.c.a7c36f8d_0.trap.tar.zst) (560 of 1053)
[2026-08-05 04:33:20] Scanning buffererr.h.57cf623d.trap (tls.c.a7c36f8d_0.trap.tar.zst) (561 of 1053)
[2026-08-05 04:33:20] Scanning buffer.h.fe66b07a.trap (tls.c.a7c36f8d_0.trap.tar.zst) (562 of 1053)
[2026-08-05 04:33:20] Scanning bnerr.h.57cf623d.trap (tls.c.a7c36f8d_0.trap.tar.zst) (563 of 1053)
[2026-08-05 04:33:20] Scanning bn.h.96a107d2.trap (tls.c.a7c36f8d_0.trap.tar.zst) (564 of 1053)
[2026-08-05 04:33:20] Scanning params.h.e5c7e6ca.trap (tls.c.a7c36f8d_0.trap.tar.zst) (565 of 1053)
[2026-08-05 04:33:20] Scanning indicator.h.b179dcd4.trap (tls.c.a7c36f8d_0.trap.tar.zst) (566 of 1053)
[2026-08-05 04:33:20] Scanning core_dispatch.h.77544e78.trap (tls.c.a7c36f8d_0.trap.tar.zst) (567 of 1053)
[2026-08-05 04:33:20] Scanning evperr.h.57cf623d.trap (tls.c.a7c36f8d_0.trap.tar.zst) (568 of 1053)
[2026-08-05 04:33:20] Scanning obj_mac.h.2d39d290.trap (tls.c.a7c36f8d_0.trap.tar.zst) (569 of 1053)
[2026-08-05 04:33:20] Scanning asn1err.h.57cf623d.trap (tls.c.a7c36f8d_0.trap.tar.zst) (570 of 1053)
[2026-08-05 04:33:20] Scanning asn1.h.460e7043.trap (tls.c.a7c36f8d_0.trap.tar.zst) (571 of 1053)
[2026-08-05 04:33:20] Scanning objectserr.h.57cf623d.trap (tls.c.a7c36f8d_0.trap.tar.zst) (572 of 1053)
[2026-08-05 04:33:20] Scanning objects.h.c596d8a3.trap (tls.c.a7c36f8d_0.trap.tar.zst) (573 of 1053)
[2026-08-05 04:33:20] Scanning evp.h.8876aaec.trap (tls.c.a7c36f8d_0.trap.tar.zst) (574 of 1053)
[2026-08-05 04:33:20] Scanning ecerr.h.6db22994.trap (tls.c.a7c36f8d_0.trap.tar.zst) (575 of 1053)
[2026-08-05 04:33:20] Scanning ec.h.a3c929c7.trap (tls.c.a7c36f8d_0.trap.tar.zst) (576 of 1053)
[2026-08-05 04:33:20] Scanning rsaerr.h.57cf623d.trap (tls.c.a7c36f8d_0.trap.tar.zst) (577 of 1053)
[2026-08-05 04:33:20] Scanning rsa.h.3e0740e6.trap (tls.c.a7c36f8d_0.trap.tar.zst) (578 of 1053)
[2026-08-05 04:33:20] Scanning dherr.h.6db22994.trap (tls.c.a7c36f8d_0.trap.tar.zst) (579 of 1053)
[2026-08-05 04:33:20] Scanning dh.h.52e70f18.trap (tls.c.a7c36f8d_0.trap.tar.zst) (580 of 1053)
[2026-08-05 04:33:20] Scanning dsaerr.h.6db22994.trap (tls.c.a7c36f8d_0.trap.tar.zst) (581 of 1053)
[2026-08-05 04:33:20] Scanning dsa.h.7974073b.trap (tls.c.a7c36f8d_0.trap.tar.zst) (582 of 1053)
[2026-08-05 04:33:20] Scanning sha.h.c4b94a2f.trap (tls.c.a7c36f8d_0.trap.tar.zst) (583 of 1053)
[2026-08-05 04:33:20] Scanning x509err.h.57cf623d.trap (tls.c.a7c36f8d_0.trap.tar.zst) (584 of 1053)
[2026-08-05 04:33:20] Scanning lhash.h.e58ce9a8.trap (tls.c.a7c36f8d_0.trap.tar.zst) (585 of 1053)
[2026-08-05 04:33:20] Scanning x509_vfy.h.dc961b49.trap (tls.c.a7c36f8d_0.trap.tar.zst) (586 of 1053)
[2026-08-05 04:33:20] Scanning pkcs7err.h.57cf623d.trap (tls.c.a7c36f8d_0.trap.tar.zst) (587 of 1053)
[2026-08-05 04:33:20] Scanning pkcs7.h.14761784.trap (tls.c.a7c36f8d_0.trap.tar.zst) (588 of 1053)
[2026-08-05 04:33:20] Scanning conferr.h.57cf623d.trap (tls.c.a7c36f8d_0.trap.tar.zst) (589 of 1053)
[2026-08-05 04:33:20] Scanning conftypes.h.f95d9984.trap (tls.c.a7c36f8d_0.trap.tar.zst) (590 of 1053)
[2026-08-05 04:33:20] Scanning conf.h.0c48f338.trap (tls.c.a7c36f8d_0.trap.tar.zst) (591 of 1053)
[2026-08-05 04:33:20] Scanning http.h.b1e4c91a.trap (tls.c.a7c36f8d_0.trap.tar.zst) (592 of 1053)
[2026-08-05 04:33:20] Scanning x509.h.9caa6653.trap (tls.c.a7c36f8d_0.trap.tar.zst) (593 of 1053)
[2026-08-05 04:33:20] Scanning pemerr.h.57cf623d.trap (tls.c.a7c36f8d_0.trap.tar.zst) (594 of 1053)
[2026-08-05 04:33:20] Scanning pem.h.d1d7ff23.trap (tls.c.a7c36f8d_0.trap.tar.zst) (595 of 1053)
[2026-08-05 04:33:20] Scanning hmac.h.5632e630.trap (tls.c.a7c36f8d_0.trap.tar.zst) (596 of 1053)
[2026-08-05 04:33:20] Scanning asyncerr.h.57cf623d.trap (tls.c.a7c36f8d_0.trap.tar.zst) (597 of 1053)
[2026-08-05 04:33:20] Scanning async.h.ab610537.trap (tls.c.a7c36f8d_0.trap.tar.zst) (598 of 1053)
[2026-08-05 04:33:20] Scanning cterr.h.6db22994.trap (tls.c.a7c36f8d_0.trap.tar.zst) (599 of 1053)
[2026-08-05 04:33:20] Scanning ct.h.f60965d8.trap (tls.c.a7c36f8d_0.trap.tar.zst) (600 of 1053)
[2026-08-05 04:33:20] Scanning sslerr_legacy.h.8dde37be.trap (tls.c.a7c36f8d_0.trap.tar.zst) (601 of 1053)
[2026-08-05 04:33:20] Scanning sslerr.h.3b681a81.trap (tls.c.a7c36f8d_0.trap.tar.zst) (602 of 1053)
[2026-08-05 04:33:20] Scanning prov_ssl.h.15e960b6.trap (tls.c.a7c36f8d_0.trap.tar.zst) (603 of 1053)
[2026-08-05 04:33:20] Scanning ssl2.h.9ae15a7f.trap (tls.c.a7c36f8d_0.trap.tar.zst) (604 of 1053)
[2026-08-05 04:33:20] Scanning ssl3.h.ca509b1b.trap (tls.c.a7c36f8d_0.trap.tar.zst) (605 of 1053)
[2026-08-05 04:33:20] Scanning tls1.h.2677d359.trap (tls.c.a7c36f8d_0.trap.tar.zst) (606 of 1053)
[2026-08-05 04:33:20] Scanning dtls1.h.9a0a6eed.trap (tls.c.a7c36f8d_0.trap.tar.zst) (607 of 1053)
[2026-08-05 04:33:20] Scanning srtp.h.1b57f6f3.trap (tls.c.a7c36f8d_0.trap.tar.zst) (608 of 1053)
[2026-08-05 04:33:20] Scanning quic.h.384b7ba3.trap (tls.c.a7c36f8d_0.trap.tar.zst) (609 of 1053)
[2026-08-05 04:33:20] Scanning ssl.h.4ba9377b.trap (tls.c.a7c36f8d_0.trap.tar.zst) (610 of 1053)
[2026-08-05 04:33:20] Scanning err.h.f5e1abc8.trap (tls.c.a7c36f8d_0.trap.tar.zst) (611 of 1053)
[2026-08-05 04:33:20] Scanning tls.c.a7c36f8d.trap (tls.c.a7c36f8d_0.trap.tar.zst) (612 of 1053)
[2026-08-05 04:33:20] Scanning util.c.5f059e8c.trap (util.c.5f059e8c_0.trap.tar.zst) (613 of 1053)
[2026-08-05 04:33:20] Scanning util.c.604a75f7.trap (util.c.604a75f7_0.trap.tar.zst) (614 of 1053)
[2026-08-05 04:33:20] Scanning stddef.h.82492f03.trap (lapi.c.37cea28f_0.trap.tar.zst) (615 of 1053)
[2026-08-05 04:33:20] Scanning stddef.h.48a608a3.trap (lapi.c.37cea28f_0.trap.tar.zst) (616 of 1053)
[2026-08-05 04:33:20] Scanning luaconf.h.ef680e26.trap (lapi.c.37cea28f_0.trap.tar.zst) (617 of 1053)
[2026-08-05 04:33:20] Scanning lundump.h.ddefd8d2.trap (lapi.c.37cea28f_0.trap.tar.zst) (618 of 1053)
[2026-08-05 04:33:20] Scanning lapi.c.37cea28f.trap (lapi.c.37cea28f_0.trap.tar.zst) (619 of 1053)
[2026-08-05 04:33:20] Scanning errno-base.h.a0e04724.trap (lauxlib.c.787695e0_0.trap.tar.zst) (620 of 1053)
[2026-08-05 04:33:20] Scanning errno.h.83dfbb8e.trap (lauxlib.c.787695e0_0.trap.tar.zst) (621 of 1053)
[2026-08-05 04:33:20] Scanning errno.h.fa538d6b.trap (lauxlib.c.787695e0_0.trap.tar.zst) (622 of 1053)
[2026-08-05 04:33:20] Scanning errno.h.c8476942.trap (lauxlib.c.787695e0_0.trap.tar.zst) (623 of 1053)
[2026-08-05 04:33:20] Scanning errno.h.a2b4523c.trap (lauxlib.c.787695e0_0.trap.tar.zst) (624 of 1053)
[2026-08-05 04:33:20] Scanning errno.h.95e6e89d.trap (lauxlib.c.787695e0_0.trap.tar.zst) (625 of 1053)
[2026-08-05 04:33:20] Scanning luaconf.h.b0ebd502.trap (lauxlib.c.787695e0_0.trap.tar.zst) (626 of 1053)
[2026-08-05 04:33:20] Scanning struct_timeval.h.7628e2c5.trap (lauxlib.c.787695e0_0.trap.tar.zst) (627 of 1053)
[2026-08-05 04:33:20] Scanning struct_rusage.h.e4e7b0d6.trap (lauxlib.c.787695e0_0.trap.tar.zst) (628 of 1053)
[2026-08-05 04:33:20] Scanning idtype_t.h.af4344be.trap (lauxlib.c.787695e0_0.trap.tar.zst) (629 of 1053)
[2026-08-05 04:33:20] Scanning wait.h.fa5c3bd1.trap (lauxlib.c.787695e0_0.trap.tar.zst) (630 of 1053)
[2026-08-05 04:33:20] Scanning lauxlib.c.787695e0.trap (lauxlib.c.787695e0_0.trap.tar.zst) (631 of 1053)
[2026-08-05 04:33:20] Scanning ctype.h.6286cbea.trap (lbaselib.c.45bbbff9_0.trap.tar.zst) (632 of 1053)
[2026-08-05 04:33:20] Scanning luaconf.h.e716ed6a.trap (lbaselib.c.45bbbff9_0.trap.tar.zst) (633 of 1053)
[2026-08-05 04:33:20] Scanning lauxlib.h.d70251c7.trap (lbaselib.c.45bbbff9_0.trap.tar.zst) (634 of 1053)
[2026-08-05 04:33:20] Scanning lualib.h.ceaa4042.trap (lbaselib.c.45bbbff9_0.trap.tar.zst) (635 of 1053)
[2026-08-05 04:33:20] Scanning lbaselib.c.45bbbff9.trap (lbaselib.c.45bbbff9_0.trap.tar.zst) (636 of 1053)
[2026-08-05 04:33:20] Scanning libc-header-start.h.81ebf554.trap (lcode.c.b45338d8_0.trap.tar.zst) (637 of 1053)
[2026-08-05 04:33:20] Scanning libm-simd-decl-stubs.h.28d19399.trap (lcode.c.b45338d8_0.trap.tar.zst) (638 of 1053)
[2026-08-05 04:33:20] Scanning math-vector.h.9754f1cd.trap (lcode.c.b45338d8_0.trap.tar.zst) (639 of 1053)
[2026-08-05 04:33:20] Scanning floatn-common.h.badf0a8b.trap (lcode.c.b45338d8_0.trap.tar.zst) (640 of 1053)
[2026-08-05 04:33:20] Scanning floatn.h.97a7944d.trap (lcode.c.b45338d8_0.trap.tar.zst) (641 of 1053)
[2026-08-05 04:33:20] Scanning flt-eval-method.h.27eaa5f8.trap (lcode.c.b45338d8_0.trap.tar.zst) (642 of 1053)
[2026-08-05 04:33:20] Scanning fp-logb.h.c340141e.trap (lcode.c.b45338d8_0.trap.tar.zst) (643 of 1053)
[2026-08-05 04:33:20] Scanning fp-fast.h.30c92367.trap (lcode.c.b45338d8_0.trap.tar.zst) (644 of 1053)
[2026-08-05 04:33:20] Scanning mathcalls-macros.h.314b265d.trap (lcode.c.b45338d8_0.trap.tar.zst) (645 of 1053)
[2026-08-05 04:33:20] Scanning mathcalls-helper-functions.h.3fe5e983.trap (lcode.c.b45338d8_0.trap.tar.zst) (646 of 1053)
[2026-08-05 04:33:20] Scanning mathcalls.h.db3417cf.trap (lcode.c.b45338d8_0.trap.tar.zst) (647 of 1053)
[2026-08-05 04:33:20] Scanning mathcalls-helper-functions.h.77e9d334.trap (lcode.c.b45338d8_0.trap.tar.zst) (648 of 1053)
[2026-08-05 04:33:20] Scanning mathcalls.h.841c14d4.trap (lcode.c.b45338d8_0.trap.tar.zst) (649 of 1053)
[2026-08-05 04:33:20] Scanning mathcalls-helper-functions.h.02d0f2e1.trap (lcode.c.b45338d8_0.trap.tar.zst) (650 of 1053)
[2026-08-05 04:33:20] Scanning mathcalls.h.7c7a9399.trap (lcode.c.b45338d8_0.trap.tar.zst) (651 of 1053)
[2026-08-05 04:33:20] Scanning mathcalls-helper-functions.h.60465cc3.trap (lcode.c.b45338d8_0.trap.tar.zst) (652 of 1053)
[2026-08-05 04:33:20] Scanning math.h.86b60b77.trap (lcode.c.b45338d8_0.trap.tar.zst) (653 of 1053)
[2026-08-05 04:33:20] Scanning libc-header-start.h.00b162f9.trap (lcode.c.b45338d8_0.trap.tar.zst) (654 of 1053)
[2026-08-05 04:33:20] Scanning stddef.h.29f045fd.trap (lcode.c.b45338d8_0.trap.tar.zst) (655 of 1053)
[2026-08-05 04:33:20] Scanning waitflags.h.6e5406be.trap (lcode.c.b45338d8_0.trap.tar.zst) (656 of 1053)
[2026-08-05 04:33:20] Scanning waitstatus.h.7c7ced5b.trap (lcode.c.b45338d8_0.trap.tar.zst) (657 of 1053)
[2026-08-05 04:33:20] Scanning clock_t.h.c296bc9e.trap (lcode.c.b45338d8_0.trap.tar.zst) (658 of 1053)
[2026-08-05 04:33:20] Scanning clockid_t.h.38aae913.trap (lcode.c.b45338d8_0.trap.tar.zst) (659 of 1053)
[2026-08-05 04:33:20] Scanning timer_t.h.d7ed8ef8.trap (lcode.c.b45338d8_0.trap.tar.zst) (660 of 1053)
[2026-08-05 04:33:20] Scanning stddef.h.caeb776a.trap (lcode.c.b45338d8_0.trap.tar.zst) (661 of 1053)
[2026-08-05 04:33:20] Scanning pthreadtypes.h.d3f4fd72.trap (lcode.c.b45338d8_0.trap.tar.zst) (662 of 1053)
[2026-08-05 04:33:20] Scanning types.h.5a031854.trap (lcode.c.b45338d8_0.trap.tar.zst) (663 of 1053)
[2026-08-05 04:33:20] Scanning stdlib-bsearch.h.51dae73c.trap (lcode.c.b45338d8_0.trap.tar.zst) (664 of 1053)
[2026-08-05 04:33:20] Scanning stdlib-float.h.2f45d58b.trap (lcode.c.b45338d8_0.trap.tar.zst) (665 of 1053)
[2026-08-05 04:33:20] Scanning stdlib.h.1cb8dcbe.trap (lcode.c.b45338d8_0.trap.tar.zst) (666 of 1053)
[2026-08-05 04:33:20] Scanning stdlib.h.3784964b.trap (lcode.c.b45338d8_0.trap.tar.zst) (667 of 1053)
[2026-08-05 04:33:20] Scanning stddef.h.ab60a017.trap (lcode.c.b45338d8_0.trap.tar.zst) (668 of 1053)
[2026-08-05 04:33:20] Scanning luaconf.h.43dbc95f.trap (lcode.c.b45338d8_0.trap.tar.zst) (669 of 1053)
[2026-08-05 04:33:20] Scanning sigevent_t.h.1009c1c4.trap (lcode.c.b45338d8_0.trap.tar.zst) (670 of 1053)
[2026-08-05 04:33:20] Scanning signal.h.e086c20c.trap (lcode.c.b45338d8_0.trap.tar.zst) (671 of 1053)
[2026-08-05 04:33:20] Scanning lcode.c.b45338d8.trap (lcode.c.b45338d8_0.trap.tar.zst) (672 of 1053)
[2026-08-05 04:33:20] Scanning luaconf.h.e9e33d39.trap (lcorolib.c.548d69f7_0.trap.tar.zst) (673 of 1053)
[2026-08-05 04:33:20] Scanning stddef.h.f8617f09.trap (lcorolib.c.548d69f7_0.trap.tar.zst) (674 of 1053)
[2026-08-05 04:33:20] Scanning stdio.h.b03e3488.trap (lcorolib.c.548d69f7_0.trap.tar.zst) (675 of 1053)
[2026-08-05 04:33:20] Scanning lcorolib.c.548d69f7.trap (lcorolib.c.548d69f7_0.trap.tar.zst) (676 of 1053)
[2026-08-05 04:33:20] Scanning cpp_predefined.acb19af8.trap (lctype.c.94f0b544_0.trap.tar.zst) (677 of 1053)
[2026-08-05 04:33:20] Scanning lprefix.h.2f009b82.trap (lctype.c.94f0b544_0.trap.tar.zst) (678 of 1053)
[2026-08-05 04:33:20] Scanning stdarg.h.f99afd32.trap (lctype.c.94f0b544_0.trap.tar.zst) (679 of 1053)
[2026-08-05 04:33:20] Scanning stddef.h.16239c79.trap (lctype.c.94f0b544_0.trap.tar.zst) (680 of 1053)
[2026-08-05 04:33:20] Scanning wordsize.h.733b4261.trap (lctype.c.94f0b544_0.trap.tar.zst) (681 of 1053)
[2026-08-05 04:33:20] Scanning timesize.h.e1caa3a1.trap (lctype.c.94f0b544_0.trap.tar.zst) (682 of 1053)
[2026-08-05 04:33:20] Scanning features-time64.h.d2f99668.trap (lctype.c.94f0b544_0.trap.tar.zst) (683 of 1053)
[2026-08-05 04:33:20] Scanning stdc-predef.h.a7d937e3.trap (lctype.c.94f0b544_0.trap.tar.zst) (684 of 1053)
[2026-08-05 04:33:20] Scanning long-double.h.314b265d.trap (lctype.c.94f0b544_0.trap.tar.zst) (685 of 1053)
[2026-08-05 04:33:20] Scanning cdefs.h.88c5ce56.trap (lctype.c.94f0b544_0.trap.tar.zst) (686 of 1053)
[2026-08-05 04:33:20] Scanning stubs-64.h.a7d937e3.trap (lctype.c.94f0b544_0.trap.tar.zst) (687 of 1053)
[2026-08-05 04:33:20] Scanning stubs.h.3b5f42a6.trap (lctype.c.94f0b544_0.trap.tar.zst) (688 of 1053)
[2026-08-05 04:33:20] Scanning features.h.94db026b.trap (lctype.c.94f0b544_0.trap.tar.zst) (689 of 1053)
[2026-08-05 04:33:20] Scanning libc-header-start.h.8a1dc9d7.trap (lctype.c.94f0b544_0.trap.tar.zst) (690 of 1053)
[2026-08-05 04:33:20] Scanning limits.h.a0e04724.trap (lctype.c.94f0b544_0.trap.tar.zst) (691 of 1053)
[2026-08-05 04:33:20] Scanning pthread_stack_min.h.314b265d.trap (lctype.c.94f0b544_0.trap.tar.zst) (692 of 1053)
[2026-08-05 04:33:20] Scanning pthread_stack_min-dynamic.h.839077fb.trap (lctype.c.94f0b544_0.trap.tar.zst) (693 of 1053)
[2026-08-05 04:33:20] Scanning local_lim.h.1136a550.trap (lctype.c.94f0b544_0.trap.tar.zst) (694 of 1053)
[2026-08-05 04:33:20] Scanning posix1_lim.h.a9cf1890.trap (lctype.c.94f0b544_0.trap.tar.zst) (695 of 1053)
[2026-08-05 04:33:20] Scanning posix2_lim.h.0ddf5eb7.trap (lctype.c.94f0b544_0.trap.tar.zst) (696 of 1053)
[2026-08-05 04:33:20] Scanning uio_lim.h.a0e04724.trap (lctype.c.94f0b544_0.trap.tar.zst) (697 of 1053)
[2026-08-05 04:33:20] Scanning xopen_lim.h.6ce49495.trap (lctype.c.94f0b544_0.trap.tar.zst) (698 of 1053)
[2026-08-05 04:33:20] Scanning limits.h.1395b787.trap (lctype.c.94f0b544_0.trap.tar.zst) (699 of 1053)
[2026-08-05 04:33:20] Scanning limits.h.96e87ec0.trap (lctype.c.94f0b544_0.trap.tar.zst) (700 of 1053)
[2026-08-05 04:33:20] Scanning syslimits.h.b9da065c.trap (lctype.c.94f0b544_0.trap.tar.zst) (701 of 1053)
[2026-08-05 04:33:20] Scanning limits.h.6e579dc2.trap (lctype.c.94f0b544_0.trap.tar.zst) (702 of 1053)
[2026-08-05 04:33:20] Scanning stddef.h.c0b54480.trap (lctype.c.94f0b544_0.trap.tar.zst) (703 of 1053)
[2026-08-05 04:33:20] Scanning libc-header-start.h.cee069e5.trap (lctype.c.94f0b544_0.trap.tar.zst) (704 of 1053)
[2026-08-05 04:33:20] Scanning typesizes.h.d9ed9882.trap (lctype.c.94f0b544_0.trap.tar.zst) (705 of 1053)
[2026-08-05 04:33:20] Scanning time64.h.f9d554cf.trap (lctype.c.94f0b544_0.trap.tar.zst) (706 of 1053)
[2026-08-05 04:33:20] Scanning types.h.0d2dd95d.trap (lctype.c.94f0b544_0.trap.tar.zst) (707 of 1053)
[2026-08-05 04:33:20] Scanning wchar.h.b5b9c92d.trap (lctype.c.94f0b544_0.trap.tar.zst) (708 of 1053)
[2026-08-05 04:33:20] Scanning stdint-intn.h.2f917f6e.trap (lctype.c.94f0b544_0.trap.tar.zst) (709 of 1053)
[2026-08-05 04:33:20] Scanning stdint-uintn.h.264189aa.trap (lctype.c.94f0b544_0.trap.tar.zst) (710 of 1053)
[2026-08-05 04:33:20] Scanning stdint-least.h.ceb18d31.trap (lctype.c.94f0b544_0.trap.tar.zst) (711 of 1053)
[2026-08-05 04:33:20] Scanning stdint.h.298cc7a2.trap (lctype.c.94f0b544_0.trap.tar.zst) (712 of 1053)
[2026-08-05 04:33:20] Scanning stdint.h.86a998fe.trap (lctype.c.94f0b544_0.trap.tar.zst) (713 of 1053)
[2026-08-05 04:33:20] Scanning luaconf.h.8ecaa135.trap (lctype.c.94f0b544_0.trap.tar.zst) (714 of 1053)
[2026-08-05 04:33:20] Scanning lua.h.c2416068.trap (lctype.c.94f0b544_0.trap.tar.zst) (715 of 1053)
[2026-08-05 04:33:20] Scanning limits.h.e0a319a1.trap (lctype.c.94f0b544_0.trap.tar.zst) (716 of 1053)
[2026-08-05 04:33:20] Scanning llimits.h.5d62d06a.trap (lctype.c.94f0b544_0.trap.tar.zst) (717 of 1053)
[2026-08-05 04:33:20] Scanning lctype.h.bf6552e3.trap (lctype.c.94f0b544_0.trap.tar.zst) (718 of 1053)
[2026-08-05 04:33:20] Scanning lctype.c.94f0b544.trap (lctype.c.94f0b544_0.trap.tar.zst) (719 of 1053)
[2026-08-05 04:33:20] Scanning luaconf.h.25f24819.trap (ldblib.c.c82a4fb3_0.trap.tar.zst) (720 of 1053)
[2026-08-05 04:33:20] Scanning ldblib.c.c82a4fb3.trap (ldblib.c.c82a4fb3_0.trap.tar.zst) (721 of 1053)
[2026-08-05 04:33:20] Scanning libc-header-start.h.f607dc7a.trap (ldebug.c.c665f1db_0.trap.tar.zst) (722 of 1053)
[2026-08-05 04:33:20] Scanning stddef.h.a5dc59cb.trap (ldebug.c.c665f1db_0.trap.tar.zst) (723 of 1053)
[2026-08-05 04:33:20] Scanning string_fortified.h.1d865dbe.trap (ldebug.c.c665f1db_0.trap.tar.zst) (724 of 1053)
[2026-08-05 04:33:20] Scanning string.h.d52ef39a.trap (ldebug.c.c665f1db_0.trap.tar.zst) (725 of 1053)
[2026-08-05 04:33:20] Scanning luaconf.h.fd8ab36b.trap (ldebug.c.c665f1db_0.trap.tar.zst) (726 of 1053)
[2026-08-05 04:33:20] Scanning lua.h.cab7c599.trap (ldebug.c.c665f1db_0.trap.tar.zst) (727 of 1053)
[2026-08-05 04:33:20] Scanning lobject.h.d7eab18e.trap (ldebug.c.c665f1db_0.trap.tar.zst) (728 of 1053)
[2026-08-05 04:33:20] Scanning ltm.h.58c1dc40.trap (ldebug.c.c665f1db_0.trap.tar.zst) (729 of 1053)
[2026-08-05 04:33:20] Scanning lmem.h.f4fe7449.trap (ldebug.c.c665f1db_0.trap.tar.zst) (730 of 1053)
[2026-08-05 04:33:20] Scanning lzio.h.f8b63b4f.trap (ldebug.c.c665f1db_0.trap.tar.zst) (731 of 1053)
[2026-08-05 04:33:20] Scanning signum-arch.h.5f2b9b7d.trap (ldebug.c.c665f1db_0.trap.tar.zst) (732 of 1053)
[2026-08-05 04:33:20] Scanning signum-generic.h.572363c5.trap (ldebug.c.c665f1db_0.trap.tar.zst) (733 of 1053)
[2026-08-05 04:33:20] Scanning sig_atomic_t.h.e954bc98.trap (ldebug.c.c665f1db_0.trap.tar.zst) (734 of 1053)
[2026-08-05 04:33:20] Scanning __sigset_t.h.258a45e8.trap (ldebug.c.c665f1db_0.trap.tar.zst) (735 of 1053)
[2026-08-05 04:33:20] Scanning sigset_t.h.a464d5d3.trap (ldebug.c.c665f1db_0.trap.tar.zst) (736 of 1053)
[2026-08-05 04:33:20] Scanning endianness.h.fa8e636e.trap (ldebug.c.c665f1db_0.trap.tar.zst) (737 of 1053)
[2026-08-05 04:33:20] Scanning endian.h.82564a91.trap (ldebug.c.c665f1db_0.trap.tar.zst) (738 of 1053)
[2026-08-05 04:33:20] Scanning time_t.h.42f37cb3.trap (ldebug.c.c665f1db_0.trap.tar.zst) (739 of 1053)
[2026-08-05 04:33:20] Scanning struct_timespec.h.9c93b556.trap (ldebug.c.c665f1db_0.trap.tar.zst) (740 of 1053)
[2026-08-05 04:33:20] Scanning __sigval_t.h.e10eb326.trap (ldebug.c.c665f1db_0.trap.tar.zst) (741 of 1053)
[2026-08-05 04:33:20] Scanning siginfo-arch.h.80809361.trap (ldebug.c.c665f1db_0.trap.tar.zst) (742 of 1053)
[2026-08-05 04:33:20] Scanning siginfo_t.h.9f5f9e51.trap (ldebug.c.c665f1db_0.trap.tar.zst) (743 of 1053)
[2026-08-05 04:33:20] Scanning siginfo-consts.h.1099c5a3.trap (ldebug.c.c665f1db_0.trap.tar.zst) (744 of 1053)
[2026-08-05 04:33:20] Scanning sigevent_t.h.24b74e8e.trap (ldebug.c.c665f1db_0.trap.tar.zst) (745 of 1053)
[2026-08-05 04:33:20] Scanning sigevent-consts.h.1a275620.trap (ldebug.c.c665f1db_0.trap.tar.zst) (746 of 1053)
[2026-08-05 04:33:20] Scanning sigaction.h.5cf2f8de.trap (ldebug.c.c665f1db_0.trap.tar.zst) (747 of 1053)
[2026-08-05 04:33:20] Scanning stddef.h.8ea07988.trap (ldebug.c.c665f1db_0.trap.tar.zst) (748 of 1053)
[2026-08-05 04:33:20] Scanning stddef.h.48ff7f27.trap (ldebug.c.c665f1db_0.trap.tar.zst) (749 of 1053)
[2026-08-05 04:33:20] Scanning stack_t.h.d2c5f475.trap (ldebug.c.c665f1db_0.trap.tar.zst) (750 of 1053)
[2026-08-05 04:33:20] Scanning ucontext.h.14d24423.trap (ldebug.c.c665f1db_0.trap.tar.zst) (751 of 1053)
[2026-08-05 04:33:20] Scanning sigstack.h.8bd2fea9.trap (ldebug.c.c665f1db_0.trap.tar.zst) (752 of 1053)
[2026-08-05 04:33:20] Scanning sigstksz.h.2e404a72.trap (ldebug.c.c665f1db_0.trap.tar.zst) (753 of 1053)
[2026-08-05 04:33:20] Scanning ss_flags.h.8daa1416.trap (ldebug.c.c665f1db_0.trap.tar.zst) (754 of 1053)
[2026-08-05 04:33:20] Scanning struct_sigstack.h.b385f845.trap (ldebug.c.c665f1db_0.trap.tar.zst) (755 of 1053)
[2026-08-05 04:33:20] Scanning pthreadtypes-arch.h.b0c3198b.trap (ldebug.c.c665f1db_0.trap.tar.zst) (756 of 1053)
[2026-08-05 04:33:20] Scanning atomic_wide_counter.h.8990633d.trap (ldebug.c.c665f1db_0.trap.tar.zst) (757 of 1053)
[2026-08-05 04:33:20] Scanning struct_mutex.h.6be97814.trap (ldebug.c.c665f1db_0.trap.tar.zst) (758 of 1053)
[2026-08-05 04:33:20] Scanning struct_rwlock.h.bda7134e.trap (ldebug.c.c665f1db_0.trap.tar.zst) (759 of 1053)
[2026-08-05 04:33:20] Scanning thread-shared-types.h.3fc9d957.trap (ldebug.c.c665f1db_0.trap.tar.zst) (760 of 1053)
[2026-08-05 04:33:20] Scanning pthreadtypes.h.d312b234.trap (ldebug.c.c665f1db_0.trap.tar.zst) (761 of 1053)
[2026-08-05 04:33:20] Scanning sigthread.h.fbdc4527.trap (ldebug.c.c665f1db_0.trap.tar.zst) (762 of 1053)
[2026-08-05 04:33:20] Scanning signal_ext.h.69f14f65.trap (ldebug.c.c665f1db_0.trap.tar.zst) (763 of 1053)
[2026-08-05 04:33:20] Scanning signal.h.ccff5294.trap (ldebug.c.c665f1db_0.trap.tar.zst) (764 of 1053)
[2026-08-05 04:33:20] Scanning lstate.h.b8e17e5d.trap (ldebug.c.c665f1db_0.trap.tar.zst) (765 of 1053)
[2026-08-05 04:33:20] Scanning lapi.h.d2ade215.trap (ldebug.c.c665f1db_0.trap.tar.zst) (766 of 1053)
[2026-08-05 04:33:20] Scanning llex.h.629f6918.trap (ldebug.c.c665f1db_0.trap.tar.zst) (767 of 1053)
[2026-08-05 04:33:20] Scanning lopcodes.h.40967099.trap (ldebug.c.c665f1db_0.trap.tar.zst) (768 of 1053)
[2026-08-05 04:33:20] Scanning lparser.h.f980a7de.trap (ldebug.c.c665f1db_0.trap.tar.zst) (769 of 1053)
[2026-08-05 04:33:20] Scanning lcode.h.ee8b8220.trap (ldebug.c.c665f1db_0.trap.tar.zst) (770 of 1053)
[2026-08-05 04:33:20] Scanning ldebug.h.898f5069.trap (ldebug.c.c665f1db_0.trap.tar.zst) (771 of 1053)
[2026-08-05 04:33:20] Scanning ldo.h.08b60a9b.trap (ldebug.c.c665f1db_0.trap.tar.zst) (772 of 1053)
[2026-08-05 04:33:20] Scanning lfunc.h.72ae55ab.trap (ldebug.c.c665f1db_0.trap.tar.zst) (773 of 1053)
[2026-08-05 04:33:20] Scanning lgc.h.d5f7a2e7.trap (ldebug.c.c665f1db_0.trap.tar.zst) (774 of 1053)
[2026-08-05 04:33:20] Scanning lstring.h.96aff756.trap (ldebug.c.c665f1db_0.trap.tar.zst) (775 of 1053)
[2026-08-05 04:33:20] Scanning ltable.h.bc9f4b8c.trap (ldebug.c.c665f1db_0.trap.tar.zst) (776 of 1053)
[2026-08-05 04:33:20] Scanning lvm.h.9e6eb458.trap (ldebug.c.c665f1db_0.trap.tar.zst) (777 of 1053)
[2026-08-05 04:33:20] Scanning ldebug.c.c665f1db.trap (ldebug.c.c665f1db_0.trap.tar.zst) (778 of 1053)
[2026-08-05 04:33:20] Scanning setjmp.h.b9ed50ae.trap (ldo.c.40a9bec4_0.trap.tar.zst) (779 of 1053)
[2026-08-05 04:33:20] Scanning struct___jmp_buf_tag.h.bb997182.trap (ldo.c.40a9bec4_0.trap.tar.zst) (780 of 1053)
[2026-08-05 04:33:20] Scanning setjmp2.h.5954f978.trap (ldo.c.40a9bec4_0.trap.tar.zst) (781 of 1053)
[2026-08-05 04:33:20] Scanning setjmp.h.322746b6.trap (ldo.c.40a9bec4_0.trap.tar.zst) (782 of 1053)
[2026-08-05 04:33:20] Scanning stdlib.h.5f5d670d.trap (ldo.c.40a9bec4_0.trap.tar.zst) (783 of 1053)
[2026-08-05 04:33:20] Scanning stddef.h.894bc86c.trap (ldo.c.40a9bec4_0.trap.tar.zst) (784 of 1053)
[2026-08-05 04:33:20] Scanning luaconf.h.53070fd6.trap (ldo.c.40a9bec4_0.trap.tar.zst) (785 of 1053)
[2026-08-05 04:33:20] Scanning lstate.h.ac36dd59.trap (ldo.c.40a9bec4_0.trap.tar.zst) (786 of 1053)
[2026-08-05 04:33:20] Scanning lparser.h.a79f9266.trap (ldo.c.40a9bec4_0.trap.tar.zst) (787 of 1053)
[2026-08-05 04:33:20] Scanning ldo.c.40a9bec4.trap (ldo.c.40a9bec4_0.trap.tar.zst) (788 of 1053)
[2026-08-05 04:33:20] Scanning luaconf.h.c1b9d59b.trap (ldump.c.c336c042_0.trap.tar.zst) (789 of 1053)
[2026-08-05 04:33:20] Scanning ldump.c.c336c042.trap (ldump.c.c336c042_0.trap.tar.zst) (790 of 1053)
[2026-08-05 04:33:20] Scanning luaconf.h.a4f575d1.trap (lfunc.c.9d612ebf_0.trap.tar.zst) (791 of 1053)
[2026-08-05 04:33:20] Scanning lfunc.c.9d612ebf.trap (lfunc.c.9d612ebf_0.trap.tar.zst) (792 of 1053)
[2026-08-05 04:33:20] Scanning libc-header-start.h.775d0f98.trap (lgc.c.ddd4bbb9_0.trap.tar.zst) (793 of 1053)
[2026-08-05 04:33:20] Scanning stddef.h.23869142.trap (lgc.c.ddd4bbb9_0.trap.tar.zst) (794 of 1053)
[2026-08-05 04:33:20] Scanning stdarg.h.06859d43.trap (lgc.c.ddd4bbb9_0.trap.tar.zst) (795 of 1053)
[2026-08-05 04:33:20] Scanning __mbstate_t.h.5338d4d5.trap (lgc.c.ddd4bbb9_0.trap.tar.zst) (796 of 1053)
[2026-08-05 04:33:20] Scanning __fpos_t.h.0399c007.trap (lgc.c.ddd4bbb9_0.trap.tar.zst) (797 of 1053)
[2026-08-05 04:33:20] Scanning __fpos64_t.h.235f5948.trap (lgc.c.ddd4bbb9_0.trap.tar.zst) (798 of 1053)
[2026-08-05 04:33:20] Scanning __FILE.h.e0b1c9d8.trap (lgc.c.ddd4bbb9_0.trap.tar.zst) (799 of 1053)
[2026-08-05 04:33:20] Scanning FILE.h.be983ac6.trap (lgc.c.ddd4bbb9_0.trap.tar.zst) (800 of 1053)
[2026-08-05 04:33:20] Scanning struct_FILE.h.54fd21e9.trap (lgc.c.ddd4bbb9_0.trap.tar.zst) (801 of 1053)
[2026-08-05 04:33:20] Scanning stdio_lim.h.e6acb5fb.trap (lgc.c.ddd4bbb9_0.trap.tar.zst) (802 of 1053)
[2026-08-05 04:33:20] Scanning stdio2-decl.h.738990d2.trap (lgc.c.ddd4bbb9_0.trap.tar.zst) (803 of 1053)
[2026-08-05 04:33:20] Scanning stdio.h.8b23d9c0.trap (lgc.c.ddd4bbb9_0.trap.tar.zst) (804 of 1053)
[2026-08-05 04:33:20] Scanning stdio2.h.6a204a3e.trap (lgc.c.ddd4bbb9_0.trap.tar.zst) (805 of 1053)
[2026-08-05 04:33:20] Scanning stdio.h.f33c4670.trap (lgc.c.ddd4bbb9_0.trap.tar.zst) (806 of 1053)
[2026-08-05 04:33:20] Scanning stdarg.h.45a93f1f.trap (lgc.c.ddd4bbb9_0.trap.tar.zst) (807 of 1053)
[2026-08-05 04:33:20] Scanning luaconf.h.a561c109.trap (lgc.c.ddd4bbb9_0.trap.tar.zst) (808 of 1053)
[2026-08-05 04:33:20] Scanning lgc.c.ddd4bbb9.trap (lgc.c.ddd4bbb9_0.trap.tar.zst) (809 of 1053)
[2026-08-05 04:33:20] Scanning luaconf.h.712e75f8.trap (linit.c.8a49799a_0.trap.tar.zst) (810 of 1053)
[2026-08-05 04:33:20] Scanning linit.c.8a49799a.trap (linit.c.8a49799a_0.trap.tar.zst) (811 of 1053)
[2026-08-05 04:33:20] Scanning luaconf.h.5b8e4aec.trap (liolib.c.63cd549a_0.trap.tar.zst) (812 of 1053)
[2026-08-05 04:33:20] Scanning liolib.c.63cd549a.trap (liolib.c.63cd549a_0.trap.tar.zst) (813 of 1053)
[2026-08-05 04:33:20] Scanning stddef.h.e43f78f3.trap (llex.c.02a566ec_0.trap.tar.zst) (814 of 1053)
[2026-08-05 04:33:20] Scanning locale.h.23e32da5.trap (llex.c.02a566ec_0.trap.tar.zst) (815 of 1053)
[2026-08-05 04:33:20] Scanning locale.h.cde5cc4c.trap (llex.c.02a566ec_0.trap.tar.zst) (816 of 1053)
[2026-08-05 04:33:20] Scanning luaconf.h.67e1e9c2.trap (llex.c.02a566ec_0.trap.tar.zst) (817 of 1053)
[2026-08-05 04:33:20] Scanning llex.c.02a566ec.trap (llex.c.02a566ec_0.trap.tar.zst) (818 of 1053)
[2026-08-05 04:33:21] Scanning float.h.6f17e47d.trap (lmathlib.c.a495afa1_0.trap.tar.zst) (819 of 1053)
[2026-08-05 04:33:21] Scanning stddef.h.65eb941d.trap (lmathlib.c.a495afa1_0.trap.tar.zst) (820 of 1053)
[2026-08-05 04:33:21] Scanning time.h.a1fd528c.trap (lmathlib.c.a495afa1_0.trap.tar.zst) (821 of 1053)
[2026-08-05 04:33:21] Scanning luaconf.h.8c6cd874.trap (lmathlib.c.a495afa1_0.trap.tar.zst) (822 of 1053)
[2026-08-05 04:33:21] Scanning lmathlib.c.a495afa1.trap (lmathlib.c.a495afa1_0.trap.tar.zst) (823 of 1053)
[2026-08-05 04:33:21] Scanning luaconf.h.6284e53f.trap (lmem.c.79eed960_0.trap.tar.zst) (824 of 1053)
[2026-08-05 04:33:21] Scanning lmem.c.79eed960.trap (lmem.c.79eed960_0.trap.tar.zst) (825 of 1053)
[2026-08-05 04:33:21] Scanning luaconf.h.c5e85ab1.trap (loadlib.c.af0a5a16_0.trap.tar.zst) (826 of 1053)
[2026-08-05 04:33:21] Scanning stddef.h.d5f46c9d.trap (loadlib.c.af0a5a16_0.trap.tar.zst) (827 of 1053)
[2026-08-05 04:33:21] Scanning dlfcn.h.deb617d1.trap (loadlib.c.af0a5a16_0.trap.tar.zst) (828 of 1053)
[2026-08-05 04:33:21] Scanning dlfcn.h.51def8ab.trap (loadlib.c.af0a5a16_0.trap.tar.zst) (829 of 1053)
[2026-08-05 04:33:21] Scanning loadlib.c.af0a5a16.trap (loadlib.c.af0a5a16_0.trap.tar.zst) (830 of 1053)
[2026-08-05 04:33:21] Scanning stdio.h.b53154da.trap (lobject.c.7947630c_0.trap.tar.zst) (831 of 1053)
[2026-08-05 04:33:21] Scanning stddef.h.a0b57e97.trap (lobject.c.7947630c_0.trap.tar.zst) (832 of 1053)
[2026-08-05 04:33:21] Scanning types.h.822460f4.trap (lobject.c.7947630c_0.trap.tar.zst) (833 of 1053)
[2026-08-05 04:33:21] Scanning luaconf.h.339b70ae.trap (lobject.c.7947630c_0.trap.tar.zst) (834 of 1053)
[2026-08-05 04:33:21] Scanning lobject.c.7947630c.trap (lobject.c.7947630c_0.trap.tar.zst) (835 of 1053)
[2026-08-05 04:33:21] Scanning luaconf.h.6946d99a.trap (lopcodes.c.e16520ea_0.trap.tar.zst) (836 of 1053)
[2026-08-05 04:33:21] Scanning lopcodes.c.e16520ea.trap (lopcodes.c.e16520ea_0.trap.tar.zst) (837 of 1053)
[2026-08-05 04:33:21] Scanning luaconf.h.476d490e.trap (loslib.c.af8c8911_0.trap.tar.zst) (838 of 1053)
[2026-08-05 04:33:21] Scanning posix_opt.h.a5ada9ac.trap (loslib.c.af8c8911_0.trap.tar.zst) (839 of 1053)
[2026-08-05 04:33:21] Scanning environments.h.136cd785.trap (loslib.c.af8c8911_0.trap.tar.zst) (840 of 1053)
[2026-08-05 04:33:21] Scanning stddef.h.6065b876.trap (loslib.c.af8c8911_0.trap.tar.zst) (841 of 1053)
[2026-08-05 04:33:21] Scanning confname.h.3368fa26.trap (loslib.c.af8c8911_0.trap.tar.zst) (842 of 1053)
[2026-08-05 04:33:21] Scanning getopt_core.h.2020340e.trap (loslib.c.af8c8911_0.trap.tar.zst) (843 of 1053)
[2026-08-05 04:33:21] Scanning getopt_posix.h.26bbd971.trap (loslib.c.af8c8911_0.trap.tar.zst) (844 of 1053)
[2026-08-05 04:33:21] Scanning unistd-decl.h.d1b3bf56.trap (loslib.c.af8c8911_0.trap.tar.zst) (845 of 1053)
[2026-08-05 04:33:21] Scanning unistd.h.22f4fec5.trap (loslib.c.af8c8911_0.trap.tar.zst) (846 of 1053)
[2026-08-05 04:33:21] Scanning unistd_ext.h.40c00313.trap (loslib.c.af8c8911_0.trap.tar.zst) (847 of 1053)
[2026-08-05 04:33:21] Scanning unistd.h.25971d2a.trap (loslib.c.af8c8911_0.trap.tar.zst) (848 of 1053)
[2026-08-05 04:33:21] Scanning loslib.c.af8c8911.trap (loslib.c.af8c8911_0.trap.tar.zst) (849 of 1053)
[2026-08-05 04:33:21] Scanning luaconf.h.32659b0b.trap (lparser.c.99b91cb6_0.trap.tar.zst) (850 of 1053)
[2026-08-05 04:33:21] Scanning lparser.h.e925546a.trap (lparser.c.99b91cb6_0.trap.tar.zst) (851 of 1053)
[2026-08-05 04:33:21] Scanning lparser.c.99b91cb6.trap (lparser.c.99b91cb6_0.trap.tar.zst) (852 of 1053)
[2026-08-05 04:33:21] Scanning luaconf.h.19f355d7.trap (lstate.c.a325f9a3_0.trap.tar.zst) (853 of 1053)
[2026-08-05 04:33:21] Scanning sigevent_t.h.65eda869.trap (lstate.c.a325f9a3_0.trap.tar.zst) (854 of 1053)
[2026-08-05 04:33:21] Scanning llex.h.86dc279a.trap (lstate.c.a325f9a3_0.trap.tar.zst) (855 of 1053)
[2026-08-05 04:33:21] Scanning stddef.h.c430bb78.trap (lstate.c.a325f9a3_0.trap.tar.zst) (856 of 1053)
[2026-08-05 04:33:21] Scanning time.h.86b43df8.trap (lstate.c.a325f9a3_0.trap.tar.zst) (857 of 1053)
[2026-08-05 04:33:21] Scanning struct_tm.h.277e3d1f.trap (lstate.c.a325f9a3_0.trap.tar.zst) (858 of 1053)
[2026-08-05 04:33:21] Scanning struct_itimerspec.h.37c9b70d.trap (lstate.c.a325f9a3_0.trap.tar.zst) (859 of 1053)
[2026-08-05 04:33:21] Scanning time.h.65787268.trap (lstate.c.a325f9a3_0.trap.tar.zst) (860 of 1053)
[2026-08-05 04:33:21] Scanning lstate.c.a325f9a3.trap (lstate.c.a325f9a3_0.trap.tar.zst) (861 of 1053)
[2026-08-05 04:33:21] Scanning luaconf.h.2d0d770d.trap (lstring.c.81ebde5b_0.trap.tar.zst) (862 of 1053)
[2026-08-05 04:33:21] Scanning lstring.c.81ebde5b.trap (lstring.c.81ebde5b_0.trap.tar.zst) (863 of 1053)
[2026-08-05 04:33:21] Scanning stddef.h.70f48e06.trap (lstrlib.c.26024373_0.trap.tar.zst) (864 of 1053)
[2026-08-05 04:33:21] Scanning stddef.h.dea48ba3.trap (lstrlib.c.26024373_0.trap.tar.zst) (865 of 1053)
[2026-08-05 04:33:21] Scanning luaconf.h.dca41430.trap (lstrlib.c.26024373_0.trap.tar.zst) (866 of 1053)
[2026-08-05 04:33:21] Scanning lstrlib.c.26024373.trap (lstrlib.c.26024373_0.trap.tar.zst) (867 of 1053)
[2026-08-05 04:33:21] Scanning luaconf.h.2145d62a.trap (ltable.c.d37b12e3_0.trap.tar.zst) (868 of 1053)
[2026-08-05 04:33:21] Scanning ltable.c.d37b12e3.trap (ltable.c.d37b12e3_0.trap.tar.zst) (869 of 1053)
[2026-08-05 04:33:21] Scanning luaconf.h.a59003f7.trap (ltablib.c.80f4d0e7_0.trap.tar.zst) (870 of 1053)
[2026-08-05 04:33:21] Scanning time.h.67743c0f.trap (ltablib.c.80f4d0e7_0.trap.tar.zst) (871 of 1053)
[2026-08-05 04:33:21] Scanning ltablib.c.80f4d0e7.trap (ltablib.c.80f4d0e7_0.trap.tar.zst) (872 of 1053)
[2026-08-05 04:33:21] Scanning luaconf.h.f5900b82.trap (ltm.c.2667e893_0.trap.tar.zst) (873 of 1053)
[2026-08-05 04:33:21] Scanning ltm.c.2667e893.trap (ltm.c.2667e893_0.trap.tar.zst) (874 of 1053)
[2026-08-05 04:33:21] Scanning stddef.h.4e14a564.trap (lua.c.34b02229_0.trap.tar.zst) (875 of 1053)
[2026-08-05 04:33:21] Scanning stddef.h.27e59164.trap (lua.c.34b02229_0.trap.tar.zst) (876 of 1053)
[2026-08-05 04:33:21] Scanning luaconf.h.6e2832da.trap (lua.c.34b02229_0.trap.tar.zst) (877 of 1053)
[2026-08-05 04:33:21] Scanning unistd.h.308122a0.trap (lua.c.34b02229_0.trap.tar.zst) (878 of 1053)
[2026-08-05 04:33:21] Scanning lua.c.34b02229.trap (lua.c.34b02229_0.trap.tar.zst) (879 of 1053)
[2026-08-05 04:33:21] Scanning luaconf.h.74476910.trap (luac.c.45579114_0.trap.tar.zst) (880 of 1053)
[2026-08-05 04:33:21] Scanning llimits.h.4e9b899b.trap (luac.c.45579114_0.trap.tar.zst) (881 of 1053)
[2026-08-05 04:33:21] Scanning lopnames.h.5e3b4d93.trap (luac.c.45579114_0.trap.tar.zst) (882 of 1053)
[2026-08-05 04:33:21] Scanning luac.c.45579114.trap (luac.c.45579114_0.trap.tar.zst) (883 of 1053)
[2026-08-05 04:33:21] Scanning luaconf.h.8966f98f.trap (lundump.c.eaefb770_0.trap.tar.zst) (884 of 1053)
[2026-08-05 04:33:21] Scanning lundump.c.eaefb770.trap (lundump.c.eaefb770_0.trap.tar.zst) (885 of 1053)
[2026-08-05 04:33:21] Scanning assert.h.e621e629.trap (lutf8lib.c.dbb15ab0_0.trap.tar.zst) (886 of 1053)
[2026-08-05 04:33:21] Scanning luaconf.h.bea5d3c5.trap (lutf8lib.c.dbb15ab0_0.trap.tar.zst) (887 of 1053)
[2026-08-05 04:33:21] Scanning lutf8lib.c.dbb15ab0.trap (lutf8lib.c.dbb15ab0_0.trap.tar.zst) (888 of 1053)
[2026-08-05 04:33:21] Scanning luaconf.h.3e118aa0.trap (lvm.c.205a346c_0.trap.tar.zst) (889 of 1053)
[2026-08-05 04:33:21] Scanning lvm.c.205a346c.trap (lvm.c.205a346c_0.trap.tar.zst) (890 of 1053)
[2026-08-05 04:33:21] Scanning luaconf.h.e487d561.trap (lzio.c.5a08294d_0.trap.tar.zst) (891 of 1053)
[2026-08-05 04:33:21] Scanning lzio.c.5a08294d.trap (lzio.c.5a08294d_0.trap.tar.zst) (892 of 1053)
[2026-08-05 04:33:21] Scanning socket.h.9bb013e7.trap (mcmc.c.f83252ec_0.trap.tar.zst) (893 of 1053)
[2026-08-05 04:33:21] Scanning stddef.h.699ac7f9.trap (mcmc.c.f83252ec_0.trap.tar.zst) (894 of 1053)
[2026-08-05 04:33:21] Scanning netdb.h.393e9c8a.trap (mcmc.c.f83252ec_0.trap.tar.zst) (895 of 1053)
[2026-08-05 04:33:21] Scanning getopt_posix.h.315cc947.trap (mcmc.c.f83252ec_0.trap.tar.zst) (896 of 1053)
[2026-08-05 04:33:21] Scanning unistd.h.cfb3011e.trap (mcmc.c.f83252ec_0.trap.tar.zst) (897 of 1053)
[2026-08-05 04:33:21] Scanning fcntl-linux-fortify.h.31fdbff3.trap (mcmc.c.f83252ec_0.trap.tar.zst) (898 of 1053)
[2026-08-05 04:33:21] Scanning fcntl-linux.h.150234c0.trap (mcmc.c.f83252ec_0.trap.tar.zst) (899 of 1053)
[2026-08-05 04:33:21] Scanning fcntl.h.a6d02b14.trap (mcmc.c.f83252ec_0.trap.tar.zst) (900 of 1053)
[2026-08-05 04:33:21] Scanning struct_stat.h.6f2b0499.trap (mcmc.c.f83252ec_0.trap.tar.zst) (901 of 1053)
[2026-08-05 04:33:21] Scanning stat.h.1acbe1e4.trap (mcmc.c.f83252ec_0.trap.tar.zst) (902 of 1053)
[2026-08-05 04:33:21] Scanning fcntl2.h.984c2f9f.trap (mcmc.c.f83252ec_0.trap.tar.zst) (903 of 1053)
[2026-08-05 04:33:21] Scanning fcntl.h.eee9b540.trap (mcmc.c.f83252ec_0.trap.tar.zst) (904 of 1053)
[2026-08-05 04:33:21] Scanning libc-header-start.h.37d66821.trap (mcmc.c.f83252ec_0.trap.tar.zst) (905 of 1053)
[2026-08-05 04:33:21] Scanning limits.h.4c77da5d.trap (mcmc.c.f83252ec_0.trap.tar.zst) (906 of 1053)
[2026-08-05 04:33:21] Scanning ctype.h.b22e0afb.trap (mcmc.c.f83252ec_0.trap.tar.zst) (907 of 1053)
[2026-08-05 04:33:21] Scanning mcmc.c.f83252ec.trap (mcmc.c.f83252ec_0.trap.tar.zst) (908 of 1053)
[2026-08-05 04:33:21] Scanning 12335012_0.trap.zst (909 of 1053)
[2026-08-05 04:33:21] Scanning 19649554_0.trap.zst (910 of 1053)
[2026-08-05 04:33:21] Scanning 32753014_0.trap.zst (911 of 1053)
[2026-08-05 04:33:21] Scanning 55739483_0.trap.zst (912 of 1053)
[2026-08-05 04:33:21] Scanning 39640447_0.trap.zst (913 of 1053)
[2026-08-05 04:33:21] Scanning 12650678_0.trap.zst (914 of 1053)
[2026-08-05 04:33:21] Scanning 33236530_0.trap.zst (915 of 1053)
[2026-08-05 04:33:21] Scanning 50772098_0.trap.zst (916 of 1053)
[2026-08-05 04:33:21] Scanning 54631413_0.trap.zst (917 of 1053)
[2026-08-05 04:33:21] Scanning 63783942_0.trap.zst (918 of 1053)
[2026-08-05 04:33:21] Scanning 1674277_0.trap.zst (919 of 1053)
[2026-08-05 04:33:21] Scanning 63212514_0.trap.zst (920 of 1053)
[2026-08-05 04:33:21] Scanning 10290593_0.trap.zst (921 of 1053)
[2026-08-05 04:33:21] Scanning 35396122_0.trap.zst (922 of 1053)
[2026-08-05 04:33:21] Scanning 43388251_0.trap.zst (923 of 1053)
[2026-08-05 04:33:21] Scanning 7166809_0.trap.zst (924 of 1053)
[2026-08-05 04:33:21] Scanning 27567449_0.trap.zst (925 of 1053)
[2026-08-05 04:33:21] Scanning 46137831_0.trap.zst (926 of 1053)
[2026-08-05 04:33:21] Scanning 46665965_0.trap.zst (927 of 1053)
[2026-08-05 04:33:21] Scanning 61844899_0.trap.zst (928 of 1053)
[2026-08-05 04:33:21] Scanning 6283966_0.trap.zst (929 of 1053)
[2026-08-05 04:33:21] Scanning 12090363_0.trap.zst (930 of 1053)
[2026-08-05 04:33:21] Scanning 60222078_0.trap.zst (931 of 1053)
[2026-08-05 04:33:21] Scanning 19718961_0.trap.zst (932 of 1053)
[2026-08-05 04:33:21] Scanning 57447079_0.trap.zst (933 of 1053)
[2026-08-05 04:33:21] Scanning 10442035_0.trap.zst (934 of 1053)
[2026-08-05 04:33:21] Scanning 34920481_0.trap.zst (935 of 1053)
[2026-08-05 04:33:21] Scanning 42203960_0.trap.zst (936 of 1053)
[2026-08-05 04:33:21] Scanning 49240103_0.trap.zst (937 of 1053)
[2026-08-05 04:33:21] Scanning 20483450_0.trap.zst (938 of 1053)
[2026-08-05 04:33:21] Scanning 20562221_0.trap.zst (939 of 1053)
[2026-08-05 04:33:21] Scanning 26131618_0.trap.zst (940 of 1053)
[2026-08-05 04:33:21] Scanning 33963755_0.trap.zst (941 of 1053)
[2026-08-05 04:33:21] Scanning 46537873_0.trap.zst (942 of 1053)
[2026-08-05 04:33:21] Scanning 12200809_0.trap.zst (943 of 1053)
[2026-08-05 04:33:21] Scanning 36378310_0.trap.zst (944 of 1053)
[2026-08-05 04:33:21] Scanning 34376838_0.trap.zst (945 of 1053)
[2026-08-05 04:33:21] Scanning 57258603_0.trap.zst (946 of 1053)
[2026-08-05 04:33:21] Scanning 19597091_0.trap.zst (947 of 1053)
[2026-08-05 04:33:21] Scanning 16484305_0.trap.zst (948 of 1053)
[2026-08-05 04:33:21] Scanning 19613456_0.trap.zst (949 of 1053)
[2026-08-05 04:33:21] Scanning 20996330_0.trap.zst (950 of 1053)
[2026-08-05 04:33:21] Scanning 27349073_0.trap.zst (951 of 1053)
[2026-08-05 04:33:21] Scanning 36843250_0.trap.zst (952 of 1053)
[2026-08-05 04:33:21] Scanning 63967506_0.trap.zst (953 of 1053)
[2026-08-05 04:33:21] Scanning 7495524_0.trap.zst (954 of 1053)
[2026-08-05 04:33:21] Scanning 59429881_0.trap.zst (955 of 1053)
[2026-08-05 04:33:21] Scanning 7619090_0.trap.zst (956 of 1053)
[2026-08-05 04:33:21] Scanning 19368188_0.trap.zst (957 of 1053)
[2026-08-05 04:33:21] Scanning 52131937_0.trap.zst (958 of 1053)
[2026-08-05 04:33:21] Scanning 5494866_0.trap.zst (959 of 1053)
[2026-08-05 04:33:21] Scanning 21442672_0.trap.zst (960 of 1053)
[2026-08-05 04:33:21] Scanning 2740323_0.trap.zst (961 of 1053)
[2026-08-05 04:33:21] Scanning 18165920_0.trap.zst (962 of 1053)
[2026-08-05 04:33:21] Scanning 6302809_0.trap.zst (963 of 1053)
[2026-08-05 04:33:21] Scanning 15780758_0.trap.zst (964 of 1053)
[2026-08-05 04:33:21] Scanning 24480151_0.trap.zst (965 of 1053)
[2026-08-05 04:33:21] Scanning 39893614_0.trap.zst (966 of 1053)
[2026-08-05 04:33:21] Scanning 65402991_0.trap.zst (967 of 1053)
[2026-08-05 04:33:21] Scanning 3087585_0.trap.zst (968 of 1053)
[2026-08-05 04:33:21] Scanning 2295497_0.trap.zst (969 of 1053)
[2026-08-05 04:33:21] Scanning 2477691_0.trap.zst (970 of 1053)
[2026-08-05 04:33:21] Scanning 47531655_0.trap.zst (971 of 1053)
[2026-08-05 04:33:21] Scanning 66880995_0.trap.zst (972 of 1053)
[2026-08-05 04:33:21] Scanning 58277936_0.trap.zst (973 of 1053)
[2026-08-05 04:33:21] Scanning 20211673_0.trap.zst (974 of 1053)
[2026-08-05 04:33:21] Scanning 42339259_0.trap.zst (975 of 1053)
[2026-08-05 04:33:21] Scanning 30971114_0.trap.zst (976 of 1053)
[2026-08-05 04:33:21] Scanning 33660737_0.trap.zst (977 of 1053)
[2026-08-05 04:33:21] Scanning 20314372_0.trap.zst (978 of 1053)
[2026-08-05 04:33:21] Scanning 3065153_0.trap.zst (979 of 1053)
[2026-08-05 04:33:21] Scanning 32707532_0.trap.zst (980 of 1053)
[2026-08-05 04:33:21] Scanning 4401673_0.trap.zst (981 of 1053)
[2026-08-05 04:33:21] Scanning 51410640_0.trap.zst (982 of 1053)
[2026-08-05 04:33:21] Scanning 30044704_0.trap.zst (983 of 1053)
[2026-08-05 04:33:21] Scanning 63774913_0.trap.zst (984 of 1053)
[2026-08-05 04:33:21] Scanning 15724399_0.trap.zst (985 of 1053)
[2026-08-05 04:33:21] Scanning 60615968_0.trap.zst (986 of 1053)
[2026-08-05 04:33:21] Scanning 37064536_0.trap.zst (987 of 1053)
[2026-08-05 04:33:21] Scanning 65013996_0.trap.zst (988 of 1053)
[2026-08-05 04:33:21] Scanning 24133225_0.trap.zst (989 of 1053)
[2026-08-05 04:33:21] Scanning 12651464_0.trap.zst (990 of 1053)
[2026-08-05 04:33:21] Scanning 3233072_0.trap.zst (991 of 1053)
[2026-08-05 04:33:21] Scanning 22602754_0.trap.zst (992 of 1053)
[2026-08-05 04:33:21] Scanning 12029341_0.trap.zst (993 of 1053)
[2026-08-05 04:33:21] Scanning 37486735_0.trap.zst (994 of 1053)
[2026-08-05 04:33:21] Scanning 62115879_0.trap.zst (995 of 1053)
[2026-08-05 04:33:21] Scanning 34600068_0.trap.zst (996 of 1053)
[2026-08-05 04:33:21] Scanning 16048821_0.trap.zst (997 of 1053)
[2026-08-05 04:33:21] Scanning 30376413_0.trap.zst (998 of 1053)
[2026-08-05 04:33:21] Scanning 16857644_0.trap.zst (999 of 1053)
[2026-08-05 04:33:21] Scanning 8386603_0.trap.zst (1000 of 1053)
[2026-08-05 04:33:21] Scanning 17520654_0.trap.zst (1001 of 1053)
[2026-08-05 04:33:21] Scanning 23947704_0.trap.zst (1002 of 1053)
[2026-08-05 04:33:21] Scanning 35254034_0.trap.zst (1003 of 1053)
[2026-08-05 04:33:21] Scanning 41076968_0.trap.zst (1004 of 1053)
[2026-08-05 04:33:21] Scanning 60178362_0.trap.zst (1005 of 1053)
[2026-08-05 04:33:21] Scanning 6247990_0.trap.zst (1006 of 1053)
[2026-08-05 04:33:21] Scanning 63516627_0.trap.zst (1007 of 1053)
[2026-08-05 04:33:21] Scanning 66504382_0.trap.zst (1008 of 1053)
[2026-08-05 04:33:21] Scanning 15871218_0.trap.zst (1009 of 1053)
[2026-08-05 04:33:21] Scanning 16399864_0.trap.zst (1010 of 1053)
[2026-08-05 04:33:21] Scanning 40520704_0.trap.zst (1011 of 1053)
[2026-08-05 04:33:21] Scanning 22751821_0.trap.zst (1012 of 1053)
[2026-08-05 04:33:21] Scanning 60742005_0.trap.zst (1013 of 1053)
[2026-08-05 04:33:21] Scanning 65005428_0.trap.zst (1014 of 1053)
[2026-08-05 04:33:21] Scanning 45895960_0.trap.zst (1015 of 1053)
[2026-08-05 04:33:21] Scanning 36288223_0.trap.zst (1016 of 1053)
[2026-08-05 04:33:21] Scanning 47595003_0.trap.zst (1017 of 1053)
[2026-08-05 04:33:21] Scanning 32124173_0.trap.zst (1018 of 1053)
[2026-08-05 04:33:21] Scanning 50221731_0.trap.zst (1019 of 1053)
[2026-08-05 04:33:21] Scanning 52855656_0.trap.zst (1020 of 1053)
[2026-08-05 04:33:21] Scanning 48905448_0.trap.zst (1021 of 1053)
[2026-08-05 04:33:21] Scanning 54197289_0.trap.zst (1022 of 1053)
[2026-08-05 04:33:21] Scanning 28297892_0.trap.zst (1023 of 1053)
[2026-08-05 04:33:21] Scanning 55727124_0.trap.zst (1024 of 1053)
[2026-08-05 04:33:21] Scanning 13283825_0.trap.zst (1025 of 1053)
[2026-08-05 04:33:21] Scanning 18464452_0.trap.zst (1026 of 1053)
[2026-08-05 04:33:21] Scanning 9858668_0.trap.zst (1027 of 1053)
[2026-08-05 04:33:21] Scanning 43579106_0.trap.zst (1028 of 1053)
[2026-08-05 04:33:21] Scanning 48142786_0.trap.zst (1029 of 1053)
[2026-08-05 04:33:21] Scanning 18804000_0.trap.zst (1030 of 1053)
[2026-08-05 04:33:21] Scanning 38698509_0.trap.zst (1031 of 1053)
[2026-08-05 04:33:21] Scanning 4144974_0.trap.zst (1032 of 1053)
[2026-08-05 04:33:21] Scanning 43360413_0.trap.zst (1033 of 1053)
[2026-08-05 04:33:21] Scanning 51865209_0.trap.zst (1034 of 1053)
[2026-08-05 04:33:21] Scanning 9518472_0.trap.zst (1035 of 1053)
[2026-08-05 04:33:21] Scanning 20849796_0.trap.zst (1036 of 1053)
[2026-08-05 04:33:21] Scanning 22994304_0.trap.zst (1037 of 1053)
[2026-08-05 04:33:21] Scanning 17147452_0.trap.zst (1038 of 1053)
[2026-08-05 04:33:21] Scanning 34302255_0.trap.zst (1039 of 1053)
[2026-08-05 04:33:21] Scanning 6330577_0.trap.zst (1040 of 1053)
[2026-08-05 04:33:21] Scanning 26480036_0.trap.zst (1041 of 1053)
[2026-08-05 04:33:21] Scanning 46519006_0.trap.zst (1042 of 1053)
[2026-08-05 04:33:21] Scanning 51712543_0.trap.zst (1043 of 1053)
[2026-08-05 04:33:21] Scanning 56225686_0.trap.zst (1044 of 1053)
[2026-08-05 04:33:21] Scanning 57250580_0.trap.zst (1045 of 1053)
[2026-08-05 04:33:21] Scanning metadata.trap.gz (1046 of 1053)
[2026-08-05 04:33:21] Scanning memcached-debug.trap.zst (1047 of 1053)
[2026-08-05 04:33:21] Scanning memcached.trap.zst (1048 of 1053)
[2026-08-05 04:33:21] Scanning sizes.trap.zst (1049 of 1053)
[2026-08-05 04:33:21] Scanning testapp.trap.zst (1050 of 1053)
[2026-08-05 04:33:21] Scanning timedrun.trap.zst (1051 of 1053)
[2026-08-05 04:33:21] Scanning lua.trap.zst (1052 of 1053)
[2026-08-05 04:33:21] Scanning luac.trap.zst (1053 of 1053)
[2026-08-05 04:33:21] [WARN] Non-unique implementations of @"fun_decl_wctomb(?)": /usr/include/x86_64-linux-gnu/bits/stdlib.h[50bd70a3];lib_linux_x86_64, /usr/include/x86_64-linux-gnu/bits/stdlib.h[f9131cd6];lib_linux_x86_64
[2026-08-05 04:33:21] [WARN] Non-unique implementations of @"fun_decl_realpath(?)": /usr/include/x86_64-linux-gnu/bits/stdlib.h[53e18713];lib_linux_x86_64, /usr/include/x86_64-linux-gnu/bits/stdlib.h[10e9fca9];lib_linux_x86_64
[2026-08-05 04:33:21] [WARN] Non-unique implementations of @"fun_decl_wctomb(?)": /usr/include/x86_64-linux-gnu/bits/stdlib.h[50bd70a3];lib_linux_x86_64, /usr/include/x86_64-linux-gnu/bits/stdlib.h[f9131cd6];lib_linux_x86_64
[2026-08-05 04:33:21] [WARN] Non-unique implementations of @"fun_decl_realpath(?)": /usr/include/x86_64-linux-gnu/bits/stdlib.h[53e18713];lib_linux_x86_64, /usr/include/x86_64-linux-gnu/bits/stdlib.h[10e9fca9];lib_linux_x86_64
[2026-08-05 04:33:21] [WARN] Non-unique implementations of @"fun_decl_wctomb(?)": /usr/include/x86_64-linux-gnu/bits/stdlib.h[50bd70a3];lib_linux_x86_64, /usr/include/x86_64-linux-gnu/bits/stdlib.h[f9131cd6];lib_linux_x86_64
[2026-08-05 04:33:21] [WARN] Non-unique implementations of @"fun_decl_realpath(?)": /usr/include/x86_64-linux-gnu/bits/stdlib.h[53e18713];lib_linux_x86_64, /usr/include/x86_64-linux-gnu/bits/stdlib.h[10e9fca9];lib_linux_x86_64
[2026-08-05 04:33:21] [WARN] Non-unique implementations of @"fun_decl_wctomb(?)": /usr/include/x86_64-linux-gnu/bits/stdlib.h[50bd70a3];lib_linux_x86_64, /usr/include/x86_64-linux-gnu/bits/stdlib.h[f9131cd6];lib_linux_x86_64
[2026-08-05 04:33:21] [WARN] Non-unique implementations of @"fun_decl_realpath(?)": /usr/include/x86_64-linux-gnu/bits/stdlib.h[53e18713];lib_linux_x86_64, /usr/include/x86_64-linux-gnu/bits/stdlib.h[10e9fca9];lib_linux_x86_64
[2026-08-05 04:33:21] [WARN] Non-unique implementations of @"fun_decl_wctomb(?)": /usr/include/x86_64-linux-gnu/bits/stdlib.h[50bd70a3];lib_linux_x86_64, /usr/include/x86_64-linux-gnu/bits/stdlib.h[f9131cd6];lib_linux_x86_64
[2026-08-05 04:33:21] [WARN] Non-unique implementations of @"fun_decl_realpath(?)": /usr/include/x86_64-linux-gnu/bits/stdlib.h[53e18713];lib_linux_x86_64, /usr/include/x86_64-linux-gnu/bits/stdlib.h[10e9fca9];lib_linux_x86_64
[2026-08-05 04:33:21] [WARN] Non-unique implementations of @"fun_decl_wctomb(?)": /usr/include/x86_64-linux-gnu/bits/stdlib.h[f9131cd6];lib_linux_x86_64, /usr/include/x86_64-linux-gnu/bits/stdlib.h[50bd70a3];lib_linux_x86_64
[2026-08-05 04:33:21] [WARN] Non-unique implementations of @"fun_decl_realpath(?)": /usr/include/x86_64-linux-gnu/bits/stdlib.h[10e9fca9];lib_linux_x86_64, /usr/include/x86_64-linux-gnu/bits/stdlib.h[53e18713];lib_linux_x86_64
[2026-08-05 04:33:21] [WARN] Non-unique implementations of @"fun_decl_wctomb(?)": /usr/include/x86_64-linux-gnu/bits/stdlib.h[f9131cd6];lib_linux_x86_64, /usr/include/x86_64-linux-gnu/bits/stdlib.h[50bd70a3];lib_linux_x86_64
[2026-08-05 04:33:21] [WARN] Non-unique implementations of @"fun_decl_realpath(?)": /usr/include/x86_64-linux-gnu/bits/stdlib.h[10e9fca9];lib_linux_x86_64, /usr/include/x86_64-linux-gnu/bits/stdlib.h[53e18713];lib_linux_x86_64
[2026-08-05 04:33:21] [PROGRESS] dataset import> Importing TRAP files
[2026-08-05 04:33:21] Importing assert.h.d68fe923.trap (assoc.c.4ad29006_0.trap.tar.zst) for 2 link targets (1 of 1053)
[2026-08-05 04:33:21] Importing assoc.c.4ad29006.trap (assoc.c.4ad29006_0.trap.tar.zst) for memcached-debug.link (2 of 1053)
[2026-08-05 04:33:21] Importing assoc.c.c1e77322.trap (assoc.c.c1e77322_0.trap.tar.zst) for memcached.link (3 of 1053)
[2026-08-05 04:33:21] Importing struct_stat.h.d9e4cfb4.trap (authfile.c.9285b0f6_0.trap.tar.zst) for 2 link targets (4 of 1053)
[2026-08-05 04:33:21] Importing stat.h.a57f11a6.trap (authfile.c.9285b0f6_0.trap.tar.zst) for 2 link targets (5 of 1053)
[2026-08-05 04:33:21] Importing stddef.h.32d4bb8d.trap (authfile.c.9285b0f6_0.trap.tar.zst) for 4 link targets (6 of 1053)
[2026-08-05 04:33:21] Importing unistd.h.d5460184.trap (authfile.c.9285b0f6_0.trap.tar.zst) for 3 link targets (7 of 1053)
[2026-08-05 04:33:21] Importing stdint.h.4397602e.trap (authfile.c.9285b0f6_0.trap.tar.zst) for 2 link targets (8 of 1053)
[2026-08-05 04:33:21] Importing authfile.h.817028c4.trap (authfile.c.9285b0f6_0.trap.tar.zst) for 2 link targets (9 of 1053)
[2026-08-05 04:33:21] Importing authfile.c.9285b0f6.trap (authfile.c.9285b0f6_0.trap.tar.zst) for 2 link targets (10 of 1053)
[2026-08-05 04:33:21] Importing base64.h.ff23a826.trap (base64.c.e086b5c1_0.trap.tar.zst) for 2 link targets (11 of 1053)
[2026-08-05 04:33:21] Importing base64.c.e086b5c1.trap (base64.c.e086b5c1_0.trap.tar.zst) for 2 link targets (12 of 1053)
[2026-08-05 04:33:22] Importing libc-header-start.h.26952e60.trap (bipbuffer.c.26085da3_0.trap.tar.zst) for 5 link targets (13 of 1053)
[2026-08-05 04:33:22] Importing stddef.h.450c4916.trap (bipbuffer.c.26085da3_0.trap.tar.zst) for 5 link targets (14 of 1053)
[2026-08-05 04:33:22] Importing stdarg.h.87eda290.trap (bipbuffer.c.26085da3_0.trap.tar.zst) for 5 link targets (15 of 1053)
[2026-08-05 04:33:22] Importing __mbstate_t.h.a55f767e.trap (bipbuffer.c.26085da3_0.trap.tar.zst) for 5 link targets (16 of 1053)
[2026-08-05 04:33:22] Importing __fpos_t.h.8241f7bc.trap (bipbuffer.c.26085da3_0.trap.tar.zst) for 5 link targets (17 of 1053)
[2026-08-05 04:33:22] Importing __fpos64_t.h.ff05bd8f.trap (bipbuffer.c.26085da3_0.trap.tar.zst) for 5 link targets (18 of 1053)
[2026-08-05 04:33:22] Importing __FILE.h.bb0e2991.trap (bipbuffer.c.26085da3_0.trap.tar.zst) for 5 link targets (19 of 1053)
[2026-08-05 04:33:22] Importing FILE.h.4e95afe1.trap (bipbuffer.c.26085da3_0.trap.tar.zst) for 5 link targets (20 of 1053)
[2026-08-05 04:33:22] Importing struct_FILE.h.02b4cd3d.trap (bipbuffer.c.26085da3_0.trap.tar.zst) for 5 link targets (21 of 1053)
[2026-08-05 04:33:22] Importing cookie_io_functions_t.h.e1ba869c.trap (bipbuffer.c.26085da3_0.trap.tar.zst) for 5 link targets (22 of 1053)
[2026-08-05 04:33:22] Importing stdio_lim.h.7521b020.trap (bipbuffer.c.26085da3_0.trap.tar.zst) for 5 link targets (23 of 1053)
[2026-08-05 04:33:22] Importing stdio2-decl.h.bad03b3b.trap (bipbuffer.c.26085da3_0.trap.tar.zst) for 5 link targets (24 of 1053)
[2026-08-05 04:33:22] Importing stdio.h.c8632933.trap (bipbuffer.c.26085da3_0.trap.tar.zst) for 5 link targets (25 of 1053)
[2026-08-05 04:33:22] Importing stdio2.h.ea932c4c.trap (bipbuffer.c.26085da3_0.trap.tar.zst) for 5 link targets (26 of 1053)
[2026-08-05 04:33:22] Importing stdio.h.cd17e57b.trap (bipbuffer.c.26085da3_0.trap.tar.zst) for 5 link targets (27 of 1053)
[2026-08-05 04:33:22] Importing stddef.h.67914d33.trap (bipbuffer.c.26085da3_0.trap.tar.zst) for 4 link targets (28 of 1053)
[2026-08-05 04:33:22] Importing types.h.3e0ea774.trap (bipbuffer.c.26085da3_0.trap.tar.zst) for 5 link targets (29 of 1053)
[2026-08-05 04:33:22] Importing bipbuffer.h.98b4e346.trap (bipbuffer.c.26085da3_0.trap.tar.zst) for 4 link targets (30 of 1053)
[2026-08-05 04:33:22] Importing bipbuffer.c.26085da3.trap (bipbuffer.c.26085da3_0.trap.tar.zst) for 2 link targets (31 of 1053)
[2026-08-05 04:33:22] Importing libc-header-start.h.af62f8fb.trap (cache.c.9e97e3d8_0.trap.tar.zst) for 4 link targets (32 of 1053)
[2026-08-05 04:33:22] Importing stddef.h.27156430.trap (cache.c.9e97e3d8_0.trap.tar.zst) for 3 link targets (33 of 1053)
[2026-08-05 04:33:22] Importing waitflags.h.c2710913.trap (cache.c.9e97e3d8_0.trap.tar.zst) for 4 link targets (34 of 1053)
[2026-08-05 04:33:22] Importing waitstatus.h.0af1e780.trap (cache.c.9e97e3d8_0.trap.tar.zst) for 4 link targets (35 of 1053)
[2026-08-05 04:33:22] Importing floatn-common.h.495404b0.trap (cache.c.9e97e3d8_0.trap.tar.zst) for 5 link targets (36 of 1053)
[2026-08-05 04:33:22] Importing floatn.h.261c8e72.trap (cache.c.9e97e3d8_0.trap.tar.zst) for 5 link targets (37 of 1053)
[2026-08-05 04:33:22] Importing clock_t.h.cd11b0e6.trap (cache.c.9e97e3d8_0.trap.tar.zst) for 5 link targets (38 of 1053)
[2026-08-05 04:33:22] Importing clockid_t.h.014d1a70.trap (cache.c.9e97e3d8_0.trap.tar.zst) for 5 link targets (39 of 1053)
[2026-08-05 04:33:22] Importing time_t.h.8b8c83c6.trap (cache.c.9e97e3d8_0.trap.tar.zst) for 5 link targets (40 of 1053)
[2026-08-05 04:33:22] Importing timer_t.h.e0ea02be.trap (cache.c.9e97e3d8_0.trap.tar.zst) for 5 link targets (41 of 1053)
[2026-08-05 04:33:22] Importing stddef.h.5960718f.trap (cache.c.9e97e3d8_0.trap.tar.zst) for 5 link targets (42 of 1053)
[2026-08-05 04:33:22] Importing endianness.h.89035d93.trap (cache.c.9e97e3d8_0.trap.tar.zst) for 5 link targets (43 of 1053)
[2026-08-05 04:33:22] Importing endian.h.10cb44b6.trap (cache.c.9e97e3d8_0.trap.tar.zst) for 5 link targets (44 of 1053)
[2026-08-05 04:33:22] Importing byteswap.h.b13dec6c.trap (cache.c.9e97e3d8_0.trap.tar.zst) for 5 link targets (45 of 1053)
[2026-08-05 04:33:22] Importing uintn-identity.h.c0c379cf.trap (cache.c.9e97e3d8_0.trap.tar.zst) for 5 link targets (46 of 1053)
[2026-08-05 04:33:22] Importing endian.h.06ff4714.trap (cache.c.9e97e3d8_0.trap.tar.zst) for 5 link targets (47 of 1053)
[2026-08-05 04:33:22] Importing select.h.092d0f3b.trap (cache.c.9e97e3d8_0.trap.tar.zst) for 5 link targets (48 of 1053)
[2026-08-05 04:33:22] Importing __sigset_t.h.201dd91e.trap (cache.c.9e97e3d8_0.trap.tar.zst) for 5 link targets (49 of 1053)
[2026-08-05 04:33:22] Importing sigset_t.h.3be6cd1a.trap (cache.c.9e97e3d8_0.trap.tar.zst) for 5 link targets (50 of 1053)
[2026-08-05 04:33:22] Importing struct_timeval.h.d8af2a71.trap (cache.c.9e97e3d8_0.trap.tar.zst) for 5 link targets (51 of 1053)
[2026-08-05 04:33:22] Importing struct_timespec.h.48b3a4a3.trap (cache.c.9e97e3d8_0.trap.tar.zst) for 5 link targets (52 of 1053)
[2026-08-05 04:33:22] Importing select-decl.h.4a8276cc.trap (cache.c.9e97e3d8_0.trap.tar.zst) for 5 link targets (53 of 1053)
[2026-08-05 04:33:22] Importing select2.h.33b9263f.trap (cache.c.9e97e3d8_0.trap.tar.zst) for 5 link targets (54 of 1053)
[2026-08-05 04:33:22] Importing select.h.39152c10.trap (cache.c.9e97e3d8_0.trap.tar.zst) for 5 link targets (55 of 1053)
[2026-08-05 04:33:22] Importing pthreadtypes-arch.h.3f3813b0.trap (cache.c.9e97e3d8_0.trap.tar.zst) for 5 link targets (56 of 1053)
[2026-08-05 04:33:22] Importing atomic_wide_counter.h.415421c0.trap (cache.c.9e97e3d8_0.trap.tar.zst) for 5 link targets (57 of 1053)
[2026-08-05 04:33:22] Importing struct_mutex.h.59b8e921.trap (cache.c.9e97e3d8_0.trap.tar.zst) for 5 link targets (58 of 1053)
[2026-08-05 04:33:22] Importing struct_rwlock.h.41cd6b77.trap (cache.c.9e97e3d8_0.trap.tar.zst) for 5 link targets (59 of 1053)
[2026-08-05 04:33:22] Importing thread-shared-types.h.6874b898.trap (cache.c.9e97e3d8_0.trap.tar.zst) for 5 link targets (60 of 1053)
[2026-08-05 04:33:22] Importing pthreadtypes.h.1c300afa.trap (cache.c.9e97e3d8_0.trap.tar.zst) for 5 link targets (61 of 1053)
[2026-08-05 04:33:22] Importing types.h.535794cc.trap (cache.c.9e97e3d8_0.trap.tar.zst) for 3 link targets (62 of 1053)
[2026-08-05 04:33:22] Importing stddef.h.838a8a15.trap (cache.c.9e97e3d8_0.trap.tar.zst) for 4 link targets (63 of 1053)
[2026-08-05 04:33:22] Importing alloca.h.82a75e6c.trap (cache.c.9e97e3d8_0.trap.tar.zst) for 4 link targets (64 of 1053)
[2026-08-05 04:33:22] Importing stdlib-bsearch.h.f89b374f.trap (cache.c.9e97e3d8_0.trap.tar.zst) for 4 link targets (65 of 1053)
[2026-08-05 04:33:22] Importing once_flag.h.403b3bcf.trap (cache.c.9e97e3d8_0.trap.tar.zst) for 4 link targets (66 of 1053)
[2026-08-05 04:33:22] Importing stdlib-float.h.53e071c4.trap (cache.c.9e97e3d8_0.trap.tar.zst) for 4 link targets (67 of 1053)
[2026-08-05 04:33:22] Importing stdlib.h.586b8bbe.trap (cache.c.9e97e3d8_0.trap.tar.zst) for 4 link targets (68 of 1053)
[2026-08-05 04:33:22] Importing stdlib.h.cf500cc0.trap (cache.c.9e97e3d8_0.trap.tar.zst) for 4 link targets (69 of 1053)
[2026-08-05 04:33:22] Importing libc-header-start.h.a438737a.trap (cache.c.9e97e3d8_0.trap.tar.zst) for 4 link targets (70 of 1053)
[2026-08-05 04:33:22] Importing stddef.h.17c0c291.trap (cache.c.9e97e3d8_0.trap.tar.zst) for 4 link targets (71 of 1053)
[2026-08-05 04:33:22] Importing __locale_t.h.595dcaa5.trap (cache.c.9e97e3d8_0.trap.tar.zst) for 5 link targets (72 of 1053)
[2026-08-05 04:33:22] Importing locale_t.h.234ad200.trap (cache.c.9e97e3d8_0.trap.tar.zst) for 5 link targets (73 of 1053)
[2026-08-05 04:33:22] Importing stddef.h.c3922f35.trap (cache.c.9e97e3d8_0.trap.tar.zst) for 4 link targets (74 of 1053)
[2026-08-05 04:33:22] Importing strings_fortified.h.14d4be92.trap (cache.c.9e97e3d8_0.trap.tar.zst) for 4 link targets (75 of 1053)
[2026-08-05 04:33:22] Importing strings.h.07fdcb50.trap (cache.c.9e97e3d8_0.trap.tar.zst) for 4 link targets (76 of 1053)
[2026-08-05 04:33:22] Importing string_fortified.h.ab92162c.trap (cache.c.9e97e3d8_0.trap.tar.zst) for 4 link targets (77 of 1053)
[2026-08-05 04:33:22] Importing string.h.fe78ae61.trap (cache.c.9e97e3d8_0.trap.tar.zst) for 4 link targets (78 of 1053)
[2026-08-05 04:33:22] Importing inttypes.h.694bb6fb.trap (cache.c.9e97e3d8_0.trap.tar.zst) for 4 link targets (79 of 1053)
[2026-08-05 04:33:22] Importing assert.h.83c286ed.trap (cache.c.9e97e3d8_0.trap.tar.zst) for memcached.link (80 of 1053)
[2026-08-05 04:33:22] Importing stddef.h.93a7d431.trap (cache.c.9e97e3d8_0.trap.tar.zst) for 3 link targets (81 of 1053)
[2026-08-05 04:33:22] Importing struct_sched_param.h.f74646e7.trap (cache.c.9e97e3d8_0.trap.tar.zst) for 4 link targets (82 of 1053)
[2026-08-05 04:33:22] Importing sched.h.e3b897d4.trap (cache.c.9e97e3d8_0.trap.tar.zst) for 4 link targets (83 of 1053)
[2026-08-05 04:33:22] Importing cpu-set.h.0c5e6c43.trap (cache.c.9e97e3d8_0.trap.tar.zst) for 4 link targets (84 of 1053)
[2026-08-05 04:33:22] Importing sched.h.66ed52aa.trap (cache.c.9e97e3d8_0.trap.tar.zst) for 4 link targets (85 of 1053)
[2026-08-05 04:33:22] Importing stddef.h.f4608e42.trap (cache.c.9e97e3d8_0.trap.tar.zst) for 3 link targets (86 of 1053)
[2026-08-05 04:33:22] Importing time.h.8478db4b.trap (cache.c.9e97e3d8_0.trap.tar.zst) for 4 link targets (87 of 1053)
[2026-08-05 04:33:22] Importing struct_tm.h.af1ae1ea.trap (cache.c.9e97e3d8_0.trap.tar.zst) for 4 link targets (88 of 1053)
[2026-08-05 04:33:22] Importing struct_itimerspec.h.753b3b72.trap (cache.c.9e97e3d8_0.trap.tar.zst) for 4 link targets (89 of 1053)
[2026-08-05 04:33:22] Importing time.h.b28cab34.trap (cache.c.9e97e3d8_0.trap.tar.zst) for 2 link targets (90 of 1053)
[2026-08-05 04:33:22] Importing setjmp.h.0a9290ed.trap (cache.c.9e97e3d8_0.trap.tar.zst) for 4 link targets (91 of 1053)
[2026-08-05 04:33:22] Importing struct___jmp_buf_tag.h.8b594641.trap (cache.c.9e97e3d8_0.trap.tar.zst) for 4 link targets (92 of 1053)
[2026-08-05 04:33:22] Importing pthread_stack_min.h.bfc02082.trap (cache.c.9e97e3d8_0.trap.tar.zst) for 4 link targets (93 of 1053)
[2026-08-05 04:33:22] Importing pthread_stack_min-dynamic.h.12057220.trap (cache.c.9e97e3d8_0.trap.tar.zst) for 4 link targets (94 of 1053)
[2026-08-05 04:33:22] Importing pthread.h.e7bf498a.trap (cache.c.9e97e3d8_0.trap.tar.zst) for 4 link targets (95 of 1053)
[2026-08-05 04:33:22] Importing queue.h.59e1b912.trap (cache.c.9e97e3d8_0.trap.tar.zst) for 4 link targets (96 of 1053)
[2026-08-05 04:33:22] Importing cache.h.adaacd23.trap (cache.c.9e97e3d8_0.trap.tar.zst) for 2 link targets (97 of 1053)
[2026-08-05 04:33:22] Importing cache.c.9e97e3d8.trap (cache.c.9e97e3d8_0.trap.tar.zst) for memcached.link (98 of 1053)
[2026-08-05 04:33:22] Importing stddef.h.dc899f89.trap (cache.c.de961429_0.trap.tar.zst) for 3 link targets (99 of 1053)
[2026-08-05 04:33:22] Importing stddef.h.b65a8b89.trap (cache.c.de961429_0.trap.tar.zst) for 3 link targets (100 of 1053)
[2026-08-05 04:33:22] Importing sigthread.h.3998fe45.trap (cache.c.de961429_0.trap.tar.zst) for 3 link targets (101 of 1053)
[2026-08-05 04:33:22] Importing cache.c.de961429.trap (cache.c.de961429_0.trap.tar.zst) for 2 link targets (102 of 1053)
[2026-08-05 04:33:22] Importing stddef.h.478b069d.trap (crawler.c.3350b4f7_0.trap.tar.zst) for 4 link targets (103 of 1053)
[2026-08-05 04:33:22] Importing types.h.411c9a59.trap (crawler.c.3350b4f7_0.trap.tar.zst) for 3 link targets (104 of 1053)
[2026-08-05 04:33:22] Importing types.h.1b899afe.trap (crawler.c.3350b4f7_0.trap.tar.zst) for 3 link targets (105 of 1053)
[2026-08-05 04:33:22] Importing types.h.b54ac524.trap (crawler.c.3350b4f7_0.trap.tar.zst) for 3 link targets (106 of 1053)
[2026-08-05 04:33:22] Importing sched.h.c4369a84.trap (crawler.c.3350b4f7_0.trap.tar.zst) for 3 link targets (107 of 1053)
[2026-08-05 04:33:22] Importing pthread_stack_min-dynamic.h.7433395d.trap (crawler.c.3350b4f7_0.trap.tar.zst) for 3 link targets (108 of 1053)
[2026-08-05 04:33:22] Importing pthread.h.72056e64.trap (crawler.c.3350b4f7_0.trap.tar.zst) for 3 link targets (109 of 1053)
[2026-08-05 04:33:22] Importing posix_opt.h.f5837261.trap (crawler.c.3350b4f7_0.trap.tar.zst) for 3 link targets (110 of 1053)
[2026-08-05 04:33:22] Importing environments.h.a1e1d1aa.trap (crawler.c.3350b4f7_0.trap.tar.zst) for 5 link targets (111 of 1053)
[2026-08-05 04:33:22] Importing stddef.h.197dc400.trap (crawler.c.3350b4f7_0.trap.tar.zst) for 4 link targets (112 of 1053)
[2026-08-05 04:33:22] Importing confname.h.bb3ac0d2.trap (crawler.c.3350b4f7_0.trap.tar.zst) for 5 link targets (113 of 1053)
[2026-08-05 04:33:22] Importing unistd-decl.h.4a3d75b4.trap (crawler.c.3350b4f7_0.trap.tar.zst) for 3 link targets (114 of 1053)
[2026-08-05 04:33:22] Importing unistd.h.4a50ddfc.trap (crawler.c.3350b4f7_0.trap.tar.zst) for 3 link targets (115 of 1053)
[2026-08-05 04:33:22] Importing close_range.h.2f554149.trap (crawler.c.3350b4f7_0.trap.tar.zst) for 3 link targets (116 of 1053)
[2026-08-05 04:33:22] Importing unistd_ext.h.c26552d9.trap (crawler.c.3350b4f7_0.trap.tar.zst) for 3 link targets (117 of 1053)
[2026-08-05 04:33:22] Importing unistd.h.ef4605bc.trap (crawler.c.3350b4f7_0.trap.tar.zst) for 3 link targets (118 of 1053)
[2026-08-05 04:33:22] Importing assert.h.a47b0572.trap (crawler.c.3350b4f7_0.trap.tar.zst) for 2 link targets (119 of 1053)
[2026-08-05 04:33:22] Importing stddef.h.39777377.trap (crawler.c.3350b4f7_0.trap.tar.zst) for 4 link targets (120 of 1053)
[2026-08-05 04:33:22] Importing stddef.h.b2cb24f7.trap (crawler.c.3350b4f7_0.trap.tar.zst) for 4 link targets (121 of 1053)
[2026-08-05 04:33:22] Importing grp.h.597ed2c5.trap (crawler.c.3350b4f7_0.trap.tar.zst) for 3 link targets (122 of 1053)
[2026-08-05 04:33:22] Importing signum-arch.h.eda095a2.trap (crawler.c.3350b4f7_0.trap.tar.zst) for 5 link targets (123 of 1053)
[2026-08-05 04:33:22] Importing signum-generic.h.e5985dea.trap (crawler.c.3350b4f7_0.trap.tar.zst) for 3 link targets (124 of 1053)
[2026-08-05 04:33:22] Importing sig_atomic_t.h.e3715de3.trap (crawler.c.3350b4f7_0.trap.tar.zst) for 5 link targets (125 of 1053)
[2026-08-05 04:33:22] Importing siginfo-arch.h.0ef58d86.trap (crawler.c.3350b4f7_0.trap.tar.zst) for 5 link targets (126 of 1053)
[2026-08-05 04:33:22] Importing siginfo_t.h.946ec858.trap (crawler.c.3350b4f7_0.trap.tar.zst) for 5 link targets (127 of 1053)
[2026-08-05 04:33:22] Importing siginfo-consts-arch.h.2f554149.trap (crawler.c.3350b4f7_0.trap.tar.zst) for 3 link targets (128 of 1053)
[2026-08-05 04:33:22] Importing siginfo-consts.h.3bec3d6a.trap (crawler.c.3350b4f7_0.trap.tar.zst) for 3 link targets (129 of 1053)
[2026-08-05 04:33:22] Importing sigval_t.h.da55a941.trap (crawler.c.3350b4f7_0.trap.tar.zst) for 5 link targets (130 of 1053)
[2026-08-05 04:33:22] Importing sigevent-consts.h.c0250169.trap (crawler.c.3350b4f7_0.trap.tar.zst) for 5 link targets (131 of 1053)
[2026-08-05 04:33:22] Importing sigaction.h.34902f70.trap (crawler.c.3350b4f7_0.trap.tar.zst) for 3 link targets (132 of 1053)
[2026-08-05 04:33:22] Importing sigcontext.h.215defda.trap (crawler.c.3350b4f7_0.trap.tar.zst) for 5 link targets (133 of 1053)
[2026-08-05 04:33:22] Importing stddef.h.d98bdd54.trap (crawler.c.3350b4f7_0.trap.tar.zst) for 4 link targets (134 of 1053)
[2026-08-05 04:33:22] Importing stddef.h.0addd08e.trap (crawler.c.3350b4f7_0.trap.tar.zst) for 4 link targets (135 of 1053)
[2026-08-05 04:33:22] Importing stack_t.h.52ff8e65.trap (crawler.c.3350b4f7_0.trap.tar.zst) for 5 link targets (136 of 1053)
[2026-08-05 04:33:22] Importing ucontext.h.47145829.trap (crawler.c.3350b4f7_0.trap.tar.zst) for 3 link targets (137 of 1053)
[2026-08-05 04:33:22] Importing sigstack.h.1a47f8ce.trap (crawler.c.3350b4f7_0.trap.tar.zst) for 5 link targets (138 of 1053)
[2026-08-05 04:33:22] Importing sigstksz.h.396cdcaf.trap (crawler.c.3350b4f7_0.trap.tar.zst) for 3 link targets (139 of 1053)
[2026-08-05 04:33:22] Importing ss_flags.h.124422b3.trap (crawler.c.3350b4f7_0.trap.tar.zst) for 5 link targets (140 of 1053)
[2026-08-05 04:33:22] Importing struct_sigstack.h.9f25e4f2.trap (crawler.c.3350b4f7_0.trap.tar.zst) for 5 link targets (141 of 1053)
[2026-08-05 04:33:22] Importing sigthread.h.39d7de38.trap (crawler.c.3350b4f7_0.trap.tar.zst) for 3 link targets (142 of 1053)
[2026-08-05 04:33:22] Importing signal_ext.h.7abf92ac.trap (crawler.c.3350b4f7_0.trap.tar.zst) for 3 link targets (143 of 1053)
[2026-08-05 04:33:22] Importing signal.h.57c0282d.trap (crawler.c.3350b4f7_0.trap.tar.zst) for 3 link targets (144 of 1053)
[2026-08-05 04:33:22] Importing libc-header-start.h.b143fc9d.trap (crawler.c.3350b4f7_0.trap.tar.zst) for 3 link targets (145 of 1053)
[2026-08-05 04:33:22] Importing limits.h.2f554149.trap (crawler.c.3350b4f7_0.trap.tar.zst) for 4 link targets (146 of 1053)
[2026-08-05 04:33:22] Importing local_lim.h.9fab9f75.trap (crawler.c.3350b4f7_0.trap.tar.zst) for 4 link targets (147 of 1053)
[2026-08-05 04:33:22] Importing xopen_lim.h.abd90db8.trap (crawler.c.3350b4f7_0.trap.tar.zst) for 3 link targets (148 of 1053)
[2026-08-05 04:33:22] Importing limits.h.b4534c49.trap (crawler.c.3350b4f7_0.trap.tar.zst) for 3 link targets (149 of 1053)
[2026-08-05 04:33:22] Importing slabs_mover.h.2051cb14.trap (crawler.c.3350b4f7_0.trap.tar.zst) for 4 link targets (150 of 1053)
[2026-08-05 04:33:22] Importing protocol_binary.h.b0f6635d.trap (crawler.c.3350b4f7_0.trap.tar.zst) for 4 link targets (151 of 1053)
[2026-08-05 04:33:22] Importing logger.h.0920bd81.trap (crawler.c.3350b4f7_0.trap.tar.zst) for 4 link targets (152 of 1053)
[2026-08-05 04:33:22] Importing util.h.0dedfd47.trap (crawler.c.3350b4f7_0.trap.tar.zst) for 4 link targets (153 of 1053)
[2026-08-05 04:33:22] Importing crc32c.h.fe6c4211.trap (crawler.c.3350b4f7_0.trap.tar.zst) for 4 link targets (154 of 1053)
[2026-08-05 04:33:22] Importing slabs.h.42cddc91.trap (crawler.c.3350b4f7_0.trap.tar.zst) for 4 link targets (155 of 1053)
[2026-08-05 04:33:22] Importing assoc.h.763a9f9b.trap (crawler.c.3350b4f7_0.trap.tar.zst) for 4 link targets (156 of 1053)
[2026-08-05 04:33:22] Importing items.h.b68eb055.trap (crawler.c.3350b4f7_0.trap.tar.zst) for 4 link targets (157 of 1053)
[2026-08-05 04:33:22] Importing crawler.h.17e9eb4f.trap (crawler.c.3350b4f7_0.trap.tar.zst) for 4 link targets (158 of 1053)
[2026-08-05 04:33:22] Importing trace.h.3422a3d1.trap (crawler.c.3350b4f7_0.trap.tar.zst) for 4 link targets (159 of 1053)
[2026-08-05 04:33:22] Importing hash.h.13d3801d.trap (crawler.c.3350b4f7_0.trap.tar.zst) for 4 link targets (160 of 1053)
[2026-08-05 04:33:22] Importing memcached.h.ef723a27.trap (crawler.c.3350b4f7_0.trap.tar.zst) for 2 link targets (161 of 1053)
[2026-08-05 04:33:22] Importing storage.h.76c7baa0.trap (crawler.c.3350b4f7_0.trap.tar.zst) for 2 link targets (162 of 1053)
[2026-08-05 04:33:22] Importing struct_stat.h.6b6f2899.trap (crawler.c.3350b4f7_0.trap.tar.zst) for 2 link targets (163 of 1053)
[2026-08-05 04:33:22] Importing stat.h.e1dc0080.trap (crawler.c.3350b4f7_0.trap.tar.zst) for 2 link targets (164 of 1053)
[2026-08-05 04:33:22] Importing stat.h.4cc46993.trap (crawler.c.3350b4f7_0.trap.tar.zst) for 2 link targets (165 of 1053)
[2026-08-05 04:33:22] Importing struct_statx_timestamp.h.e64f7a4e.trap (crawler.c.3350b4f7_0.trap.tar.zst) for 2 link targets (166 of 1053)
[2026-08-05 04:33:22] Importing struct_statx.h.8d790351.trap (crawler.c.3350b4f7_0.trap.tar.zst) for 2 link targets (167 of 1053)
[2026-08-05 04:33:22] Importing statx-generic.h.86699424.trap (crawler.c.3350b4f7_0.trap.tar.zst) for 2 link targets (168 of 1053)
[2026-08-05 04:33:22] Importing statx.h.a03f1a03.trap (crawler.c.3350b4f7_0.trap.tar.zst) for 2 link targets (169 of 1053)
[2026-08-05 04:33:22] Importing stat.h.3c55703c.trap (crawler.c.3350b4f7_0.trap.tar.zst) for 2 link targets (170 of 1053)
[2026-08-05 04:33:22] Importing struct_rusage.h.e076c44d.trap (crawler.c.3350b4f7_0.trap.tar.zst) for 2 link targets (171 of 1053)
[2026-08-05 04:33:22] Importing resource.h.cf4d3b27.trap (crawler.c.3350b4f7_0.trap.tar.zst) for 2 link targets (172 of 1053)
[2026-08-05 04:33:22] Importing resource.h.32ea6b8f.trap (crawler.c.3350b4f7_0.trap.tar.zst) for 2 link targets (173 of 1053)
[2026-08-05 04:33:22] Importing falloc.h.2f554149.trap (crawler.c.3350b4f7_0.trap.tar.zst) for 2 link targets (174 of 1053)
[2026-08-05 04:33:22] Importing openat2.h.e83fb336.trap (crawler.c.3350b4f7_0.trap.tar.zst) for 2 link targets (175 of 1053)
[2026-08-05 04:33:22] Importing openat2.h.da49e5bc.trap (crawler.c.3350b4f7_0.trap.tar.zst) for 2 link targets (176 of 1053)
[2026-08-05 04:33:22] Importing fcntl-linux-fortify.h.5dc2a7e6.trap (crawler.c.3350b4f7_0.trap.tar.zst) for 2 link targets (177 of 1053)
[2026-08-05 04:33:22] Importing fcntl-linux.h.8fc3e951.trap (crawler.c.3350b4f7_0.trap.tar.zst) for 2 link targets (178 of 1053)
[2026-08-05 04:33:22] Importing fcntl.h.45d5d4b4.trap (crawler.c.3350b4f7_0.trap.tar.zst) for 2 link targets (179 of 1053)
[2026-08-05 04:33:22] Importing stat.h.9ac782cd.trap (crawler.c.3350b4f7_0.trap.tar.zst) for 2 link targets (180 of 1053)
[2026-08-05 04:33:22] Importing fcntl2.h.137b6bf4.trap (crawler.c.3350b4f7_0.trap.tar.zst) for 2 link targets (181 of 1053)
[2026-08-05 04:33:22] Importing fcntl.h.9a4ae33a.trap (crawler.c.3350b4f7_0.trap.tar.zst) for 2 link targets (182 of 1053)
[2026-08-05 04:33:22] Importing assert.h.79c62bfc.trap (crawler.c.3350b4f7_0.trap.tar.zst) for memcached.link (183 of 1053)
[2026-08-05 04:33:22] Importing poll.h.e8177296.trap (crawler.c.3350b4f7_0.trap.tar.zst) for 2 link targets (184 of 1053)
[2026-08-05 04:33:22] Importing poll2.h.b455e5d0.trap (crawler.c.3350b4f7_0.trap.tar.zst) for 2 link targets (185 of 1053)
[2026-08-05 04:33:22] Importing poll.h.a75ed6ed.trap (crawler.c.3350b4f7_0.trap.tar.zst) for 2 link targets (186 of 1053)
[2026-08-05 04:33:22] Importing crawler.c.3350b4f7.trap (crawler.c.3350b4f7_0.trap.tar.zst) for memcached.link (187 of 1053)
[2026-08-05 04:33:22] Importing crawler.c.356c52dc.trap (crawler.c.356c52dc_0.trap.tar.zst) for memcached-debug.link (188 of 1053)
[2026-08-05 04:33:22] Importing stddef.h.80a72f94.trap (crc32c.c.fe9d32a8_0.trap.tar.zst) for 3 link targets (189 of 1053)
[2026-08-05 04:33:22] Importing sched.h.3bbc6749.trap (crc32c.c.fe9d32a8_0.trap.tar.zst) for 3 link targets (190 of 1053)
[2026-08-05 04:33:22] Importing time.h.5a0e04eb.trap (crc32c.c.fe9d32a8_0.trap.tar.zst) for 3 link targets (191 of 1053)
[2026-08-05 04:33:22] Importing crc32c.c.fe9d32a8.trap (crc32c.c.fe9d32a8_0.trap.tar.zst) for 3 link targets (192 of 1053)
[2026-08-05 04:33:22] Importing fcntl.h.6afaa2e8.trap (daemon.c.76f35d99_0.trap.tar.zst) for 2 link targets (193 of 1053)
[2026-08-05 04:33:22] Importing stdio.h.2e371abb.trap (daemon.c.76f35d99_0.trap.tar.zst) for 2 link targets (194 of 1053)
[2026-08-05 04:33:22] Importing types.h.c7feee91.trap (daemon.c.76f35d99_0.trap.tar.zst) for 2 link targets (195 of 1053)
[2026-08-05 04:33:22] Importing unistd.h.0491e3d8.trap (daemon.c.76f35d99_0.trap.tar.zst) for 2 link targets (196 of 1053)
[2026-08-05 04:33:22] Importing socket.h.0ce71741.trap (daemon.c.76f35d99_0.trap.tar.zst) for 2 link targets (197 of 1053)
[2026-08-05 04:33:22] Importing time.h.2b0ce1a6.trap (daemon.c.76f35d99_0.trap.tar.zst) for 2 link targets (198 of 1053)
[2026-08-05 04:33:22] Importing sched.h.59e94c31.trap (daemon.c.76f35d99_0.trap.tar.zst) for 2 link targets (199 of 1053)
[2026-08-05 04:33:22] Importing assert.h.65acd2e8.trap (daemon.c.76f35d99_0.trap.tar.zst) for 4 link targets (200 of 1053)
[2026-08-05 04:33:22] Importing signal.h.debf9ac6.trap (daemon.c.76f35d99_0.trap.tar.zst) for 2 link targets (201 of 1053)
[2026-08-05 04:33:22] Importing memcached.h.3a1f9f26.trap (daemon.c.76f35d99_0.trap.tar.zst) for memcached-debug.link (202 of 1053)
[2026-08-05 04:33:22] Importing daemon.c.76f35d99.trap (daemon.c.76f35d99_0.trap.tar.zst) for memcached-debug.link (203 of 1053)
[2026-08-05 04:33:22] Importing daemon.c.ad568f0b.trap (daemon.c.ad568f0b_0.trap.tar.zst) for memcached.link (204 of 1053)
[2026-08-05 04:33:22] Importing extstore.c.63996c20.trap (extstore.c.63996c20_0.trap.tar.zst) for memcached-debug.link (205 of 1053)
[2026-08-05 04:33:22] Importing libc-header-start.h.a1ebb7ae.trap (extstore.c.83fe631c_0.trap.tar.zst) for 2 link targets (206 of 1053)
[2026-08-05 04:33:22] Importing libc-header-start.h.043be94a.trap (extstore.c.83fe631c_0.trap.tar.zst) for 2 link targets (207 of 1053)
[2026-08-05 04:33:22] Importing limits.h.ef239b74.trap (extstore.c.83fe631c_0.trap.tar.zst) for 2 link targets (208 of 1053)
[2026-08-05 04:33:22] Importing time.h.49b6475a.trap (extstore.c.83fe631c_0.trap.tar.zst) for 2 link targets (209 of 1053)
[2026-08-05 04:33:22] Importing fcntl.h.7bb7f105.trap (extstore.c.83fe631c_0.trap.tar.zst) for 2 link targets (210 of 1053)
[2026-08-05 04:33:22] Importing getopt_posix.h.b0a49dfd.trap (extstore.c.83fe631c_0.trap.tar.zst) for 2 link targets (211 of 1053)
[2026-08-05 04:33:22] Importing unistd.h.b1233989.trap (extstore.c.83fe631c_0.trap.tar.zst) for 2 link targets (212 of 1053)
[2026-08-05 04:33:22] Importing libc-header-start.h.4eaf0aef.trap (extstore.c.83fe631c_0.trap.tar.zst) for 2 link targets (213 of 1053)
[2026-08-05 04:33:22] Importing stdio.h.6cb23800.trap (extstore.c.83fe631c_0.trap.tar.zst) for 2 link targets (214 of 1053)
[2026-08-05 04:33:22] Importing libc-header-start.h.da7f3a7c.trap (extstore.c.83fe631c_0.trap.tar.zst) for 2 link targets (215 of 1053)
[2026-08-05 04:33:22] Importing extstore.c.83fe631c.trap (extstore.c.83fe631c_0.trap.tar.zst) for memcached.link (216 of 1053)
[2026-08-05 04:33:22] Importing xxhash.h.92aec47a.trap (hash.c.a09ecf6b_0.trap.tar.zst) for 2 link targets (217 of 1053)
[2026-08-05 04:33:22] Importing hash.c.a09ecf6b.trap (hash.c.a09ecf6b_0.trap.tar.zst) for memcached-debug.link (218 of 1053)
[2026-08-05 04:33:22] Importing hash.c.cca2bd0a.trap (hash.c.cca2bd0a_0.trap.tar.zst) for memcached.link (219 of 1053)
[2026-08-05 04:33:22] Importing items.c.33662d8f.trap (items.c.33662d8f_0.trap.tar.zst) for memcached.link (220 of 1053)
[2026-08-05 04:33:22] Importing items.c.88b3fbde.trap (items.c.88b3fbde_0.trap.tar.zst) for memcached-debug.link (221 of 1053)
[2026-08-05 04:33:23] Importing itoa_ljust.h.1dfca15d.trap (itoa_ljust.c.bed877b4_0.trap.tar.zst) for 4 link targets (222 of 1053)
[2026-08-05 04:33:23] Importing stddef.h.a3cee6d7.trap (itoa_ljust.c.bed877b4_0.trap.tar.zst) for 2 link targets (223 of 1053)
[2026-08-05 04:33:23] Importing itoa_ljust.c.bed877b4.trap (itoa_ljust.c.bed877b4_0.trap.tar.zst) for 2 link targets (224 of 1053)
[2026-08-05 04:33:23] Importing assert.h.0125ac37.trap (jenkins_hash.c.d851cdae_0.trap.tar.zst) for 3 link targets (225 of 1053)
[2026-08-05 04:33:23] Importing cache.h.46522897.trap (jenkins_hash.c.d851cdae_0.trap.tar.zst) for 4 link targets (226 of 1053)
[2026-08-05 04:33:23] Importing memcached.h.3b06e1ab.trap (jenkins_hash.c.d851cdae_0.trap.tar.zst) for memcached-debug.link (227 of 1053)
[2026-08-05 04:33:23] Importing jenkins_hash.h.61f2f724.trap (jenkins_hash.c.d851cdae_0.trap.tar.zst) for 3 link targets (228 of 1053)
[2026-08-05 04:33:23] Importing jenkins_hash.c.d851cdae.trap (jenkins_hash.c.d851cdae_0.trap.tar.zst) for memcached-debug.link (229 of 1053)
[2026-08-05 04:33:23] Importing jenkins_hash.c.dc9c2610.trap (jenkins_hash.c.dc9c2610_0.trap.tar.zst) for 2 link targets (230 of 1053)
[2026-08-05 04:33:23] Importing jenkins_hash.c.dd8df613.trap (jenkins_hash.c.dd8df613_0.trap.tar.zst) for 2 link targets (231 of 1053)
[2026-08-05 04:33:23] Importing stddef.h.b6381dd0.trap (logger.c.9d8d7db3_0.trap.tar.zst) for 2 link targets (232 of 1053)
[2026-08-05 04:33:23] Importing byteswap.h.303fd11d.trap (logger.c.9d8d7db3_0.trap.tar.zst) for 2 link targets (233 of 1053)
[2026-08-05 04:33:23] Importing uintn-identity.h.0544359f.trap (logger.c.9d8d7db3_0.trap.tar.zst) for 2 link targets (234 of 1053)
[2026-08-05 04:33:23] Importing socket.h.97fc5265.trap (logger.c.9d8d7db3_0.trap.tar.zst) for 3 link targets (235 of 1053)
[2026-08-05 04:33:23] Importing socket2.h.dd3abf3e.trap (logger.c.9d8d7db3_0.trap.tar.zst) for 4 link targets (236 of 1053)
[2026-08-05 04:33:23] Importing socket.h.78980b5d.trap (logger.c.9d8d7db3_0.trap.tar.zst) for 4 link targets (237 of 1053)
[2026-08-05 04:33:23] Importing in.h.50c5048b.trap (logger.c.9d8d7db3_0.trap.tar.zst) for 4 link targets (238 of 1053)
[2026-08-05 04:33:23] Importing inet-fortified-decl.h.17b3e43e.trap (logger.c.9d8d7db3_0.trap.tar.zst) for 3 link targets (239 of 1053)
[2026-08-05 04:33:23] Importing inet-fortified.h.89b27817.trap (logger.c.9d8d7db3_0.trap.tar.zst) for 3 link targets (240 of 1053)
[2026-08-05 04:33:23] Importing inet.h.f767d6bd.trap (logger.c.9d8d7db3_0.trap.tar.zst) for 3 link targets (241 of 1053)
[2026-08-05 04:33:23] Importing stddef.h.feec0d8d.trap (logger.c.9d8d7db3_0.trap.tar.zst) for 3 link targets (242 of 1053)
[2026-08-05 04:33:23] Importing stdio.h.3f132cf6.trap (logger.c.9d8d7db3_0.trap.tar.zst) for 3 link targets (243 of 1053)
[2026-08-05 04:33:23] Importing errno.h.fe1bade7.trap (logger.c.9d8d7db3_0.trap.tar.zst) for 4 link targets (244 of 1053)
[2026-08-05 04:33:23] Importing poll.h.de2867c2.trap (logger.c.9d8d7db3_0.trap.tar.zst) for 2 link targets (245 of 1053)
[2026-08-05 04:33:23] Importing poll2.h.64b28721.trap (logger.c.9d8d7db3_0.trap.tar.zst) for 2 link targets (246 of 1053)
[2026-08-05 04:33:23] Importing poll.h.59bab4ce.trap (logger.c.9d8d7db3_0.trap.tar.zst) for 2 link targets (247 of 1053)
[2026-08-05 04:33:23] Importing poll.h.d41fea98.trap (logger.c.9d8d7db3_0.trap.tar.zst) for 2 link targets (248 of 1053)
[2026-08-05 04:33:23] Importing stdarg.h.2827ee5e.trap (logger.c.9d8d7db3_0.trap.tar.zst) for 4 link targets (249 of 1053)
[2026-08-05 04:33:23] Importing time.h.45d023a9.trap (logger.c.9d8d7db3_0.trap.tar.zst) for 4 link targets (250 of 1053)
[2026-08-05 04:33:23] Importing event-config.h.d26eac89.trap (logger.c.9d8d7db3_0.trap.tar.zst) for 3 link targets (251 of 1053)
[2026-08-05 04:33:23] Importing stddef.h.040b6817.trap (logger.c.9d8d7db3_0.trap.tar.zst) for 3 link targets (252 of 1053)
[2026-08-05 04:33:23] Importing netdb.h.5fbd787f.trap (logger.c.9d8d7db3_0.trap.tar.zst) for 3 link targets (253 of 1053)
[2026-08-05 04:33:23] Importing time.h.5d9428b6.trap (logger.c.9d8d7db3_0.trap.tar.zst) for 4 link targets (254 of 1053)
[2026-08-05 04:33:23] Importing util.h.cdd6c138.trap (logger.c.9d8d7db3_0.trap.tar.zst) for 3 link targets (255 of 1053)
[2026-08-05 04:33:23] Importing uio.h.f5fd551a.trap (logger.c.9d8d7db3_0.trap.tar.zst) for 3 link targets (256 of 1053)
[2026-08-05 04:33:23] Importing posix_opt.h.fc3f5e45.trap (logger.c.9d8d7db3_0.trap.tar.zst) for 5 link targets (257 of 1053)
[2026-08-05 04:33:23] Importing getopt_posix.h.8b0aa7d0.trap (logger.c.9d8d7db3_0.trap.tar.zst) for 5 link targets (258 of 1053)
[2026-08-05 04:33:23] Importing unistd-decl.h.8b14e529.trap (logger.c.9d8d7db3_0.trap.tar.zst) for 5 link targets (259 of 1053)
[2026-08-05 04:33:23] Importing unistd.h.c5615da2.trap (logger.c.9d8d7db3_0.trap.tar.zst) for 5 link targets (260 of 1053)
[2026-08-05 04:33:23] Importing unistd_ext.h.cf34fd38.trap (logger.c.9d8d7db3_0.trap.tar.zst) for 5 link targets (261 of 1053)
[2026-08-05 04:33:23] Importing unistd.h.13d38e90.trap (logger.c.9d8d7db3_0.trap.tar.zst) for 2 link targets (262 of 1053)
[2026-08-05 04:33:23] Importing grp.h.55bec2c6.trap (logger.c.9d8d7db3_0.trap.tar.zst) for 3 link targets (263 of 1053)
[2026-08-05 04:33:23] Importing signum-generic.h.8975ebcb.trap (logger.c.9d8d7db3_0.trap.tar.zst) for 5 link targets (264 of 1053)
[2026-08-05 04:33:23] Importing siginfo-consts.h.20220af5.trap (logger.c.9d8d7db3_0.trap.tar.zst) for 5 link targets (265 of 1053)
[2026-08-05 04:33:23] Importing sigevent_t.h.643d46be.trap (logger.c.9d8d7db3_0.trap.tar.zst) for 4 link targets (266 of 1053)
[2026-08-05 04:33:23] Importing sigaction.h.74d6b40a.trap (logger.c.9d8d7db3_0.trap.tar.zst) for 5 link targets (267 of 1053)
[2026-08-05 04:33:23] Importing ucontext.h.ef9418f5.trap (logger.c.9d8d7db3_0.trap.tar.zst) for 5 link targets (268 of 1053)
[2026-08-05 04:33:23] Importing sigstksz.h.bcb54497.trap (logger.c.9d8d7db3_0.trap.tar.zst) for 5 link targets (269 of 1053)
[2026-08-05 04:33:23] Importing sigthread.h.b8ddb919.trap (logger.c.9d8d7db3_0.trap.tar.zst) for 4 link targets (270 of 1053)
[2026-08-05 04:33:23] Importing signal_ext.h.f866498a.trap (logger.c.9d8d7db3_0.trap.tar.zst) for 5 link targets (271 of 1053)
[2026-08-05 04:33:23] Importing signal.h.b03c4d8e.trap (logger.c.9d8d7db3_0.trap.tar.zst) for 5 link targets (272 of 1053)
[2026-08-05 04:33:23] Importing libc-header-start.h.1a36f852.trap (logger.c.9d8d7db3_0.trap.tar.zst) for 3 link targets (273 of 1053)
[2026-08-05 04:33:23] Importing posix1_lim.h.9a298036.trap (logger.c.9d8d7db3_0.trap.tar.zst) for 4 link targets (274 of 1053)
[2026-08-05 04:33:23] Importing limits.h.7420c1f2.trap (logger.c.9d8d7db3_0.trap.tar.zst) for 4 link targets (275 of 1053)
[2026-08-05 04:33:23] Importing limits.h.6105d0e6.trap (logger.c.9d8d7db3_0.trap.tar.zst) for 3 link targets (276 of 1053)
[2026-08-05 04:33:23] Importing memcached.h.f24f788c.trap (logger.c.9d8d7db3_0.trap.tar.zst) for 2 link targets (277 of 1053)
[2026-08-05 04:33:23] Importing logger.c.9d8d7db3.trap (logger.c.9d8d7db3_0.trap.tar.zst) for memcached.link (278 of 1053)
[2026-08-05 04:33:23] Importing logger.c.f02ad8e5.trap (logger.c.f02ad8e5_0.trap.tar.zst) for memcached-debug.link (279 of 1053)
[2026-08-05 04:33:23] Importing md5.c.5ace7c21.trap (md5.c.5ace7c21_0.trap.tar.zst) for 2 link targets (280 of 1053)
[2026-08-05 04:33:23] Importing memcached.c.098cd95d.trap (memcached.c.098cd95d_0.trap.tar.zst) for memcached.link (281 of 1053)
[2026-08-05 04:33:23] Importing socket.h.43d999e8.trap (memcached.c.faa6a6d9_0.trap.tar.zst) for 2 link targets (282 of 1053)
[2026-08-05 04:33:23] Importing un.h.f7992a86.trap (memcached.c.faa6a6d9_0.trap.tar.zst) for 2 link targets (283 of 1053)
[2026-08-05 04:33:23] Importing stddef.h.674f4a3f.trap (memcached.c.faa6a6d9_0.trap.tar.zst) for 2 link targets (284 of 1053)
[2026-08-05 04:33:23] Importing pwd.h.fa2caf2e.trap (memcached.c.faa6a6d9_0.trap.tar.zst) for 2 link targets (285 of 1053)
[2026-08-05 04:33:23] Importing tcp.h.fd8ca69e.trap (memcached.c.faa6a6d9_0.trap.tar.zst) for 3 link targets (286 of 1053)
[2026-08-05 04:33:23] Importing getopt_ext.h.1675e9c5.trap (memcached.c.faa6a6d9_0.trap.tar.zst) for 2 link targets (287 of 1053)
[2026-08-05 04:33:23] Importing getopt.h.1621817d.trap (memcached.c.faa6a6d9_0.trap.tar.zst) for 2 link targets (288 of 1053)
[2026-08-05 04:33:23] Importing memcached.c.faa6a6d9.trap (memcached.c.faa6a6d9_0.trap.tar.zst) for memcached-debug.link (289 of 1053)
[2026-08-05 04:33:23] Importing wordsize.h.01b03c86.trap (murmur3_hash.c.52fca9d0_0.trap.tar.zst) for 5 link targets (290 of 1053)
[2026-08-05 04:33:23] Importing timesize.h.703f9dc6.trap (murmur3_hash.c.52fca9d0_0.trap.tar.zst) for 5 link targets (291 of 1053)
[2026-08-05 04:33:23] Importing features-time64.h.616e908d.trap (murmur3_hash.c.52fca9d0_0.trap.tar.zst) for 5 link targets (292 of 1053)
[2026-08-05 04:33:23] Importing stdc-predef.h.364e3208.trap (murmur3_hash.c.52fca9d0_0.trap.tar.zst) for 5 link targets (293 of 1053)
[2026-08-05 04:33:23] Importing long-double.h.bfc02082.trap (murmur3_hash.c.52fca9d0_0.trap.tar.zst) for 5 link targets (294 of 1053)
[2026-08-05 04:33:23] Importing cdefs.h.770b2cc7.trap (murmur3_hash.c.52fca9d0_0.trap.tar.zst) for 5 link targets (295 of 1053)
[2026-08-05 04:33:23] Importing stubs-64.h.364e3208.trap (murmur3_hash.c.52fca9d0_0.trap.tar.zst) for 5 link targets (296 of 1053)
[2026-08-05 04:33:23] Importing stubs.h.c9d43ccb.trap (murmur3_hash.c.52fca9d0_0.trap.tar.zst) for 5 link targets (297 of 1053)
[2026-08-05 04:33:23] Importing features.h.537ff85f.trap (murmur3_hash.c.52fca9d0_0.trap.tar.zst) for 5 link targets (298 of 1053)
[2026-08-05 04:33:23] Importing libc-header-start.h.7d11c7ef.trap (murmur3_hash.c.52fca9d0_0.trap.tar.zst) for 4 link targets (299 of 1053)
[2026-08-05 04:33:23] Importing typesizes.h.686292a7.trap (murmur3_hash.c.52fca9d0_0.trap.tar.zst) for 5 link targets (300 of 1053)
[2026-08-05 04:33:23] Importing time64.h.884a4ef4.trap (murmur3_hash.c.52fca9d0_0.trap.tar.zst) for 5 link targets (301 of 1053)
[2026-08-05 04:33:23] Importing types.h.ed1ba954.trap (murmur3_hash.c.52fca9d0_0.trap.tar.zst) for 5 link targets (302 of 1053)
[2026-08-05 04:33:23] Importing wchar.h.442ec352.trap (murmur3_hash.c.52fca9d0_0.trap.tar.zst) for 4 link targets (303 of 1053)
[2026-08-05 04:33:23] Importing stdint-intn.h.b2232cee.trap (murmur3_hash.c.52fca9d0_0.trap.tar.zst) for 5 link targets (304 of 1053)
[2026-08-05 04:33:23] Importing stdint-uintn.h.6b40e1d6.trap (murmur3_hash.c.52fca9d0_0.trap.tar.zst) for 4 link targets (305 of 1053)
[2026-08-05 04:33:23] Importing stdint-least.h.207fb010.trap (murmur3_hash.c.52fca9d0_0.trap.tar.zst) for 4 link targets (306 of 1053)
[2026-08-05 04:33:23] Importing stdint.h.44d09fef.trap (murmur3_hash.c.52fca9d0_0.trap.tar.zst) for 4 link targets (307 of 1053)
[2026-08-05 04:33:23] Importing stdint.h.151e9323.trap (murmur3_hash.c.52fca9d0_0.trap.tar.zst) for 4 link targets (308 of 1053)
[2026-08-05 04:33:23] Importing stddef.h.46f94569.trap (murmur3_hash.c.52fca9d0_0.trap.tar.zst) for 3 link targets (309 of 1053)
[2026-08-05 04:33:23] Importing murmur3_hash.h.e04b4cdc.trap (murmur3_hash.c.52fca9d0_0.trap.tar.zst) for 3 link targets (310 of 1053)
[2026-08-05 04:33:23] Importing murmur3_hash.c.52fca9d0.trap (murmur3_hash.c.52fca9d0_0.trap.tar.zst) for 3 link targets (311 of 1053)
[2026-08-05 04:33:23] Importing proto_bin.c.ae05c905.trap (proto_bin.c.ae05c905_0.trap.tar.zst) for memcached-debug.link (312 of 1053)
[2026-08-05 04:33:23] Importing proto_bin.h.cd621fcb.trap (proto_bin.c.d74934cd_0.trap.tar.zst) for 2 link targets (313 of 1053)
[2026-08-05 04:33:23] Importing proto_bin.c.d74934cd.trap (proto_bin.c.d74934cd_0.trap.tar.zst) for memcached.link (314 of 1053)
[2026-08-05 04:33:23] Importing proto_parser.c.c223a5bf.trap (proto_parser.c.c223a5bf_0.trap.tar.zst) for memcached-debug.link (315 of 1053)
[2026-08-05 04:33:23] Importing limits.h.6f1813c6.trap (proto_parser.c.e44490e5_0.trap.tar.zst) for 2 link targets (316 of 1053)
[2026-08-05 04:33:23] Importing proto_parser.c.e44490e5.trap (proto_parser.c.e44490e5_0.trap.tar.zst) for memcached.link (317 of 1053)
[2026-08-05 04:33:24] Importing proto_proxy.c.757bf91d.trap (proto_proxy.c.757bf91d_0.trap.tar.zst) for memcached-debug.link (318 of 1053)
[2026-08-05 04:33:24] Importing proto_proxy.c.ae9885df.trap (proto_proxy.c.ae9885df_0.trap.tar.zst) for memcached.link (319 of 1053)
[2026-08-05 04:33:24] Importing proto_text.c.cca9a4ee.trap (proto_text.c.cca9a4ee_0.trap.tar.zst) for memcached-debug.link (320 of 1053)
[2026-08-05 04:33:24] Importing proto_proxy.h.a7999f49.trap (proto_text.c.e12678bf_0.trap.tar.zst) for 2 link targets (321 of 1053)
[2026-08-05 04:33:24] Importing mcmc.h.dfd6cb1c.trap (proto_text.c.e12678bf_0.trap.tar.zst) for 2 link targets (322 of 1053)
[2026-08-05 04:33:24] Importing proto_parser_type.h.abcbe226.trap (proto_text.c.e12678bf_0.trap.tar.zst) for 2 link targets (323 of 1053)
[2026-08-05 04:33:24] Importing proto_parser.h.19e17ff2.trap (proto_text.c.e12678bf_0.trap.tar.zst) for 2 link targets (324 of 1053)
[2026-08-05 04:33:24] Importing proto_text.h.17350209.trap (proto_text.c.e12678bf_0.trap.tar.zst) for 2 link targets (325 of 1053)
[2026-08-05 04:33:24] Importing tls.h.3f54b1be.trap (proto_text.c.e12678bf_0.trap.tar.zst) for 2 link targets (326 of 1053)
[2026-08-05 04:33:24] Importing proto_text.c.e12678bf.trap (proto_text.c.e12678bf_0.trap.tar.zst) for memcached.link (327 of 1053)
[2026-08-05 04:33:24] Importing proxy_config.c.60b2da27.trap (proxy_config.c.60b2da27_0.trap.tar.zst) for memcached-debug.link (328 of 1053)
[2026-08-05 04:33:24] Importing routelib.h.bfc02082.trap (proxy_config.c.7b8ec99f_0.trap.tar.zst) for 2 link targets (329 of 1053)
[2026-08-05 04:33:24] Importing proxy_config.c.7b8ec99f.trap (proxy_config.c.7b8ec99f_0.trap.tar.zst) for memcached.link (330 of 1053)
[2026-08-05 04:33:24] Importing proxy_inspector.c.629e59ff.trap (proxy_inspector.c.629e59ff_0.trap.tar.zst) for memcached.link (331 of 1053)
[2026-08-05 04:33:24] Importing proxy_inspector.c.6d6062dc.trap (proxy_inspector.c.6d6062dc_0.trap.tar.zst) for memcached-debug.link (332 of 1053)
[2026-08-05 04:33:24] Importing proxy_internal.c.27b052b6.trap (proxy_internal.c.27b052b6_0.trap.tar.zst) for memcached.link (333 of 1053)
[2026-08-05 04:33:24] Importing proxy_internal.c.43d53f8e.trap (proxy_internal.c.43d53f8e_0.trap.tar.zst) for memcached-debug.link (334 of 1053)
[2026-08-05 04:33:24] Importing proxy_jump_hash.c.91b6a956.trap (proxy_jump_hash.c.91b6a956_0.trap.tar.zst) for memcached.link (335 of 1053)
[2026-08-05 04:33:24] Importing proxy_jump_hash.c.aa22088c.trap (proxy_jump_hash.c.aa22088c_0.trap.tar.zst) for memcached-debug.link (336 of 1053)
[2026-08-05 04:33:24] Importing storage.h.5543a1b5.trap (proxy_lua.c.0fc86717_0.trap.tar.zst) for 2 link targets (337 of 1053)
[2026-08-05 04:33:24] Importing proxy_lua.c.0fc86717.trap (proxy_lua.c.0fc86717_0.trap.tar.zst) for memcached.link (338 of 1053)
[2026-08-05 04:33:24] Importing proxy_lua.c.100ab912.trap (proxy_lua.c.100ab912_0.trap.tar.zst) for memcached-debug.link (339 of 1053)
[2026-08-05 04:33:24] Importing proxy_luafgen.c.00be1358.trap (proxy_luafgen.c.00be1358_0.trap.tar.zst) for memcached.link (340 of 1053)
[2026-08-05 04:33:24] Importing proxy_luafgen.c.c2a5572d.trap (proxy_luafgen.c.c2a5572d_0.trap.tar.zst) for memcached-debug.link (341 of 1053)
[2026-08-05 04:33:24] Importing proxy_mutator.c.7c58ee48.trap (proxy_mutator.c.7c58ee48_0.trap.tar.zst) for memcached.link (342 of 1053)
[2026-08-05 04:33:24] Importing proxy_mutator.c.a369147a.trap (proxy_mutator.c.a369147a_0.trap.tar.zst) for memcached-debug.link (343 of 1053)
[2026-08-05 04:33:25] Importing proxy_network.c.27219569.trap (proxy_network.c.27219569_0.trap.tar.zst) for memcached-debug.link (344 of 1053)
[2026-08-05 04:33:25] Importing proxy_tls.h.56ad2f65.trap (proxy_network.c.2c3618c9_0.trap.tar.zst) for 2 link targets (345 of 1053)
[2026-08-05 04:33:25] Importing proxy_network.c.2c3618c9.trap (proxy_network.c.2c3618c9_0.trap.tar.zst) for memcached.link (346 of 1053)
[2026-08-05 04:33:25] Importing proxy_ratelim.c.5726a7c7.trap (proxy_ratelim.c.5726a7c7_0.trap.tar.zst) for memcached.link (347 of 1053)
[2026-08-05 04:33:25] Importing proxy_ratelim.c.b47533ba.trap (proxy_ratelim.c.b47533ba_0.trap.tar.zst) for memcached-debug.link (348 of 1053)
[2026-08-05 04:33:25] Importing proxy_request.c.a1e774a8.trap (proxy_request.c.a1e774a8_0.trap.tar.zst) for memcached-debug.link (349 of 1053)
[2026-08-05 04:33:25] Importing proxy_request.c.bd463b5f.trap (proxy_request.c.bd463b5f_0.trap.tar.zst) for memcached.link (350 of 1053)
[2026-08-05 04:33:25] Importing proxy_result.c.08453894.trap (proxy_result.c.08453894_0.trap.tar.zst) for memcached-debug.link (351 of 1053)
[2026-08-05 04:33:25] Importing proxy_result.c.27899a79.trap (proxy_result.c.27899a79_0.trap.tar.zst) for memcached.link (352 of 1053)
[2026-08-05 04:33:25] Importing proxy_ring_hash.c.29e155c3.trap (proxy_ring_hash.c.29e155c3_0.trap.tar.zst) for memcached-debug.link (353 of 1053)
[2026-08-05 04:33:25] Importing md5.h.f1df9f71.trap (proxy_ring_hash.c.5f6c9e12_0.trap.tar.zst) for 2 link targets (354 of 1053)
[2026-08-05 04:33:25] Importing proxy_ring_hash.c.5f6c9e12.trap (proxy_ring_hash.c.5f6c9e12_0.trap.tar.zst) for memcached.link (355 of 1053)
[2026-08-05 04:33:25] Importing proxy_tls.c.2999e3db.trap (proxy_tls.c.2999e3db_0.trap.tar.zst) for memcached-debug.link (356 of 1053)
[2026-08-05 04:33:25] Importing proxy_tls.c.ca319fc3.trap (proxy_tls.c.ca319fc3_0.trap.tar.zst) for memcached.link (357 of 1053)
[2026-08-05 04:33:25] Importing extstore.h.08b19962.trap (proxy_ustats.c.891164bf_0.trap.tar.zst) for 2 link targets (358 of 1053)
[2026-08-05 04:33:25] Importing luaconf.h.a67b5652.trap (proxy_ustats.c.891164bf_0.trap.tar.zst) for 2 link targets (359 of 1053)
[2026-08-05 04:33:25] Importing lua.h.e5e596a0.trap (proxy_ustats.c.891164bf_0.trap.tar.zst) for 2 link targets (360 of 1053)
[2026-08-05 04:33:25] Importing lualib.h.ebc1b9fe.trap (proxy_ustats.c.891164bf_0.trap.tar.zst) for 2 link targets (361 of 1053)
[2026-08-05 04:33:25] Importing lauxlib.h.c62dec02.trap (proxy_ustats.c.891164bf_0.trap.tar.zst) for 2 link targets (362 of 1053)
[2026-08-05 04:33:25] Importing eventfd.h.1ffd1a57.trap (proxy_ustats.c.891164bf_0.trap.tar.zst) for 2 link targets (363 of 1053)
[2026-08-05 04:33:25] Importing eventfd.h.fb046b5b.trap (proxy_ustats.c.891164bf_0.trap.tar.zst) for 2 link targets (364 of 1053)
[2026-08-05 04:33:25] Importing stdalign.h.7bd4d475.trap (proxy_ustats.c.891164bf_0.trap.tar.zst) for 2 link targets (365 of 1053)
[2026-08-05 04:33:25] Importing mmintrin.h.bc5e09fb.trap (proxy_ustats.c.891164bf_0.trap.tar.zst) for 2 link targets (366 of 1053)
[2026-08-05 04:33:25] Importing mm_malloc.h.295a12b8.trap (proxy_ustats.c.891164bf_0.trap.tar.zst) for 2 link targets (367 of 1053)
[2026-08-05 04:33:25] Importing emmintrin.h.97464d9a.trap (proxy_ustats.c.891164bf_0.trap.tar.zst) for 2 link targets (368 of 1053)
[2026-08-05 04:33:25] Importing xmmintrin.h.d3bc56cc.trap (proxy_ustats.c.891164bf_0.trap.tar.zst) for 2 link targets (369 of 1053)
[2026-08-05 04:33:25] Importing emmintrin.h.f58da8ee.trap (proxy_ustats.c.891164bf_0.trap.tar.zst) for 2 link targets (370 of 1053)
[2026-08-05 04:33:25] Importing xxhash.h.bf9ae091.trap (proxy_ustats.c.891164bf_0.trap.tar.zst) for 2 link targets (371 of 1053)
[2026-08-05 04:33:25] Importing proxy.h.05ef6ccf.trap (proxy_ustats.c.891164bf_0.trap.tar.zst) for memcached.link (372 of 1053)
[2026-08-05 04:33:25] Importing proxy_ustats.c.891164bf.trap (proxy_ustats.c.891164bf_0.trap.tar.zst) for memcached.link (373 of 1053)
[2026-08-05 04:33:25] Importing proxy_ustats.c.e6334a25.trap (proxy_ustats.c.e6334a25_0.trap.tar.zst) for memcached-debug.link (374 of 1053)
[2026-08-05 04:33:25] Importing ctype.h.978a45aa.trap (proxy_xxhash.c.10552df8_0.trap.tar.zst) for 2 link targets (375 of 1053)
[2026-08-05 04:33:25] Importing stddef.h.4f2a3ea5.trap (proxy_xxhash.c.10552df8_0.trap.tar.zst) for 3 link targets (376 of 1053)
[2026-08-05 04:33:25] Importing proxy_xxhash.c.10552df8.trap (proxy_xxhash.c.10552df8_0.trap.tar.zst) for memcached.link (377 of 1053)
[2026-08-05 04:33:25] Importing proxy.h.a21fdcb1.trap (proxy_xxhash.c.7933075a_0.trap.tar.zst) for memcached-debug.link (378 of 1053)
[2026-08-05 04:33:25] Importing proxy_xxhash.c.7933075a.trap (proxy_xxhash.c.7933075a_0.trap.tar.zst) for memcached-debug.link (379 of 1053)
[2026-08-05 04:33:25] Importing restart.h.4beb6da9.trap (restart.c.55d1e980_0.trap.tar.zst) for 2 link targets (380 of 1053)
[2026-08-05 04:33:25] Importing restart.c.55d1e980.trap (restart.c.55d1e980_0.trap.tar.zst) for memcached.link (381 of 1053)
[2026-08-05 04:33:25] Importing restart.c.5d8db706.trap (restart.c.5d8db706_0.trap.tar.zst) for memcached-debug.link (382 of 1053)
[2026-08-05 04:33:25] Importing unistd.h.db3330d7.trap (sizes.c.a57728f7_0.trap.tar.zst) for sizes.link (383 of 1053)
[2026-08-05 04:33:25] Importing sizes.c.a57728f7.trap (sizes.c.a57728f7_0.trap.tar.zst) for sizes.link (384 of 1053)
[2026-08-05 04:33:25] Importing stdbool.h.596ff8fc.trap (slab_automove.c.2bc85acb_0.trap.tar.zst) for 4 link targets (385 of 1053)
[2026-08-05 04:33:25] Importing features.h.4065b30c.trap (slab_automove.c.2bc85acb_0.trap.tar.zst) for 3 link targets (386 of 1053)
[2026-08-05 04:33:25] Importing libc-header-start.h.f025d7e3.trap (slab_automove.c.2bc85acb_0.trap.tar.zst) for 3 link targets (387 of 1053)
[2026-08-05 04:33:25] Importing inttypes.h.9d45d86f.trap (slab_automove.c.2bc85acb_0.trap.tar.zst) for 3 link targets (388 of 1053)
[2026-08-05 04:33:25] Importing config.h.f7a9bfd4.trap (slab_automove.c.2bc85acb_0.trap.tar.zst) for 4 link targets (389 of 1053)
[2026-08-05 04:33:25] Importing stddef.h.b26ce5f4.trap (slab_automove.c.2bc85acb_0.trap.tar.zst) for 3 link targets (390 of 1053)
[2026-08-05 04:33:25] Importing select.h.82573e28.trap (slab_automove.c.2bc85acb_0.trap.tar.zst) for 3 link targets (391 of 1053)
[2026-08-05 04:33:25] Importing pthreadtypes.h.3b7b175e.trap (slab_automove.c.2bc85acb_0.trap.tar.zst) for 3 link targets (392 of 1053)
[2026-08-05 04:33:25] Importing types.h.a24ffaea.trap (slab_automove.c.2bc85acb_0.trap.tar.zst) for 3 link targets (393 of 1053)
[2026-08-05 04:33:25] Importing stddef.h.f04407fe.trap (slab_automove.c.2bc85acb_0.trap.tar.zst) for 4 link targets (394 of 1053)
[2026-08-05 04:33:25] Importing struct_iovec.h.5a6c41ae.trap (slab_automove.c.2bc85acb_0.trap.tar.zst) for 4 link targets (395 of 1053)
[2026-08-05 04:33:25] Importing stddef.h.9f8f37c5.trap (slab_automove.c.2bc85acb_0.trap.tar.zst) for 4 link targets (396 of 1053)
[2026-08-05 04:33:25] Importing stddef.h.2df26f37.trap (slab_automove.c.2bc85acb_0.trap.tar.zst) for 4 link targets (397 of 1053)
[2026-08-05 04:33:25] Importing socket_type.h.00ccbbd9.trap (slab_automove.c.2bc85acb_0.trap.tar.zst) for 4 link targets (398 of 1053)
[2026-08-05 04:33:25] Importing sockaddr.h.0d91c4f0.trap (slab_automove.c.2bc85acb_0.trap.tar.zst) for 4 link targets (399 of 1053)
[2026-08-05 04:33:25] Importing stddef.h.726546fa.trap (slab_automove.c.2bc85acb_0.trap.tar.zst) for 4 link targets (400 of 1053)
[2026-08-05 04:33:25] Importing bitsperlong.h.cb9bb5be.trap (slab_automove.c.2bc85acb_0.trap.tar.zst) for 4 link targets (401 of 1053)
[2026-08-05 04:33:25] Importing bitsperlong.h.685b0114.trap (slab_automove.c.2bc85acb_0.trap.tar.zst) for 4 link targets (402 of 1053)
[2026-08-05 04:33:25] Importing posix_types.h.4e51409f.trap (slab_automove.c.2bc85acb_0.trap.tar.zst) for 4 link targets (403 of 1053)
[2026-08-05 04:33:25] Importing posix_types_64.h.a42a5ce3.trap (slab_automove.c.2bc85acb_0.trap.tar.zst) for 4 link targets (404 of 1053)
[2026-08-05 04:33:25] Importing posix_types.h.755ba754.trap (slab_automove.c.2bc85acb_0.trap.tar.zst) for 4 link targets (405 of 1053)
[2026-08-05 04:33:25] Importing posix_types.h.5454cc62.trap (slab_automove.c.2bc85acb_0.trap.tar.zst) for 4 link targets (406 of 1053)
[2026-08-05 04:33:25] Importing sockios.h.2f554149.trap (slab_automove.c.2bc85acb_0.trap.tar.zst) for 4 link targets (407 of 1053)
[2026-08-05 04:33:25] Importing sockios.h.f27fa0a8.trap (slab_automove.c.2bc85acb_0.trap.tar.zst) for 4 link targets (408 of 1053)
[2026-08-05 04:33:25] Importing socket.h.57309ec6.trap (slab_automove.c.2bc85acb_0.trap.tar.zst) for 4 link targets (409 of 1053)
[2026-08-05 04:33:25] Importing socket.h.6b005521.trap (slab_automove.c.2bc85acb_0.trap.tar.zst) for 4 link targets (410 of 1053)
[2026-08-05 04:33:25] Importing socket.h.ff8d1924.trap (slab_automove.c.2bc85acb_0.trap.tar.zst) for 3 link targets (411 of 1053)
[2026-08-05 04:33:25] Importing struct_osockaddr.h.f4ef8fbf.trap (slab_automove.c.2bc85acb_0.trap.tar.zst) for 4 link targets (412 of 1053)
[2026-08-05 04:33:25] Importing socket2.h.486d18cf.trap (slab_automove.c.2bc85acb_0.trap.tar.zst) for 3 link targets (413 of 1053)
[2026-08-05 04:33:25] Importing socket.h.6927898b.trap (slab_automove.c.2bc85acb_0.trap.tar.zst) for 3 link targets (414 of 1053)
[2026-08-05 04:33:25] Importing time.h.e0e017b2.trap (slab_automove.c.2bc85acb_0.trap.tar.zst) for 3 link targets (415 of 1053)
[2026-08-05 04:33:25] Importing in.h.de4b1474.trap (slab_automove.c.2bc85acb_0.trap.tar.zst) for 4 link targets (416 of 1053)
[2026-08-05 04:33:25] Importing byteswap.h.38ccc97c.trap (slab_automove.c.2bc85acb_0.trap.tar.zst) for 4 link targets (417 of 1053)
[2026-08-05 04:33:25] Importing uintn-identity.h.f32f2f09.trap (slab_automove.c.2bc85acb_0.trap.tar.zst) for 4 link targets (418 of 1053)
[2026-08-05 04:33:25] Importing in.h.cc5c47d8.trap (slab_automove.c.2bc85acb_0.trap.tar.zst) for 3 link targets (419 of 1053)
[2026-08-05 04:33:25] Importing event-config.h.25549664.trap (slab_automove.c.2bc85acb_0.trap.tar.zst) for 3 link targets (420 of 1053)
[2026-08-05 04:33:25] Importing stdarg.h.adb8dc28.trap (slab_automove.c.2bc85acb_0.trap.tar.zst) for 3 link targets (421 of 1053)
[2026-08-05 04:33:25] Importing visibility.h.cfc9617a.trap (slab_automove.c.2bc85acb_0.trap.tar.zst) for 4 link targets (422 of 1053)
[2026-08-05 04:33:25] Importing stddef.h.c678f8a1.trap (slab_automove.c.2bc85acb_0.trap.tar.zst) for 4 link targets (423 of 1053)
[2026-08-05 04:33:25] Importing stddef.h.0eefaa60.trap (slab_automove.c.2bc85acb_0.trap.tar.zst) for 4 link targets (424 of 1053)
[2026-08-05 04:33:25] Importing netdb.h.2ae2a420.trap (slab_automove.c.2bc85acb_0.trap.tar.zst) for 4 link targets (425 of 1053)
[2026-08-05 04:33:25] Importing __sigval_t.h.aef57ac3.trap (slab_automove.c.2bc85acb_0.trap.tar.zst) for 5 link targets (426 of 1053)
[2026-08-05 04:33:25] Importing sigevent_t.h.5486f1db.trap (slab_automove.c.2bc85acb_0.trap.tar.zst) for 3 link targets (427 of 1053)
[2026-08-05 04:33:25] Importing netdb.h.02565743.trap (slab_automove.c.2bc85acb_0.trap.tar.zst) for 4 link targets (428 of 1053)
[2026-08-05 04:33:25] Importing netdb.h.76ed942c.trap (slab_automove.c.2bc85acb_0.trap.tar.zst) for 3 link targets (429 of 1053)
[2026-08-05 04:33:25] Importing errno-base.h.2f554149.trap (slab_automove.c.2bc85acb_0.trap.tar.zst) for 4 link targets (430 of 1053)
[2026-08-05 04:33:25] Importing errno.h.1254b5b3.trap (slab_automove.c.2bc85acb_0.trap.tar.zst) for 4 link targets (431 of 1053)
[2026-08-05 04:33:25] Importing errno.h.88c88790.trap (slab_automove.c.2bc85acb_0.trap.tar.zst) for 4 link targets (432 of 1053)
[2026-08-05 04:33:25] Importing errno.h.56bc6367.trap (slab_automove.c.2bc85acb_0.trap.tar.zst) for 4 link targets (433 of 1053)
[2026-08-05 04:33:25] Importing errno.h.31294c61.trap (slab_automove.c.2bc85acb_0.trap.tar.zst) for 4 link targets (434 of 1053)
[2026-08-05 04:33:25] Importing error_t.h.5958d1fb.trap (slab_automove.c.2bc85acb_0.trap.tar.zst) for 3 link targets (435 of 1053)
[2026-08-05 04:33:25] Importing errno.h.dcc162fb.trap (slab_automove.c.2bc85acb_0.trap.tar.zst) for 3 link targets (436 of 1053)
[2026-08-05 04:33:25] Importing stddef.h.43611efb.trap (slab_automove.c.2bc85acb_0.trap.tar.zst) for 4 link targets (437 of 1053)
[2026-08-05 04:33:25] Importing timex.h.bf87ab6e.trap (slab_automove.c.2bc85acb_0.trap.tar.zst) for 3 link targets (438 of 1053)
[2026-08-05 04:33:25] Importing time.h.f7391cb5.trap (slab_automove.c.2bc85acb_0.trap.tar.zst) for 3 link targets (439 of 1053)
[2026-08-05 04:33:25] Importing time.h.fc4f390b.trap (slab_automove.c.2bc85acb_0.trap.tar.zst) for 3 link targets (440 of 1053)
[2026-08-05 04:33:25] Importing util.h.77db5e56.trap (slab_automove.c.2bc85acb_0.trap.tar.zst) for 3 link targets (441 of 1053)
[2026-08-05 04:33:25] Importing evutil.h.d98b8ac0.trap (slab_automove.c.2bc85acb_0.trap.tar.zst) for 4 link targets (442 of 1053)
[2026-08-05 04:33:25] Importing keyvalq_struct.h.9b5eb2c5.trap (slab_automove.c.2bc85acb_0.trap.tar.zst) for 4 link targets (443 of 1053)
[2026-08-05 04:33:25] Importing event_struct.h.7f2c2267.trap (slab_automove.c.2bc85acb_0.trap.tar.zst) for 4 link targets (444 of 1053)
[2026-08-05 04:33:25] Importing libc-header-start.h.0507aa1f.trap (slab_automove.c.2bc85acb_0.trap.tar.zst) for 3 link targets (445 of 1053)
[2026-08-05 04:33:25] Importing stddef.h.ac29bbdf.trap (slab_automove.c.2bc85acb_0.trap.tar.zst) for 3 link targets (446 of 1053)
[2026-08-05 04:33:25] Importing stdio2-decl.h.f18f1148.trap (slab_automove.c.2bc85acb_0.trap.tar.zst) for 3 link targets (447 of 1053)
[2026-08-05 04:33:25] Importing stdio.h.12378cca.trap (slab_automove.c.2bc85acb_0.trap.tar.zst) for 3 link targets (448 of 1053)
[2026-08-05 04:33:25] Importing stdio2.h.f2fefb3c.trap (slab_automove.c.2bc85acb_0.trap.tar.zst) for 3 link targets (449 of 1053)
[2026-08-05 04:33:25] Importing stdio.h.f2fe4568.trap (slab_automove.c.2bc85acb_0.trap.tar.zst) for 3 link targets (450 of 1053)
[2026-08-05 04:33:25] Importing event.h.261a6379.trap (slab_automove.c.2bc85acb_0.trap.tar.zst) for 4 link targets (451 of 1053)
[2026-08-05 04:33:25] Importing event_compat.h.cc0f85a6.trap (slab_automove.c.2bc85acb_0.trap.tar.zst) for 4 link targets (452 of 1053)
[2026-08-05 04:33:25] Importing uio_lim.h.2f554149.trap (slab_automove.c.2bc85acb_0.trap.tar.zst) for 4 link targets (453 of 1053)
[2026-08-05 04:33:25] Importing uio-ext.h.6df90b5d.trap (slab_automove.c.2bc85acb_0.trap.tar.zst) for 3 link targets (454 of 1053)
[2026-08-05 04:33:25] Importing uio.h.d32cc987.trap (slab_automove.c.2bc85acb_0.trap.tar.zst) for 3 link targets (455 of 1053)
[2026-08-05 04:33:25] Importing buffer.h.9408cdb1.trap (slab_automove.c.2bc85acb_0.trap.tar.zst) for 4 link targets (456 of 1053)
[2026-08-05 04:33:25] Importing buffer_compat.h.703f14d9.trap (slab_automove.c.2bc85acb_0.trap.tar.zst) for 4 link targets (457 of 1053)
[2026-08-05 04:33:25] Importing bufferevent.h.43b8bd6f.trap (slab_automove.c.2bc85acb_0.trap.tar.zst) for 4 link targets (458 of 1053)
[2026-08-05 04:33:25] Importing bufferevent_struct.h.5a63f730.trap (slab_automove.c.2bc85acb_0.trap.tar.zst) for 4 link targets (459 of 1053)
[2026-08-05 04:33:25] Importing bufferevent_compat.h.774d8d76.trap (slab_automove.c.2bc85acb_0.trap.tar.zst) for 4 link targets (460 of 1053)
[2026-08-05 04:33:25] Importing tag.h.f012c976.trap (slab_automove.c.2bc85acb_0.trap.tar.zst) for 4 link targets (461 of 1053)
[2026-08-05 04:33:25] Importing tag_compat.h.2f554149.trap (slab_automove.c.2bc85acb_0.trap.tar.zst) for 4 link targets (462 of 1053)
[2026-08-05 04:33:25] Importing event.h.bc0b0220.trap (slab_automove.c.2bc85acb_0.trap.tar.zst) for 4 link targets (463 of 1053)
[2026-08-05 04:33:25] Importing int-ll64.h.1fee15d9.trap (slab_automove.c.2bc85acb_0.trap.tar.zst) for 3 link targets (464 of 1053)
[2026-08-05 04:33:25] Importing types.h.e15186bc.trap (slab_automove.c.2bc85acb_0.trap.tar.zst) for 3 link targets (465 of 1053)
[2026-08-05 04:33:25] Importing sched.h.7b21f319.trap (slab_automove.c.2bc85acb_0.trap.tar.zst) for 3 link targets (466 of 1053)
[2026-08-05 04:33:25] Importing getopt_core.h.d788c6b2.trap (slab_automove.c.2bc85acb_0.trap.tar.zst) for 5 link targets (467 of 1053)
[2026-08-05 04:33:25] Importing getopt_posix.h.09f27372.trap (slab_automove.c.2bc85acb_0.trap.tar.zst) for 3 link targets (468 of 1053)
[2026-08-05 04:33:25] Importing posix1_lim.h.33ba12b7.trap (slab_automove.c.2bc85acb_0.trap.tar.zst) for 3 link targets (469 of 1053)
[2026-08-05 04:33:25] Importing posix2_lim.h.9c5458dc.trap (slab_automove.c.2bc85acb_0.trap.tar.zst) for 4 link targets (470 of 1053)
[2026-08-05 04:33:25] Importing limits.h.85b80341.trap (slab_automove.c.2bc85acb_0.trap.tar.zst) for 3 link targets (471 of 1053)
[2026-08-05 04:33:25] Importing limits.h.255d78e5.trap (slab_automove.c.2bc85acb_0.trap.tar.zst) for 4 link targets (472 of 1053)
[2026-08-05 04:33:25] Importing syslimits.h.484f0081.trap (slab_automove.c.2bc85acb_0.trap.tar.zst) for 4 link targets (473 of 1053)
[2026-08-05 04:33:25] Importing sasl_defs.h.c3edf3fa.trap (slab_automove.c.2bc85acb_0.trap.tar.zst) for 4 link targets (474 of 1053)
[2026-08-05 04:33:25] Importing stats_prefix.h.7af3c670.trap (slab_automove.c.2bc85acb_0.trap.tar.zst) for 4 link targets (475 of 1053)
[2026-08-05 04:33:25] Importing slab_automove.h.27ffb773.trap (slab_automove.c.2bc85acb_0.trap.tar.zst) for 2 link targets (476 of 1053)
[2026-08-05 04:33:25] Importing libc-header-start.h.4f2e06b7.trap (slab_automove.c.2bc85acb_0.trap.tar.zst) for 3 link targets (477 of 1053)
[2026-08-05 04:33:25] Importing stddef.h.2ad684ab.trap (slab_automove.c.2bc85acb_0.trap.tar.zst) for 3 link targets (478 of 1053)
[2026-08-05 04:33:25] Importing waitflags.h.bd3834c8.trap (slab_automove.c.2bc85acb_0.trap.tar.zst) for 3 link targets (479 of 1053)
[2026-08-05 04:33:25] Importing stddef.h.1ef63510.trap (slab_automove.c.2bc85acb_0.trap.tar.zst) for 3 link targets (480 of 1053)
[2026-08-05 04:33:25] Importing stdlib.h.13ee7907.trap (slab_automove.c.2bc85acb_0.trap.tar.zst) for 3 link targets (481 of 1053)
[2026-08-05 04:33:25] Importing stdlib.h.92148b4f.trap (slab_automove.c.2bc85acb_0.trap.tar.zst) for 3 link targets (482 of 1053)
[2026-08-05 04:33:25] Importing libc-header-start.h.d453b237.trap (slab_automove.c.2bc85acb_0.trap.tar.zst) for 3 link targets (483 of 1053)
[2026-08-05 04:33:25] Importing stddef.h.375ed9e2.trap (slab_automove.c.2bc85acb_0.trap.tar.zst) for 3 link targets (484 of 1053)
[2026-08-05 04:33:25] Importing stddef.h.931a3c5a.trap (slab_automove.c.2bc85acb_0.trap.tar.zst) for 3 link targets (485 of 1053)
[2026-08-05 04:33:25] Importing strings.h.c227c3d3.trap (slab_automove.c.2bc85acb_0.trap.tar.zst) for 3 link targets (486 of 1053)
[2026-08-05 04:33:25] Importing string_fortified.h.caaf628e.trap (slab_automove.c.2bc85acb_0.trap.tar.zst) for 3 link targets (487 of 1053)
[2026-08-05 04:33:25] Importing string.h.e81f19fe.trap (slab_automove.c.2bc85acb_0.trap.tar.zst) for 3 link targets (488 of 1053)
[2026-08-05 04:33:25] Importing slab_automove.c.2bc85acb.trap (slab_automove.c.2bc85acb_0.trap.tar.zst) for memcached.link (489 of 1053)
[2026-08-05 04:33:25] Importing slab_automove.c.fdbc7164.trap (slab_automove.c.fdbc7164_0.trap.tar.zst) for memcached-debug.link (490 of 1053)
[2026-08-05 04:33:25] Importing slab_automove_extstore.c.8b96c05e.trap (slab_automove_extstore.c.8b96c05e_0.trap.tar.zst) for memcached.link (491 of 1053)
[2026-08-05 04:33:25] Importing slab_automove_extstore.c.af1592e1.trap (slab_automove_extstore.c.af1592e1_0.trap.tar.zst) for memcached-debug.link (492 of 1053)
[2026-08-05 04:33:25] Importing slabs.c.c3a7b9ca.trap (slabs.c.c3a7b9ca_0.trap.tar.zst) for memcached.link (493 of 1053)
[2026-08-05 04:33:25] Importing slabs.c.ef648e8e.trap (slabs.c.ef648e8e_0.trap.tar.zst) for memcached-debug.link (494 of 1053)
[2026-08-05 04:33:25] Importing struct_iovec.h.8d17833a.trap (slabs_mover.c.30692d1c_0.trap.tar.zst) for 2 link targets (495 of 1053)
[2026-08-05 04:33:25] Importing slabs_mover.h.abafde55.trap (slabs_mover.c.30692d1c_0.trap.tar.zst) for 2 link targets (496 of 1053)
[2026-08-05 04:33:25] Importing slab_automove_extstore.h.5feff4b4.trap (slabs_mover.c.30692d1c_0.trap.tar.zst) for 2 link targets (497 of 1053)
[2026-08-05 04:33:25] Importing stddef.h.443b6bfe.trap (slabs_mover.c.30692d1c_0.trap.tar.zst) for 2 link targets (498 of 1053)
[2026-08-05 04:33:25] Importing mman-map-flags-generic.h.faab7f57.trap (slabs_mover.c.30692d1c_0.trap.tar.zst) for 2 link targets (499 of 1053)
[2026-08-05 04:33:25] Importing mman-shared.h.93d99eb6.trap (slabs_mover.c.30692d1c_0.trap.tar.zst) for 2 link targets (500 of 1053)
[2026-08-05 04:33:25] Importing mman-linux.h.b5ee94ed.trap (slabs_mover.c.30692d1c_0.trap.tar.zst) for 2 link targets (501 of 1053)
[2026-08-05 04:33:25] Importing mman.h.a98fc460.trap (slabs_mover.c.30692d1c_0.trap.tar.zst) for 2 link targets (502 of 1053)
[2026-08-05 04:33:25] Importing mman_ext.h.27731631.trap (slabs_mover.c.30692d1c_0.trap.tar.zst) for 2 link targets (503 of 1053)
[2026-08-05 04:33:25] Importing mman.h.7b1ccc3a.trap (slabs_mover.c.30692d1c_0.trap.tar.zst) for 2 link targets (504 of 1053)
[2026-08-05 04:33:25] Importing slabs_mover.c.30692d1c.trap (slabs_mover.c.30692d1c_0.trap.tar.zst) for memcached.link (505 of 1053)
[2026-08-05 04:33:25] Importing slabs_mover.c.cc70340d.trap (slabs_mover.c.cc70340d_0.trap.tar.zst) for memcached-debug.link (506 of 1053)
[2026-08-05 04:33:25] Importing stats_prefix.c.3e030b64.trap (stats_prefix.c.3e030b64_0.trap.tar.zst) for testapp.link (507 of 1053)
[2026-08-05 04:33:25] Importing stats_prefix.c.67624b4c.trap (stats_prefix.c.67624b4c_0.trap.tar.zst) for memcached-debug.link (508 of 1053)
[2026-08-05 04:33:25] Importing stats_prefix.c.720452ee.trap (stats_prefix.c.720452ee_0.trap.tar.zst) for memcached.link (509 of 1053)
[2026-08-05 04:33:25] Importing storage.c.9a25cb60.trap (storage.c.9a25cb60_0.trap.tar.zst) for memcached-debug.link (510 of 1053)
[2026-08-05 04:33:26] Importing storage.h.21dace5e.trap (storage.c.c1296f81_0.trap.tar.zst) for 2 link targets (511 of 1053)
[2026-08-05 04:33:26] Importing extstore.h.2967f4f1.trap (storage.c.c1296f81_0.trap.tar.zst) for 2 link targets (512 of 1053)
[2026-08-05 04:33:26] Importing storage.c.c1296f81.trap (storage.c.c1296f81_0.trap.tar.zst) for memcached.link (513 of 1053)
[2026-08-05 04:33:26] Importing time.h.0515826d.trap (testapp.c.1b29df71_0.trap.tar.zst) for testapp.link (514 of 1053)
[2026-08-05 04:33:26] Importing types.h.2c44c889.trap (testapp.c.1b29df71_0.trap.tar.zst) for testapp.link (515 of 1053)
[2026-08-05 04:33:26] Importing signal.h.d3b42a06.trap (testapp.c.1b29df71_0.trap.tar.zst) for testapp.link (516 of 1053)
[2026-08-05 04:33:26] Importing waitflags.h.b5a49ed3.trap (testapp.c.1b29df71_0.trap.tar.zst) for testapp.link (517 of 1053)
[2026-08-05 04:33:26] Importing waitstatus.h.af838d7a.trap (testapp.c.1b29df71_0.trap.tar.zst) for testapp.link (518 of 1053)
[2026-08-05 04:33:26] Importing wait.h.1f9f976a.trap (testapp.c.1b29df71_0.trap.tar.zst) for testapp.link (519 of 1053)
[2026-08-05 04:33:26] Importing stdlib.h.bdc9589e.trap (testapp.c.1b29df71_0.trap.tar.zst) for testapp.link (520 of 1053)
[2026-08-05 04:33:26] Importing unistd.h.e3313345.trap (testapp.c.1b29df71_0.trap.tar.zst) for testapp.link (521 of 1053)
[2026-08-05 04:33:26] Importing fcntl.h.ea10d47d.trap (testapp.c.1b29df71_0.trap.tar.zst) for testapp.link (522 of 1053)
[2026-08-05 04:33:26] Importing e_os2.h.dd74d20b.trap (testapp.c.1b29df71_0.trap.tar.zst) for testapp.link (523 of 1053)
[2026-08-05 04:33:26] Importing types.h.6728c590.trap (testapp.c.1b29df71_0.trap.tar.zst) for testapp.link (524 of 1053)
[2026-08-05 04:33:26] Importing testapp.c.1b29df71.trap (testapp.c.1b29df71_0.trap.tar.zst) for testapp.link (525 of 1053)
[2026-08-05 04:33:26] Importing memcached.h.818744bb.trap (thread.c.a7afc1f3_0.trap.tar.zst) for memcached-debug.link (526 of 1053)
[2026-08-05 04:33:26] Importing thread.c.a7afc1f3.trap (thread.c.a7afc1f3_0.trap.tar.zst) for memcached-debug.link (527 of 1053)
[2026-08-05 04:33:26] Importing memcached.h.f04c9203.trap (thread.c.cdf4c646_0.trap.tar.zst) for memcached.link (528 of 1053)
[2026-08-05 04:33:26] Importing thread.c.cdf4c646.trap (thread.c.cdf4c646_0.trap.tar.zst) for memcached.link (529 of 1053)
[2026-08-05 04:33:26] Importing sigevent_t.h.66432178.trap (timedrun.c.8aa71ee4_0.trap.tar.zst) for timedrun.link (530 of 1053)
[2026-08-05 04:33:26] Importing idtype_t.h.47c6d4dd.trap (timedrun.c.8aa71ee4_0.trap.tar.zst) for 2 link targets (531 of 1053)
[2026-08-05 04:33:26] Importing wait.h.7b8d4b3c.trap (timedrun.c.8aa71ee4_0.trap.tar.zst) for timedrun.link (532 of 1053)
[2026-08-05 04:33:26] Importing timedrun.c.8aa71ee4.trap (timedrun.c.8aa71ee4_0.trap.tar.zst) for timedrun.link (533 of 1053)
[2026-08-05 04:33:26] Importing tls.c.09400259.trap (tls.c.09400259_0.trap.tar.zst) for memcached-debug.link (534 of 1053)
[2026-08-05 04:33:26] Importing sysexits.h.2f554149.trap (tls.c.a7c36f8d_0.trap.tar.zst) for 3 link targets (535 of 1053)
[2026-08-05 04:33:26] Importing stddef.h.2525bcce.trap (tls.c.a7c36f8d_0.trap.tar.zst) for 2 link targets (536 of 1053)
[2026-08-05 04:33:26] Importing param.h.8d889eaf.trap (tls.c.a7c36f8d_0.trap.tar.zst) for 2 link targets (537 of 1053)
[2026-08-05 04:33:26] Importing param.h.42fca1ca.trap (tls.c.a7c36f8d_0.trap.tar.zst) for 2 link targets (538 of 1053)
[2026-08-05 04:33:26] Importing param.h.6e331da2.trap (tls.c.a7c36f8d_0.trap.tar.zst) for 2 link targets (539 of 1053)
[2026-08-05 04:33:26] Importing param.h.16e02adc.trap (tls.c.a7c36f8d_0.trap.tar.zst) for 2 link targets (540 of 1053)
[2026-08-05 04:33:26] Importing param.h.2224e891.trap (tls.c.a7c36f8d_0.trap.tar.zst) for 2 link targets (541 of 1053)
[2026-08-05 04:33:26] Importing configuration.h.2f3e85f7.trap (tls.c.a7c36f8d_0.trap.tar.zst) for 3 link targets (542 of 1053)
[2026-08-05 04:33:26] Importing opensslconf.h.dc16b584.trap (tls.c.a7c36f8d_0.trap.tar.zst) for 3 link targets (543 of 1053)
[2026-08-05 04:33:26] Importing opensslv.h.996cd72b.trap (tls.c.a7c36f8d_0.trap.tar.zst) for 3 link targets (544 of 1053)
[2026-08-05 04:33:26] Importing macros.h.be7c66f7.trap (tls.c.a7c36f8d_0.trap.tar.zst) for 3 link targets (545 of 1053)
[2026-08-05 04:33:26] Importing e_os2.h.08b958a9.trap (tls.c.a7c36f8d_0.trap.tar.zst) for 2 link targets (546 of 1053)
[2026-08-05 04:33:26] Importing e_ostime.h.7604cbdc.trap (tls.c.a7c36f8d_0.trap.tar.zst) for 3 link targets (547 of 1053)
[2026-08-05 04:33:26] Importing stack.h.0b5fd1f9.trap (tls.c.a7c36f8d_0.trap.tar.zst) for 3 link targets (548 of 1053)
[2026-08-05 04:33:26] Importing safestack.h.b8739970.trap (tls.c.a7c36f8d_0.trap.tar.zst) for 3 link targets (549 of 1053)
[2026-08-05 04:33:26] Importing types.h.dc0bab5a.trap (tls.c.a7c36f8d_0.trap.tar.zst) for 2 link targets (550 of 1053)
[2026-08-05 04:33:26] Importing symhacks.h.dd666436.trap (tls.c.a7c36f8d_0.trap.tar.zst) for 3 link targets (551 of 1053)
[2026-08-05 04:33:26] Importing cryptoerr_legacy.h.ef9b1eb6.trap (tls.c.a7c36f8d_0.trap.tar.zst) for 3 link targets (552 of 1053)
[2026-08-05 04:33:26] Importing cryptoerr.h.57cf623d.trap (tls.c.a7c36f8d_0.trap.tar.zst) for 3 link targets (553 of 1053)
[2026-08-05 04:33:26] Importing types.h.876a7850.trap (tls.c.a7c36f8d_0.trap.tar.zst) for 3 link targets (554 of 1053)
[2026-08-05 04:33:26] Importing core.h.370fc1ff.trap (tls.c.a7c36f8d_0.trap.tar.zst) for 3 link targets (555 of 1053)
[2026-08-05 04:33:26] Importing crypto.h.fa32c710.trap (tls.c.a7c36f8d_0.trap.tar.zst) for 3 link targets (556 of 1053)
[2026-08-05 04:33:26] Importing comperr.h.6db22994.trap (tls.c.a7c36f8d_0.trap.tar.zst) for 3 link targets (557 of 1053)
[2026-08-05 04:33:26] Importing comp.h.c850a6a0.trap (tls.c.a7c36f8d_0.trap.tar.zst) for 3 link targets (558 of 1053)
[2026-08-05 04:33:26] Importing bioerr.h.57cf623d.trap (tls.c.a7c36f8d_0.trap.tar.zst) for 3 link targets (559 of 1053)
[2026-08-05 04:33:26] Importing bio.h.5c58ddbe.trap (tls.c.a7c36f8d_0.trap.tar.zst) for 3 link targets (560 of 1053)
[2026-08-05 04:33:26] Importing buffererr.h.57cf623d.trap (tls.c.a7c36f8d_0.trap.tar.zst) for 3 link targets (561 of 1053)
[2026-08-05 04:33:26] Importing buffer.h.fe66b07a.trap (tls.c.a7c36f8d_0.trap.tar.zst) for 3 link targets (562 of 1053)
[2026-08-05 04:33:26] Importing bnerr.h.57cf623d.trap (tls.c.a7c36f8d_0.trap.tar.zst) for 3 link targets (563 of 1053)
[2026-08-05 04:33:26] Importing bn.h.96a107d2.trap (tls.c.a7c36f8d_0.trap.tar.zst) for 3 link targets (564 of 1053)
[2026-08-05 04:33:26] Importing params.h.e5c7e6ca.trap (tls.c.a7c36f8d_0.trap.tar.zst) for 3 link targets (565 of 1053)
[2026-08-05 04:33:26] Importing indicator.h.b179dcd4.trap (tls.c.a7c36f8d_0.trap.tar.zst) for 3 link targets (566 of 1053)
[2026-08-05 04:33:26] Importing core_dispatch.h.77544e78.trap (tls.c.a7c36f8d_0.trap.tar.zst) for 3 link targets (567 of 1053)
[2026-08-05 04:33:26] Importing evperr.h.57cf623d.trap (tls.c.a7c36f8d_0.trap.tar.zst) for 3 link targets (568 of 1053)
[2026-08-05 04:33:26] Importing obj_mac.h.2d39d290.trap (tls.c.a7c36f8d_0.trap.tar.zst) for 3 link targets (569 of 1053)
[2026-08-05 04:33:26] Importing asn1err.h.57cf623d.trap (tls.c.a7c36f8d_0.trap.tar.zst) for 3 link targets (570 of 1053)
[2026-08-05 04:33:26] Importing asn1.h.460e7043.trap (tls.c.a7c36f8d_0.trap.tar.zst) for 3 link targets (571 of 1053)
[2026-08-05 04:33:26] Importing objectserr.h.57cf623d.trap (tls.c.a7c36f8d_0.trap.tar.zst) for 3 link targets (572 of 1053)
[2026-08-05 04:33:26] Importing objects.h.c596d8a3.trap (tls.c.a7c36f8d_0.trap.tar.zst) for 3 link targets (573 of 1053)
[2026-08-05 04:33:26] Importing evp.h.8876aaec.trap (tls.c.a7c36f8d_0.trap.tar.zst) for 3 link targets (574 of 1053)
[2026-08-05 04:33:26] Importing ecerr.h.6db22994.trap (tls.c.a7c36f8d_0.trap.tar.zst) for 3 link targets (575 of 1053)
[2026-08-05 04:33:26] Importing ec.h.a3c929c7.trap (tls.c.a7c36f8d_0.trap.tar.zst) for 3 link targets (576 of 1053)
[2026-08-05 04:33:26] Importing rsaerr.h.57cf623d.trap (tls.c.a7c36f8d_0.trap.tar.zst) for 3 link targets (577 of 1053)
[2026-08-05 04:33:26] Importing rsa.h.3e0740e6.trap (tls.c.a7c36f8d_0.trap.tar.zst) for 3 link targets (578 of 1053)
[2026-08-05 04:33:26] Importing dherr.h.6db22994.trap (tls.c.a7c36f8d_0.trap.tar.zst) for 3 link targets (579 of 1053)
[2026-08-05 04:33:26] Importing dh.h.52e70f18.trap (tls.c.a7c36f8d_0.trap.tar.zst) for 3 link targets (580 of 1053)
[2026-08-05 04:33:26] Importing dsaerr.h.6db22994.trap (tls.c.a7c36f8d_0.trap.tar.zst) for 3 link targets (581 of 1053)
[2026-08-05 04:33:26] Importing dsa.h.7974073b.trap (tls.c.a7c36f8d_0.trap.tar.zst) for 3 link targets (582 of 1053)
[2026-08-05 04:33:26] Importing sha.h.c4b94a2f.trap (tls.c.a7c36f8d_0.trap.tar.zst) for 3 link targets (583 of 1053)
[2026-08-05 04:33:26] Importing x509err.h.57cf623d.trap (tls.c.a7c36f8d_0.trap.tar.zst) for 3 link targets (584 of 1053)
[2026-08-05 04:33:26] Importing lhash.h.e58ce9a8.trap (tls.c.a7c36f8d_0.trap.tar.zst) for 3 link targets (585 of 1053)
[2026-08-05 04:33:26] Importing x509_vfy.h.dc961b49.trap (tls.c.a7c36f8d_0.trap.tar.zst) for 3 link targets (586 of 1053)
[2026-08-05 04:33:26] Importing pkcs7err.h.57cf623d.trap (tls.c.a7c36f8d_0.trap.tar.zst) for 3 link targets (587 of 1053)
[2026-08-05 04:33:26] Importing pkcs7.h.14761784.trap (tls.c.a7c36f8d_0.trap.tar.zst) for 3 link targets (588 of 1053)
[2026-08-05 04:33:26] Importing conferr.h.57cf623d.trap (tls.c.a7c36f8d_0.trap.tar.zst) for 3 link targets (589 of 1053)
[2026-08-05 04:33:26] Importing conftypes.h.f95d9984.trap (tls.c.a7c36f8d_0.trap.tar.zst) for 3 link targets (590 of 1053)
[2026-08-05 04:33:26] Importing conf.h.0c48f338.trap (tls.c.a7c36f8d_0.trap.tar.zst) for 3 link targets (591 of 1053)
[2026-08-05 04:33:26] Importing http.h.b1e4c91a.trap (tls.c.a7c36f8d_0.trap.tar.zst) for 3 link targets (592 of 1053)
[2026-08-05 04:33:26] Importing x509.h.9caa6653.trap (tls.c.a7c36f8d_0.trap.tar.zst) for 3 link targets (593 of 1053)
[2026-08-05 04:33:26] Importing pemerr.h.57cf623d.trap (tls.c.a7c36f8d_0.trap.tar.zst) for 3 link targets (594 of 1053)
[2026-08-05 04:33:26] Importing pem.h.d1d7ff23.trap (tls.c.a7c36f8d_0.trap.tar.zst) for 3 link targets (595 of 1053)
[2026-08-05 04:33:26] Importing hmac.h.5632e630.trap (tls.c.a7c36f8d_0.trap.tar.zst) for 3 link targets (596 of 1053)
[2026-08-05 04:33:26] Importing asyncerr.h.57cf623d.trap (tls.c.a7c36f8d_0.trap.tar.zst) for 3 link targets (597 of 1053)
[2026-08-05 04:33:26] Importing async.h.ab610537.trap (tls.c.a7c36f8d_0.trap.tar.zst) for 3 link targets (598 of 1053)
[2026-08-05 04:33:26] Importing cterr.h.6db22994.trap (tls.c.a7c36f8d_0.trap.tar.zst) for 3 link targets (599 of 1053)
[2026-08-05 04:33:26] Importing ct.h.f60965d8.trap (tls.c.a7c36f8d_0.trap.tar.zst) for 3 link targets (600 of 1053)
[2026-08-05 04:33:26] Importing sslerr_legacy.h.8dde37be.trap (tls.c.a7c36f8d_0.trap.tar.zst) for 3 link targets (601 of 1053)
[2026-08-05 04:33:26] Importing sslerr.h.3b681a81.trap (tls.c.a7c36f8d_0.trap.tar.zst) for 3 link targets (602 of 1053)
[2026-08-05 04:33:26] Importing prov_ssl.h.15e960b6.trap (tls.c.a7c36f8d_0.trap.tar.zst) for 3 link targets (603 of 1053)
[2026-08-05 04:33:26] Importing ssl2.h.9ae15a7f.trap (tls.c.a7c36f8d_0.trap.tar.zst) for 3 link targets (604 of 1053)
[2026-08-05 04:33:26] Importing ssl3.h.ca509b1b.trap (tls.c.a7c36f8d_0.trap.tar.zst) for 3 link targets (605 of 1053)
[2026-08-05 04:33:26] Importing tls1.h.2677d359.trap (tls.c.a7c36f8d_0.trap.tar.zst) for 3 link targets (606 of 1053)
[2026-08-05 04:33:26] Importing dtls1.h.9a0a6eed.trap (tls.c.a7c36f8d_0.trap.tar.zst) for 3 link targets (607 of 1053)
[2026-08-05 04:33:26] Importing srtp.h.1b57f6f3.trap (tls.c.a7c36f8d_0.trap.tar.zst) for 3 link targets (608 of 1053)
[2026-08-05 04:33:26] Importing quic.h.384b7ba3.trap (tls.c.a7c36f8d_0.trap.tar.zst) for 3 link targets (609 of 1053)
[2026-08-05 04:33:26] Importing ssl.h.4ba9377b.trap (tls.c.a7c36f8d_0.trap.tar.zst) for 3 link targets (610 of 1053)
[2026-08-05 04:33:26] Importing err.h.f5e1abc8.trap (tls.c.a7c36f8d_0.trap.tar.zst) for 2 link targets (611 of 1053)
[2026-08-05 04:33:26] Importing tls.c.a7c36f8d.trap (tls.c.a7c36f8d_0.trap.tar.zst) for memcached.link (612 of 1053)
[2026-08-05 04:33:26] Importing util.c.5f059e8c.trap (util.c.5f059e8c_0.trap.tar.zst) for 2 link targets (613 of 1053)
[2026-08-05 04:33:26] Importing util.c.604a75f7.trap (util.c.604a75f7_0.trap.tar.zst) for memcached.link (614 of 1053)
[2026-08-05 04:33:26] Importing stddef.h.82492f03.trap (lapi.c.37cea28f_0.trap.tar.zst) for 4 link targets (615 of 1053)
[2026-08-05 04:33:26] Importing stddef.h.48a608a3.trap (lapi.c.37cea28f_0.trap.tar.zst) for 4 link targets (616 of 1053)
[2026-08-05 04:33:26] Importing luaconf.h.ef680e26.trap (lapi.c.37cea28f_0.trap.tar.zst) for 4 link targets (617 of 1053)
[2026-08-05 04:33:26] Importing lundump.h.ddefd8d2.trap (lapi.c.37cea28f_0.trap.tar.zst) for 4 link targets (618 of 1053)
[2026-08-05 04:33:26] Importing lapi.c.37cea28f.trap (lapi.c.37cea28f_0.trap.tar.zst) for 4 link targets (619 of 1053)
[2026-08-05 04:33:26] Importing errno-base.h.a0e04724.trap (lauxlib.c.787695e0_0.trap.tar.zst) for 4 link targets (620 of 1053)
[2026-08-05 04:33:26] Importing errno.h.83dfbb8e.trap (lauxlib.c.787695e0_0.trap.tar.zst) for 4 link targets (621 of 1053)
[2026-08-05 04:33:26] Importing errno.h.fa538d6b.trap (lauxlib.c.787695e0_0.trap.tar.zst) for 4 link targets (622 of 1053)
[2026-08-05 04:33:26] Importing errno.h.c8476942.trap (lauxlib.c.787695e0_0.trap.tar.zst) for 4 link targets (623 of 1053)
[2026-08-05 04:33:26] Importing errno.h.a2b4523c.trap (lauxlib.c.787695e0_0.trap.tar.zst) for 4 link targets (624 of 1053)
[2026-08-05 04:33:26] Importing errno.h.95e6e89d.trap (lauxlib.c.787695e0_0.trap.tar.zst) for 4 link targets (625 of 1053)
[2026-08-05 04:33:26] Importing luaconf.h.b0ebd502.trap (lauxlib.c.787695e0_0.trap.tar.zst) for 4 link targets (626 of 1053)
[2026-08-05 04:33:26] Importing struct_timeval.h.7628e2c5.trap (lauxlib.c.787695e0_0.trap.tar.zst) for 4 link targets (627 of 1053)
[2026-08-05 04:33:26] Importing struct_rusage.h.e4e7b0d6.trap (lauxlib.c.787695e0_0.trap.tar.zst) for 4 link targets (628 of 1053)
[2026-08-05 04:33:26] Importing idtype_t.h.af4344be.trap (lauxlib.c.787695e0_0.trap.tar.zst) for 4 link targets (629 of 1053)
[2026-08-05 04:33:26] Importing wait.h.fa5c3bd1.trap (lauxlib.c.787695e0_0.trap.tar.zst) for 4 link targets (630 of 1053)
[2026-08-05 04:33:26] Importing lauxlib.c.787695e0.trap (lauxlib.c.787695e0_0.trap.tar.zst) for 4 link targets (631 of 1053)
[2026-08-05 04:33:26] Importing ctype.h.6286cbea.trap (lbaselib.c.45bbbff9_0.trap.tar.zst) for 4 link targets (632 of 1053)
[2026-08-05 04:33:26] Importing luaconf.h.e716ed6a.trap (lbaselib.c.45bbbff9_0.trap.tar.zst) for 4 link targets (633 of 1053)
[2026-08-05 04:33:26] Importing lauxlib.h.d70251c7.trap (lbaselib.c.45bbbff9_0.trap.tar.zst) for 4 link targets (634 of 1053)
[2026-08-05 04:33:26] Importing lualib.h.ceaa4042.trap (lbaselib.c.45bbbff9_0.trap.tar.zst) for 4 link targets (635 of 1053)
[2026-08-05 04:33:26] Importing lbaselib.c.45bbbff9.trap (lbaselib.c.45bbbff9_0.trap.tar.zst) for 4 link targets (636 of 1053)
[2026-08-05 04:33:26] Importing libc-header-start.h.81ebf554.trap (lcode.c.b45338d8_0.trap.tar.zst) for 4 link targets (637 of 1053)
[2026-08-05 04:33:26] Importing libm-simd-decl-stubs.h.28d19399.trap (lcode.c.b45338d8_0.trap.tar.zst) for 4 link targets (638 of 1053)
[2026-08-05 04:33:26] Importing math-vector.h.9754f1cd.trap (lcode.c.b45338d8_0.trap.tar.zst) for 4 link targets (639 of 1053)
[2026-08-05 04:33:26] Importing floatn-common.h.badf0a8b.trap (lcode.c.b45338d8_0.trap.tar.zst) for 4 link targets (640 of 1053)
[2026-08-05 04:33:26] Importing floatn.h.97a7944d.trap (lcode.c.b45338d8_0.trap.tar.zst) for 4 link targets (641 of 1053)
[2026-08-05 04:33:26] Importing flt-eval-method.h.27eaa5f8.trap (lcode.c.b45338d8_0.trap.tar.zst) for 4 link targets (642 of 1053)
[2026-08-05 04:33:26] Importing fp-logb.h.c340141e.trap (lcode.c.b45338d8_0.trap.tar.zst) for 4 link targets (643 of 1053)
[2026-08-05 04:33:26] Importing fp-fast.h.30c92367.trap (lcode.c.b45338d8_0.trap.tar.zst) for 4 link targets (644 of 1053)
[2026-08-05 04:33:26] Importing mathcalls-macros.h.314b265d.trap (lcode.c.b45338d8_0.trap.tar.zst) for 4 link targets (645 of 1053)
[2026-08-05 04:33:26] Importing mathcalls-helper-functions.h.3fe5e983.trap (lcode.c.b45338d8_0.trap.tar.zst) for 4 link targets (646 of 1053)
[2026-08-05 04:33:26] Importing mathcalls.h.db3417cf.trap (lcode.c.b45338d8_0.trap.tar.zst) for 4 link targets (647 of 1053)
[2026-08-05 04:33:26] Importing mathcalls-helper-functions.h.77e9d334.trap (lcode.c.b45338d8_0.trap.tar.zst) for 4 link targets (648 of 1053)
[2026-08-05 04:33:26] Importing mathcalls.h.841c14d4.trap (lcode.c.b45338d8_0.trap.tar.zst) for 4 link targets (649 of 1053)
[2026-08-05 04:33:26] Importing mathcalls-helper-functions.h.02d0f2e1.trap (lcode.c.b45338d8_0.trap.tar.zst) for 4 link targets (650 of 1053)
[2026-08-05 04:33:26] Importing mathcalls.h.7c7a9399.trap (lcode.c.b45338d8_0.trap.tar.zst) for 4 link targets (651 of 1053)
[2026-08-05 04:33:26] Importing mathcalls-helper-functions.h.60465cc3.trap (lcode.c.b45338d8_0.trap.tar.zst) for 4 link targets (652 of 1053)
[2026-08-05 04:33:26] Importing math.h.86b60b77.trap (lcode.c.b45338d8_0.trap.tar.zst) for 4 link targets (653 of 1053)
[2026-08-05 04:33:26] Importing libc-header-start.h.00b162f9.trap (lcode.c.b45338d8_0.trap.tar.zst) for 4 link targets (654 of 1053)
[2026-08-05 04:33:26] Importing stddef.h.29f045fd.trap (lcode.c.b45338d8_0.trap.tar.zst) for 4 link targets (655 of 1053)
[2026-08-05 04:33:26] Importing waitflags.h.6e5406be.trap (lcode.c.b45338d8_0.trap.tar.zst) for 4 link targets (656 of 1053)
[2026-08-05 04:33:26] Importing waitstatus.h.7c7ced5b.trap (lcode.c.b45338d8_0.trap.tar.zst) for 4 link targets (657 of 1053)
[2026-08-05 04:33:26] Importing clock_t.h.c296bc9e.trap (lcode.c.b45338d8_0.trap.tar.zst) for 4 link targets (658 of 1053)
[2026-08-05 04:33:26] Importing clockid_t.h.38aae913.trap (lcode.c.b45338d8_0.trap.tar.zst) for 4 link targets (659 of 1053)
[2026-08-05 04:33:26] Importing timer_t.h.d7ed8ef8.trap (lcode.c.b45338d8_0.trap.tar.zst) for 4 link targets (660 of 1053)
[2026-08-05 04:33:26] Importing stddef.h.caeb776a.trap (lcode.c.b45338d8_0.trap.tar.zst) for 4 link targets (661 of 1053)
[2026-08-05 04:33:26] Importing pthreadtypes.h.d3f4fd72.trap (lcode.c.b45338d8_0.trap.tar.zst) for 4 link targets (662 of 1053)
[2026-08-05 04:33:26] Importing types.h.5a031854.trap (lcode.c.b45338d8_0.trap.tar.zst) for 4 link targets (663 of 1053)
[2026-08-05 04:33:26] Importing stdlib-bsearch.h.51dae73c.trap (lcode.c.b45338d8_0.trap.tar.zst) for 4 link targets (664 of 1053)
[2026-08-05 04:33:26] Importing stdlib-float.h.2f45d58b.trap (lcode.c.b45338d8_0.trap.tar.zst) for 4 link targets (665 of 1053)
[2026-08-05 04:33:26] Importing stdlib.h.1cb8dcbe.trap (lcode.c.b45338d8_0.trap.tar.zst) for 4 link targets (666 of 1053)
[2026-08-05 04:33:26] Importing stdlib.h.3784964b.trap (lcode.c.b45338d8_0.trap.tar.zst) for 4 link targets (667 of 1053)
[2026-08-05 04:33:26] Importing stddef.h.ab60a017.trap (lcode.c.b45338d8_0.trap.tar.zst) for 4 link targets (668 of 1053)
[2026-08-05 04:33:26] Importing luaconf.h.43dbc95f.trap (lcode.c.b45338d8_0.trap.tar.zst) for 4 link targets (669 of 1053)
[2026-08-05 04:33:26] Importing sigevent_t.h.1009c1c4.trap (lcode.c.b45338d8_0.trap.tar.zst) for 4 link targets (670 of 1053)
[2026-08-05 04:33:26] Importing signal.h.e086c20c.trap (lcode.c.b45338d8_0.trap.tar.zst) for 4 link targets (671 of 1053)
[2026-08-05 04:33:26] Importing lcode.c.b45338d8.trap (lcode.c.b45338d8_0.trap.tar.zst) for 4 link targets (672 of 1053)
[2026-08-05 04:33:27] Importing luaconf.h.e9e33d39.trap (lcorolib.c.548d69f7_0.trap.tar.zst) for 4 link targets (673 of 1053)
[2026-08-05 04:33:27] Importing stddef.h.f8617f09.trap (lcorolib.c.548d69f7_0.trap.tar.zst) for 4 link targets (674 of 1053)
[2026-08-05 04:33:27] Importing stdio.h.b03e3488.trap (lcorolib.c.548d69f7_0.trap.tar.zst) for 4 link targets (675 of 1053)
[2026-08-05 04:33:27] Importing lcorolib.c.548d69f7.trap (lcorolib.c.548d69f7_0.trap.tar.zst) for 4 link targets (676 of 1053)
[2026-08-05 04:33:27] Importing cpp_predefined.acb19af8.trap (lctype.c.94f0b544_0.trap.tar.zst) for no link target (677 of 1053)
[2026-08-05 04:33:27] Importing lprefix.h.2f009b82.trap (lctype.c.94f0b544_0.trap.tar.zst) for 4 link targets (678 of 1053)
[2026-08-05 04:33:27] Importing stdarg.h.f99afd32.trap (lctype.c.94f0b544_0.trap.tar.zst) for 4 link targets (679 of 1053)
[2026-08-05 04:33:27] Importing stddef.h.16239c79.trap (lctype.c.94f0b544_0.trap.tar.zst) for 4 link targets (680 of 1053)
[2026-08-05 04:33:27] Importing wordsize.h.733b4261.trap (lctype.c.94f0b544_0.trap.tar.zst) for 4 link targets (681 of 1053)
[2026-08-05 04:33:27] Importing timesize.h.e1caa3a1.trap (lctype.c.94f0b544_0.trap.tar.zst) for 4 link targets (682 of 1053)
[2026-08-05 04:33:27] Importing features-time64.h.d2f99668.trap (lctype.c.94f0b544_0.trap.tar.zst) for 4 link targets (683 of 1053)
[2026-08-05 04:33:27] Importing stdc-predef.h.a7d937e3.trap (lctype.c.94f0b544_0.trap.tar.zst) for 4 link targets (684 of 1053)
[2026-08-05 04:33:27] Importing long-double.h.314b265d.trap (lctype.c.94f0b544_0.trap.tar.zst) for 4 link targets (685 of 1053)
[2026-08-05 04:33:27] Importing cdefs.h.88c5ce56.trap (lctype.c.94f0b544_0.trap.tar.zst) for 4 link targets (686 of 1053)
[2026-08-05 04:33:27] Importing stubs-64.h.a7d937e3.trap (lctype.c.94f0b544_0.trap.tar.zst) for 4 link targets (687 of 1053)
[2026-08-05 04:33:27] Importing stubs.h.3b5f42a6.trap (lctype.c.94f0b544_0.trap.tar.zst) for 4 link targets (688 of 1053)
[2026-08-05 04:33:27] Importing features.h.94db026b.trap (lctype.c.94f0b544_0.trap.tar.zst) for 4 link targets (689 of 1053)
[2026-08-05 04:33:27] Importing libc-header-start.h.8a1dc9d7.trap (lctype.c.94f0b544_0.trap.tar.zst) for 4 link targets (690 of 1053)
[2026-08-05 04:33:27] Importing limits.h.a0e04724.trap (lctype.c.94f0b544_0.trap.tar.zst) for 4 link targets (691 of 1053)
[2026-08-05 04:33:27] Importing pthread_stack_min.h.314b265d.trap (lctype.c.94f0b544_0.trap.tar.zst) for 4 link targets (692 of 1053)
[2026-08-05 04:33:27] Importing pthread_stack_min-dynamic.h.839077fb.trap (lctype.c.94f0b544_0.trap.tar.zst) for 4 link targets (693 of 1053)
[2026-08-05 04:33:27] Importing local_lim.h.1136a550.trap (lctype.c.94f0b544_0.trap.tar.zst) for 4 link targets (694 of 1053)
[2026-08-05 04:33:27] Importing posix1_lim.h.a9cf1890.trap (lctype.c.94f0b544_0.trap.tar.zst) for 4 link targets (695 of 1053)
[2026-08-05 04:33:27] Importing posix2_lim.h.0ddf5eb7.trap (lctype.c.94f0b544_0.trap.tar.zst) for 4 link targets (696 of 1053)
[2026-08-05 04:33:27] Importing uio_lim.h.a0e04724.trap (lctype.c.94f0b544_0.trap.tar.zst) for 4 link targets (697 of 1053)
[2026-08-05 04:33:27] Importing xopen_lim.h.6ce49495.trap (lctype.c.94f0b544_0.trap.tar.zst) for 4 link targets (698 of 1053)
[2026-08-05 04:33:27] Importing limits.h.1395b787.trap (lctype.c.94f0b544_0.trap.tar.zst) for 4 link targets (699 of 1053)
[2026-08-05 04:33:27] Importing limits.h.96e87ec0.trap (lctype.c.94f0b544_0.trap.tar.zst) for 4 link targets (700 of 1053)
[2026-08-05 04:33:27] Importing syslimits.h.b9da065c.trap (lctype.c.94f0b544_0.trap.tar.zst) for 4 link targets (701 of 1053)
[2026-08-05 04:33:27] Importing limits.h.6e579dc2.trap (lctype.c.94f0b544_0.trap.tar.zst) for 4 link targets (702 of 1053)
[2026-08-05 04:33:27] Importing stddef.h.c0b54480.trap (lctype.c.94f0b544_0.trap.tar.zst) for 4 link targets (703 of 1053)
[2026-08-05 04:33:27] Importing libc-header-start.h.cee069e5.trap (lctype.c.94f0b544_0.trap.tar.zst) for 4 link targets (704 of 1053)
[2026-08-05 04:33:27] Importing typesizes.h.d9ed9882.trap (lctype.c.94f0b544_0.trap.tar.zst) for 4 link targets (705 of 1053)
[2026-08-05 04:33:27] Importing time64.h.f9d554cf.trap (lctype.c.94f0b544_0.trap.tar.zst) for 4 link targets (706 of 1053)
[2026-08-05 04:33:27] Importing types.h.0d2dd95d.trap (lctype.c.94f0b544_0.trap.tar.zst) for 4 link targets (707 of 1053)
[2026-08-05 04:33:27] Importing wchar.h.b5b9c92d.trap (lctype.c.94f0b544_0.trap.tar.zst) for 4 link targets (708 of 1053)
[2026-08-05 04:33:27] Importing stdint-intn.h.2f917f6e.trap (lctype.c.94f0b544_0.trap.tar.zst) for 4 link targets (709 of 1053)
[2026-08-05 04:33:27] Importing stdint-uintn.h.264189aa.trap (lctype.c.94f0b544_0.trap.tar.zst) for 4 link targets (710 of 1053)
[2026-08-05 04:33:27] Importing stdint-least.h.ceb18d31.trap (lctype.c.94f0b544_0.trap.tar.zst) for 4 link targets (711 of 1053)
[2026-08-05 04:33:27] Importing stdint.h.298cc7a2.trap (lctype.c.94f0b544_0.trap.tar.zst) for 4 link targets (712 of 1053)
[2026-08-05 04:33:27] Importing stdint.h.86a998fe.trap (lctype.c.94f0b544_0.trap.tar.zst) for 4 link targets (713 of 1053)
[2026-08-05 04:33:27] Importing luaconf.h.8ecaa135.trap (lctype.c.94f0b544_0.trap.tar.zst) for 4 link targets (714 of 1053)
[2026-08-05 04:33:27] Importing lua.h.c2416068.trap (lctype.c.94f0b544_0.trap.tar.zst) for 4 link targets (715 of 1053)
[2026-08-05 04:33:27] Importing limits.h.e0a319a1.trap (lctype.c.94f0b544_0.trap.tar.zst) for 4 link targets (716 of 1053)
[2026-08-05 04:33:27] Importing llimits.h.5d62d06a.trap (lctype.c.94f0b544_0.trap.tar.zst) for 4 link targets (717 of 1053)
[2026-08-05 04:33:27] Importing lctype.h.bf6552e3.trap (lctype.c.94f0b544_0.trap.tar.zst) for 4 link targets (718 of 1053)
[2026-08-05 04:33:27] Importing lctype.c.94f0b544.trap (lctype.c.94f0b544_0.trap.tar.zst) for 4 link targets (719 of 1053)
[2026-08-05 04:33:27] Importing luaconf.h.25f24819.trap (ldblib.c.c82a4fb3_0.trap.tar.zst) for 4 link targets (720 of 1053)
[2026-08-05 04:33:27] Importing ldblib.c.c82a4fb3.trap (ldblib.c.c82a4fb3_0.trap.tar.zst) for 4 link targets (721 of 1053)
[2026-08-05 04:33:27] Importing libc-header-start.h.f607dc7a.trap (ldebug.c.c665f1db_0.trap.tar.zst) for 4 link targets (722 of 1053)
[2026-08-05 04:33:27] Importing stddef.h.a5dc59cb.trap (ldebug.c.c665f1db_0.trap.tar.zst) for 4 link targets (723 of 1053)
[2026-08-05 04:33:27] Importing string_fortified.h.1d865dbe.trap (ldebug.c.c665f1db_0.trap.tar.zst) for 4 link targets (724 of 1053)
[2026-08-05 04:33:27] Importing string.h.d52ef39a.trap (ldebug.c.c665f1db_0.trap.tar.zst) for 4 link targets (725 of 1053)
[2026-08-05 04:33:27] Importing luaconf.h.fd8ab36b.trap (ldebug.c.c665f1db_0.trap.tar.zst) for 4 link targets (726 of 1053)
[2026-08-05 04:33:27] Importing lua.h.cab7c599.trap (ldebug.c.c665f1db_0.trap.tar.zst) for 4 link targets (727 of 1053)
[2026-08-05 04:33:27] Importing lobject.h.d7eab18e.trap (ldebug.c.c665f1db_0.trap.tar.zst) for 4 link targets (728 of 1053)
[2026-08-05 04:33:27] Importing ltm.h.58c1dc40.trap (ldebug.c.c665f1db_0.trap.tar.zst) for 4 link targets (729 of 1053)
[2026-08-05 04:33:27] Importing lmem.h.f4fe7449.trap (ldebug.c.c665f1db_0.trap.tar.zst) for 4 link targets (730 of 1053)
[2026-08-05 04:33:27] Importing lzio.h.f8b63b4f.trap (ldebug.c.c665f1db_0.trap.tar.zst) for 4 link targets (731 of 1053)
[2026-08-05 04:33:27] Importing signum-arch.h.5f2b9b7d.trap (ldebug.c.c665f1db_0.trap.tar.zst) for 4 link targets (732 of 1053)
[2026-08-05 04:33:27] Importing signum-generic.h.572363c5.trap (ldebug.c.c665f1db_0.trap.tar.zst) for 4 link targets (733 of 1053)
[2026-08-05 04:33:27] Importing sig_atomic_t.h.e954bc98.trap (ldebug.c.c665f1db_0.trap.tar.zst) for 4 link targets (734 of 1053)
[2026-08-05 04:33:27] Importing __sigset_t.h.258a45e8.trap (ldebug.c.c665f1db_0.trap.tar.zst) for 4 link targets (735 of 1053)
[2026-08-05 04:33:27] Importing sigset_t.h.a464d5d3.trap (ldebug.c.c665f1db_0.trap.tar.zst) for 4 link targets (736 of 1053)
[2026-08-05 04:33:27] Importing endianness.h.fa8e636e.trap (ldebug.c.c665f1db_0.trap.tar.zst) for 4 link targets (737 of 1053)
[2026-08-05 04:33:27] Importing endian.h.82564a91.trap (ldebug.c.c665f1db_0.trap.tar.zst) for 4 link targets (738 of 1053)
[2026-08-05 04:33:27] Importing time_t.h.42f37cb3.trap (ldebug.c.c665f1db_0.trap.tar.zst) for 4 link targets (739 of 1053)
[2026-08-05 04:33:27] Importing struct_timespec.h.9c93b556.trap (ldebug.c.c665f1db_0.trap.tar.zst) for 4 link targets (740 of 1053)
[2026-08-05 04:33:27] Importing __sigval_t.h.e10eb326.trap (ldebug.c.c665f1db_0.trap.tar.zst) for 4 link targets (741 of 1053)
[2026-08-05 04:33:27] Importing siginfo-arch.h.80809361.trap (ldebug.c.c665f1db_0.trap.tar.zst) for 4 link targets (742 of 1053)
[2026-08-05 04:33:27] Importing siginfo_t.h.9f5f9e51.trap (ldebug.c.c665f1db_0.trap.tar.zst) for 4 link targets (743 of 1053)
[2026-08-05 04:33:27] Importing siginfo-consts.h.1099c5a3.trap (ldebug.c.c665f1db_0.trap.tar.zst) for 4 link targets (744 of 1053)
[2026-08-05 04:33:27] Importing sigevent_t.h.24b74e8e.trap (ldebug.c.c665f1db_0.trap.tar.zst) for 4 link targets (745 of 1053)
[2026-08-05 04:33:27] Importing sigevent-consts.h.1a275620.trap (ldebug.c.c665f1db_0.trap.tar.zst) for 4 link targets (746 of 1053)
[2026-08-05 04:33:27] Importing sigaction.h.5cf2f8de.trap (ldebug.c.c665f1db_0.trap.tar.zst) for 4 link targets (747 of 1053)
[2026-08-05 04:33:27] Importing stddef.h.8ea07988.trap (ldebug.c.c665f1db_0.trap.tar.zst) for 4 link targets (748 of 1053)
[2026-08-05 04:33:27] Importing stddef.h.48ff7f27.trap (ldebug.c.c665f1db_0.trap.tar.zst) for 4 link targets (749 of 1053)
[2026-08-05 04:33:27] Importing stack_t.h.d2c5f475.trap (ldebug.c.c665f1db_0.trap.tar.zst) for 4 link targets (750 of 1053)
[2026-08-05 04:33:27] Importing ucontext.h.14d24423.trap (ldebug.c.c665f1db_0.trap.tar.zst) for 4 link targets (751 of 1053)
[2026-08-05 04:33:27] Importing sigstack.h.8bd2fea9.trap (ldebug.c.c665f1db_0.trap.tar.zst) for 4 link targets (752 of 1053)
[2026-08-05 04:33:27] Importing sigstksz.h.2e404a72.trap (ldebug.c.c665f1db_0.trap.tar.zst) for 4 link targets (753 of 1053)
[2026-08-05 04:33:27] Importing ss_flags.h.8daa1416.trap (ldebug.c.c665f1db_0.trap.tar.zst) for 4 link targets (754 of 1053)
[2026-08-05 04:33:27] Importing struct_sigstack.h.b385f845.trap (ldebug.c.c665f1db_0.trap.tar.zst) for 4 link targets (755 of 1053)
[2026-08-05 04:33:27] Importing pthreadtypes-arch.h.b0c3198b.trap (ldebug.c.c665f1db_0.trap.tar.zst) for 4 link targets (756 of 1053)
[2026-08-05 04:33:27] Importing atomic_wide_counter.h.8990633d.trap (ldebug.c.c665f1db_0.trap.tar.zst) for 4 link targets (757 of 1053)
[2026-08-05 04:33:27] Importing struct_mutex.h.6be97814.trap (ldebug.c.c665f1db_0.trap.tar.zst) for 4 link targets (758 of 1053)
[2026-08-05 04:33:27] Importing struct_rwlock.h.bda7134e.trap (ldebug.c.c665f1db_0.trap.tar.zst) for 4 link targets (759 of 1053)
[2026-08-05 04:33:27] Importing thread-shared-types.h.3fc9d957.trap (ldebug.c.c665f1db_0.trap.tar.zst) for 4 link targets (760 of 1053)
[2026-08-05 04:33:27] Importing pthreadtypes.h.d312b234.trap (ldebug.c.c665f1db_0.trap.tar.zst) for 4 link targets (761 of 1053)
[2026-08-05 04:33:27] Importing sigthread.h.fbdc4527.trap (ldebug.c.c665f1db_0.trap.tar.zst) for 4 link targets (762 of 1053)
[2026-08-05 04:33:27] Importing signal_ext.h.69f14f65.trap (ldebug.c.c665f1db_0.trap.tar.zst) for 4 link targets (763 of 1053)
[2026-08-05 04:33:27] Importing signal.h.ccff5294.trap (ldebug.c.c665f1db_0.trap.tar.zst) for 4 link targets (764 of 1053)
[2026-08-05 04:33:27] Importing lstate.h.b8e17e5d.trap (ldebug.c.c665f1db_0.trap.tar.zst) for 4 link targets (765 of 1053)
[2026-08-05 04:33:27] Importing lapi.h.d2ade215.trap (ldebug.c.c665f1db_0.trap.tar.zst) for 4 link targets (766 of 1053)
[2026-08-05 04:33:27] Importing llex.h.629f6918.trap (ldebug.c.c665f1db_0.trap.tar.zst) for 4 link targets (767 of 1053)
[2026-08-05 04:33:27] Importing lopcodes.h.40967099.trap (ldebug.c.c665f1db_0.trap.tar.zst) for 4 link targets (768 of 1053)
[2026-08-05 04:33:27] Importing lparser.h.f980a7de.trap (ldebug.c.c665f1db_0.trap.tar.zst) for 4 link targets (769 of 1053)
[2026-08-05 04:33:27] Importing lcode.h.ee8b8220.trap (ldebug.c.c665f1db_0.trap.tar.zst) for 4 link targets (770 of 1053)
[2026-08-05 04:33:27] Importing ldebug.h.898f5069.trap (ldebug.c.c665f1db_0.trap.tar.zst) for 4 link targets (771 of 1053)
[2026-08-05 04:33:27] Importing ldo.h.08b60a9b.trap (ldebug.c.c665f1db_0.trap.tar.zst) for 4 link targets (772 of 1053)
[2026-08-05 04:33:27] Importing lfunc.h.72ae55ab.trap (ldebug.c.c665f1db_0.trap.tar.zst) for 4 link targets (773 of 1053)
[2026-08-05 04:33:27] Importing lgc.h.d5f7a2e7.trap (ldebug.c.c665f1db_0.trap.tar.zst) for 4 link targets (774 of 1053)
[2026-08-05 04:33:27] Importing lstring.h.96aff756.trap (ldebug.c.c665f1db_0.trap.tar.zst) for 4 link targets (775 of 1053)
[2026-08-05 04:33:27] Importing ltable.h.bc9f4b8c.trap (ldebug.c.c665f1db_0.trap.tar.zst) for 4 link targets (776 of 1053)
[2026-08-05 04:33:27] Importing lvm.h.9e6eb458.trap (ldebug.c.c665f1db_0.trap.tar.zst) for 4 link targets (777 of 1053)
[2026-08-05 04:33:27] Importing ldebug.c.c665f1db.trap (ldebug.c.c665f1db_0.trap.tar.zst) for 4 link targets (778 of 1053)
[2026-08-05 04:33:27] Importing setjmp.h.b9ed50ae.trap (ldo.c.40a9bec4_0.trap.tar.zst) for 4 link targets (779 of 1053)
[2026-08-05 04:33:27] Importing struct___jmp_buf_tag.h.bb997182.trap (ldo.c.40a9bec4_0.trap.tar.zst) for 4 link targets (780 of 1053)
[2026-08-05 04:33:27] Importing setjmp2.h.5954f978.trap (ldo.c.40a9bec4_0.trap.tar.zst) for 4 link targets (781 of 1053)
[2026-08-05 04:33:27] Importing setjmp.h.322746b6.trap (ldo.c.40a9bec4_0.trap.tar.zst) for 4 link targets (782 of 1053)
[2026-08-05 04:33:27] Importing stdlib.h.5f5d670d.trap (ldo.c.40a9bec4_0.trap.tar.zst) for 4 link targets (783 of 1053)
[2026-08-05 04:33:27] Importing stddef.h.894bc86c.trap (ldo.c.40a9bec4_0.trap.tar.zst) for 4 link targets (784 of 1053)
[2026-08-05 04:33:27] Importing luaconf.h.53070fd6.trap (ldo.c.40a9bec4_0.trap.tar.zst) for 4 link targets (785 of 1053)
[2026-08-05 04:33:27] Importing lstate.h.ac36dd59.trap (ldo.c.40a9bec4_0.trap.tar.zst) for 4 link targets (786 of 1053)
[2026-08-05 04:33:27] Importing lparser.h.a79f9266.trap (ldo.c.40a9bec4_0.trap.tar.zst) for 4 link targets (787 of 1053)
[2026-08-05 04:33:27] Importing ldo.c.40a9bec4.trap (ldo.c.40a9bec4_0.trap.tar.zst) for 4 link targets (788 of 1053)
[2026-08-05 04:33:27] Importing luaconf.h.c1b9d59b.trap (ldump.c.c336c042_0.trap.tar.zst) for 4 link targets (789 of 1053)
[2026-08-05 04:33:27] Importing ldump.c.c336c042.trap (ldump.c.c336c042_0.trap.tar.zst) for 4 link targets (790 of 1053)
[2026-08-05 04:33:27] Importing luaconf.h.a4f575d1.trap (lfunc.c.9d612ebf_0.trap.tar.zst) for 4 link targets (791 of 1053)
[2026-08-05 04:33:27] Importing lfunc.c.9d612ebf.trap (lfunc.c.9d612ebf_0.trap.tar.zst) for 4 link targets (792 of 1053)
[2026-08-05 04:33:27] Importing libc-header-start.h.775d0f98.trap (lgc.c.ddd4bbb9_0.trap.tar.zst) for 4 link targets (793 of 1053)
[2026-08-05 04:33:27] Importing stddef.h.23869142.trap (lgc.c.ddd4bbb9_0.trap.tar.zst) for 4 link targets (794 of 1053)
[2026-08-05 04:33:27] Importing stdarg.h.06859d43.trap (lgc.c.ddd4bbb9_0.trap.tar.zst) for 4 link targets (795 of 1053)
[2026-08-05 04:33:27] Importing __mbstate_t.h.5338d4d5.trap (lgc.c.ddd4bbb9_0.trap.tar.zst) for 4 link targets (796 of 1053)
[2026-08-05 04:33:27] Importing __fpos_t.h.0399c007.trap (lgc.c.ddd4bbb9_0.trap.tar.zst) for 4 link targets (797 of 1053)
[2026-08-05 04:33:27] Importing __fpos64_t.h.235f5948.trap (lgc.c.ddd4bbb9_0.trap.tar.zst) for 4 link targets (798 of 1053)
[2026-08-05 04:33:27] Importing __FILE.h.e0b1c9d8.trap (lgc.c.ddd4bbb9_0.trap.tar.zst) for 4 link targets (799 of 1053)
[2026-08-05 04:33:27] Importing FILE.h.be983ac6.trap (lgc.c.ddd4bbb9_0.trap.tar.zst) for 4 link targets (800 of 1053)
[2026-08-05 04:33:27] Importing struct_FILE.h.54fd21e9.trap (lgc.c.ddd4bbb9_0.trap.tar.zst) for 4 link targets (801 of 1053)
[2026-08-05 04:33:27] Importing stdio_lim.h.e6acb5fb.trap (lgc.c.ddd4bbb9_0.trap.tar.zst) for 4 link targets (802 of 1053)
[2026-08-05 04:33:27] Importing stdio2-decl.h.738990d2.trap (lgc.c.ddd4bbb9_0.trap.tar.zst) for 4 link targets (803 of 1053)
[2026-08-05 04:33:27] Importing stdio.h.8b23d9c0.trap (lgc.c.ddd4bbb9_0.trap.tar.zst) for 4 link targets (804 of 1053)
[2026-08-05 04:33:27] Importing stdio2.h.6a204a3e.trap (lgc.c.ddd4bbb9_0.trap.tar.zst) for 4 link targets (805 of 1053)
[2026-08-05 04:33:27] Importing stdio.h.f33c4670.trap (lgc.c.ddd4bbb9_0.trap.tar.zst) for 4 link targets (806 of 1053)
[2026-08-05 04:33:27] Importing stdarg.h.45a93f1f.trap (lgc.c.ddd4bbb9_0.trap.tar.zst) for 4 link targets (807 of 1053)
[2026-08-05 04:33:27] Importing luaconf.h.a561c109.trap (lgc.c.ddd4bbb9_0.trap.tar.zst) for 4 link targets (808 of 1053)
[2026-08-05 04:33:27] Importing lgc.c.ddd4bbb9.trap (lgc.c.ddd4bbb9_0.trap.tar.zst) for 4 link targets (809 of 1053)
[2026-08-05 04:33:27] Importing luaconf.h.712e75f8.trap (linit.c.8a49799a_0.trap.tar.zst) for 4 link targets (810 of 1053)
[2026-08-05 04:33:27] Importing linit.c.8a49799a.trap (linit.c.8a49799a_0.trap.tar.zst) for 4 link targets (811 of 1053)
[2026-08-05 04:33:27] Importing luaconf.h.5b8e4aec.trap (liolib.c.63cd549a_0.trap.tar.zst) for 4 link targets (812 of 1053)
[2026-08-05 04:33:27] Importing liolib.c.63cd549a.trap (liolib.c.63cd549a_0.trap.tar.zst) for 4 link targets (813 of 1053)
[2026-08-05 04:33:27] Importing stddef.h.e43f78f3.trap (llex.c.02a566ec_0.trap.tar.zst) for 4 link targets (814 of 1053)
[2026-08-05 04:33:27] Importing locale.h.23e32da5.trap (llex.c.02a566ec_0.trap.tar.zst) for 4 link targets (815 of 1053)
[2026-08-05 04:33:27] Importing locale.h.cde5cc4c.trap (llex.c.02a566ec_0.trap.tar.zst) for 4 link targets (816 of 1053)
[2026-08-05 04:33:27] Importing luaconf.h.67e1e9c2.trap (llex.c.02a566ec_0.trap.tar.zst) for 4 link targets (817 of 1053)
[2026-08-05 04:33:27] Importing llex.c.02a566ec.trap (llex.c.02a566ec_0.trap.tar.zst) for 4 link targets (818 of 1053)
[2026-08-05 04:33:27] Importing float.h.6f17e47d.trap (lmathlib.c.a495afa1_0.trap.tar.zst) for 4 link targets (819 of 1053)
[2026-08-05 04:33:27] Importing stddef.h.65eb941d.trap (lmathlib.c.a495afa1_0.trap.tar.zst) for 4 link targets (820 of 1053)
[2026-08-05 04:33:27] Importing time.h.a1fd528c.trap (lmathlib.c.a495afa1_0.trap.tar.zst) for 4 link targets (821 of 1053)
[2026-08-05 04:33:27] Importing luaconf.h.8c6cd874.trap (lmathlib.c.a495afa1_0.trap.tar.zst) for 4 link targets (822 of 1053)
[2026-08-05 04:33:27] Importing lmathlib.c.a495afa1.trap (lmathlib.c.a495afa1_0.trap.tar.zst) for 4 link targets (823 of 1053)
[2026-08-05 04:33:27] Importing luaconf.h.6284e53f.trap (lmem.c.79eed960_0.trap.tar.zst) for 4 link targets (824 of 1053)
[2026-08-05 04:33:27] Importing lmem.c.79eed960.trap (lmem.c.79eed960_0.trap.tar.zst) for 4 link targets (825 of 1053)
[2026-08-05 04:33:27] Importing luaconf.h.c5e85ab1.trap (loadlib.c.af0a5a16_0.trap.tar.zst) for 4 link targets (826 of 1053)
[2026-08-05 04:33:27] Importing stddef.h.d5f46c9d.trap (loadlib.c.af0a5a16_0.trap.tar.zst) for 4 link targets (827 of 1053)
[2026-08-05 04:33:27] Importing dlfcn.h.deb617d1.trap (loadlib.c.af0a5a16_0.trap.tar.zst) for 4 link targets (828 of 1053)
[2026-08-05 04:33:27] Importing dlfcn.h.51def8ab.trap (loadlib.c.af0a5a16_0.trap.tar.zst) for 4 link targets (829 of 1053)
[2026-08-05 04:33:27] Importing loadlib.c.af0a5a16.trap (loadlib.c.af0a5a16_0.trap.tar.zst) for 4 link targets (830 of 1053)
[2026-08-05 04:33:27] Importing stdio.h.b53154da.trap (lobject.c.7947630c_0.trap.tar.zst) for 4 link targets (831 of 1053)
[2026-08-05 04:33:27] Importing stddef.h.a0b57e97.trap (lobject.c.7947630c_0.trap.tar.zst) for 4 link targets (832 of 1053)
[2026-08-05 04:33:27] Importing types.h.822460f4.trap (lobject.c.7947630c_0.trap.tar.zst) for 4 link targets (833 of 1053)
[2026-08-05 04:33:27] Importing luaconf.h.339b70ae.trap (lobject.c.7947630c_0.trap.tar.zst) for 4 link targets (834 of 1053)
[2026-08-05 04:33:27] Importing lobject.c.7947630c.trap (lobject.c.7947630c_0.trap.tar.zst) for 4 link targets (835 of 1053)
[2026-08-05 04:33:27] Importing luaconf.h.6946d99a.trap (lopcodes.c.e16520ea_0.trap.tar.zst) for 4 link targets (836 of 1053)
[2026-08-05 04:33:27] Importing lopcodes.c.e16520ea.trap (lopcodes.c.e16520ea_0.trap.tar.zst) for 4 link targets (837 of 1053)
[2026-08-05 04:33:27] Importing luaconf.h.476d490e.trap (loslib.c.af8c8911_0.trap.tar.zst) for 4 link targets (838 of 1053)
[2026-08-05 04:33:27] Importing posix_opt.h.a5ada9ac.trap (loslib.c.af8c8911_0.trap.tar.zst) for 4 link targets (839 of 1053)
[2026-08-05 04:33:27] Importing environments.h.136cd785.trap (loslib.c.af8c8911_0.trap.tar.zst) for 4 link targets (840 of 1053)
[2026-08-05 04:33:27] Importing stddef.h.6065b876.trap (loslib.c.af8c8911_0.trap.tar.zst) for 4 link targets (841 of 1053)
[2026-08-05 04:33:27] Importing confname.h.3368fa26.trap (loslib.c.af8c8911_0.trap.tar.zst) for 4 link targets (842 of 1053)
[2026-08-05 04:33:27] Importing getopt_core.h.2020340e.trap (loslib.c.af8c8911_0.trap.tar.zst) for 4 link targets (843 of 1053)
[2026-08-05 04:33:27] Importing getopt_posix.h.26bbd971.trap (loslib.c.af8c8911_0.trap.tar.zst) for 4 link targets (844 of 1053)
[2026-08-05 04:33:27] Importing unistd-decl.h.d1b3bf56.trap (loslib.c.af8c8911_0.trap.tar.zst) for 4 link targets (845 of 1053)
[2026-08-05 04:33:27] Importing unistd.h.22f4fec5.trap (loslib.c.af8c8911_0.trap.tar.zst) for 4 link targets (846 of 1053)
[2026-08-05 04:33:27] Importing unistd_ext.h.40c00313.trap (loslib.c.af8c8911_0.trap.tar.zst) for 4 link targets (847 of 1053)
[2026-08-05 04:33:27] Importing unistd.h.25971d2a.trap (loslib.c.af8c8911_0.trap.tar.zst) for 4 link targets (848 of 1053)
[2026-08-05 04:33:27] Importing loslib.c.af8c8911.trap (loslib.c.af8c8911_0.trap.tar.zst) for 4 link targets (849 of 1053)
[2026-08-05 04:33:27] Importing luaconf.h.32659b0b.trap (lparser.c.99b91cb6_0.trap.tar.zst) for 4 link targets (850 of 1053)
[2026-08-05 04:33:27] Importing lparser.h.e925546a.trap (lparser.c.99b91cb6_0.trap.tar.zst) for 4 link targets (851 of 1053)
[2026-08-05 04:33:27] Importing lparser.c.99b91cb6.trap (lparser.c.99b91cb6_0.trap.tar.zst) for 4 link targets (852 of 1053)
[2026-08-05 04:33:27] Importing luaconf.h.19f355d7.trap (lstate.c.a325f9a3_0.trap.tar.zst) for 4 link targets (853 of 1053)
[2026-08-05 04:33:27] Importing sigevent_t.h.65eda869.trap (lstate.c.a325f9a3_0.trap.tar.zst) for 4 link targets (854 of 1053)
[2026-08-05 04:33:27] Importing llex.h.86dc279a.trap (lstate.c.a325f9a3_0.trap.tar.zst) for 4 link targets (855 of 1053)
[2026-08-05 04:33:27] Importing stddef.h.c430bb78.trap (lstate.c.a325f9a3_0.trap.tar.zst) for 4 link targets (856 of 1053)
[2026-08-05 04:33:27] Importing time.h.86b43df8.trap (lstate.c.a325f9a3_0.trap.tar.zst) for 4 link targets (857 of 1053)
[2026-08-05 04:33:27] Importing struct_tm.h.277e3d1f.trap (lstate.c.a325f9a3_0.trap.tar.zst) for 4 link targets (858 of 1053)
[2026-08-05 04:33:27] Importing struct_itimerspec.h.37c9b70d.trap (lstate.c.a325f9a3_0.trap.tar.zst) for 4 link targets (859 of 1053)
[2026-08-05 04:33:27] Importing time.h.65787268.trap (lstate.c.a325f9a3_0.trap.tar.zst) for 4 link targets (860 of 1053)
[2026-08-05 04:33:27] Importing lstate.c.a325f9a3.trap (lstate.c.a325f9a3_0.trap.tar.zst) for 4 link targets (861 of 1053)
[2026-08-05 04:33:27] Importing luaconf.h.2d0d770d.trap (lstring.c.81ebde5b_0.trap.tar.zst) for 4 link targets (862 of 1053)
[2026-08-05 04:33:27] Importing lstring.c.81ebde5b.trap (lstring.c.81ebde5b_0.trap.tar.zst) for 4 link targets (863 of 1053)
[2026-08-05 04:33:27] Importing stddef.h.70f48e06.trap (lstrlib.c.26024373_0.trap.tar.zst) for 4 link targets (864 of 1053)
[2026-08-05 04:33:27] Importing stddef.h.dea48ba3.trap (lstrlib.c.26024373_0.trap.tar.zst) for 4 link targets (865 of 1053)
[2026-08-05 04:33:27] Importing luaconf.h.dca41430.trap (lstrlib.c.26024373_0.trap.tar.zst) for 4 link targets (866 of 1053)
[2026-08-05 04:33:27] Importing lstrlib.c.26024373.trap (lstrlib.c.26024373_0.trap.tar.zst) for 4 link targets (867 of 1053)
[2026-08-05 04:33:27] Importing luaconf.h.2145d62a.trap (ltable.c.d37b12e3_0.trap.tar.zst) for 4 link targets (868 of 1053)
[2026-08-05 04:33:27] Importing ltable.c.d37b12e3.trap (ltable.c.d37b12e3_0.trap.tar.zst) for 4 link targets (869 of 1053)
[2026-08-05 04:33:27] Importing luaconf.h.a59003f7.trap (ltablib.c.80f4d0e7_0.trap.tar.zst) for 4 link targets (870 of 1053)
[2026-08-05 04:33:27] Importing time.h.67743c0f.trap (ltablib.c.80f4d0e7_0.trap.tar.zst) for 4 link targets (871 of 1053)
[2026-08-05 04:33:27] Importing ltablib.c.80f4d0e7.trap (ltablib.c.80f4d0e7_0.trap.tar.zst) for 4 link targets (872 of 1053)
[2026-08-05 04:33:27] Importing luaconf.h.f5900b82.trap (ltm.c.2667e893_0.trap.tar.zst) for 4 link targets (873 of 1053)
[2026-08-05 04:33:27] Importing ltm.c.2667e893.trap (ltm.c.2667e893_0.trap.tar.zst) for 4 link targets (874 of 1053)
[2026-08-05 04:33:27] Importing stddef.h.4e14a564.trap (lua.c.34b02229_0.trap.tar.zst) for lua.link (875 of 1053)
[2026-08-05 04:33:27] Importing stddef.h.27e59164.trap (lua.c.34b02229_0.trap.tar.zst) for lua.link (876 of 1053)
[2026-08-05 04:33:27] Importing luaconf.h.6e2832da.trap (lua.c.34b02229_0.trap.tar.zst) for lua.link (877 of 1053)
[2026-08-05 04:33:27] Importing unistd.h.308122a0.trap (lua.c.34b02229_0.trap.tar.zst) for lua.link (878 of 1053)
[2026-08-05 04:33:27] Importing lua.c.34b02229.trap (lua.c.34b02229_0.trap.tar.zst) for lua.link (879 of 1053)
[2026-08-05 04:33:28] Importing luaconf.h.74476910.trap (luac.c.45579114_0.trap.tar.zst) for luac.link (880 of 1053)
[2026-08-05 04:33:28] Importing llimits.h.4e9b899b.trap (luac.c.45579114_0.trap.tar.zst) for luac.link (881 of 1053)
[2026-08-05 04:33:28] Importing lopnames.h.5e3b4d93.trap (luac.c.45579114_0.trap.tar.zst) for luac.link (882 of 1053)
[2026-08-05 04:33:28] Importing luac.c.45579114.trap (luac.c.45579114_0.trap.tar.zst) for luac.link (883 of 1053)
[2026-08-05 04:33:28] Importing luaconf.h.8966f98f.trap (lundump.c.eaefb770_0.trap.tar.zst) for 4 link targets (884 of 1053)
[2026-08-05 04:33:28] Importing lundump.c.eaefb770.trap (lundump.c.eaefb770_0.trap.tar.zst) for 4 link targets (885 of 1053)
[2026-08-05 04:33:28] Importing assert.h.e621e629.trap (lutf8lib.c.dbb15ab0_0.trap.tar.zst) for 4 link targets (886 of 1053)
[2026-08-05 04:33:28] Importing luaconf.h.bea5d3c5.trap (lutf8lib.c.dbb15ab0_0.trap.tar.zst) for 4 link targets (887 of 1053)
[2026-08-05 04:33:28] Importing lutf8lib.c.dbb15ab0.trap (lutf8lib.c.dbb15ab0_0.trap.tar.zst) for 4 link targets (888 of 1053)
[2026-08-05 04:33:28] Importing luaconf.h.3e118aa0.trap (lvm.c.205a346c_0.trap.tar.zst) for 4 link targets (889 of 1053)
[2026-08-05 04:33:28] Importing lvm.c.205a346c.trap (lvm.c.205a346c_0.trap.tar.zst) for 4 link targets (890 of 1053)
[2026-08-05 04:33:28] Importing luaconf.h.e487d561.trap (lzio.c.5a08294d_0.trap.tar.zst) for 4 link targets (891 of 1053)
[2026-08-05 04:33:28] Importing lzio.c.5a08294d.trap (lzio.c.5a08294d_0.trap.tar.zst) for 4 link targets (892 of 1053)
[2026-08-05 04:33:28] Importing socket.h.9bb013e7.trap (mcmc.c.f83252ec_0.trap.tar.zst) for 3 link targets (893 of 1053)
[2026-08-05 04:33:28] Importing stddef.h.699ac7f9.trap (mcmc.c.f83252ec_0.trap.tar.zst) for 3 link targets (894 of 1053)
[2026-08-05 04:33:28] Importing netdb.h.393e9c8a.trap (mcmc.c.f83252ec_0.trap.tar.zst) for 3 link targets (895 of 1053)
[2026-08-05 04:33:28] Importing getopt_posix.h.315cc947.trap (mcmc.c.f83252ec_0.trap.tar.zst) for 2 link targets (896 of 1053)
[2026-08-05 04:33:28] Importing unistd.h.cfb3011e.trap (mcmc.c.f83252ec_0.trap.tar.zst) for 2 link targets (897 of 1053)
[2026-08-05 04:33:28] Importing fcntl-linux-fortify.h.31fdbff3.trap (mcmc.c.f83252ec_0.trap.tar.zst) for 3 link targets (898 of 1053)
[2026-08-05 04:33:28] Importing fcntl-linux.h.150234c0.trap (mcmc.c.f83252ec_0.trap.tar.zst) for 3 link targets (899 of 1053)
[2026-08-05 04:33:28] Importing fcntl.h.a6d02b14.trap (mcmc.c.f83252ec_0.trap.tar.zst) for 3 link targets (900 of 1053)
[2026-08-05 04:33:28] Importing struct_stat.h.6f2b0499.trap (mcmc.c.f83252ec_0.trap.tar.zst) for 3 link targets (901 of 1053)
[2026-08-05 04:33:28] Importing stat.h.1acbe1e4.trap (mcmc.c.f83252ec_0.trap.tar.zst) for 3 link targets (902 of 1053)
[2026-08-05 04:33:28] Importing fcntl2.h.984c2f9f.trap (mcmc.c.f83252ec_0.trap.tar.zst) for 3 link targets (903 of 1053)
[2026-08-05 04:33:28] Importing fcntl.h.eee9b540.trap (mcmc.c.f83252ec_0.trap.tar.zst) for 2 link targets (904 of 1053)
[2026-08-05 04:33:28] Importing libc-header-start.h.37d66821.trap (mcmc.c.f83252ec_0.trap.tar.zst) for 3 link targets (905 of 1053)
[2026-08-05 04:33:28] Importing limits.h.4c77da5d.trap (mcmc.c.f83252ec_0.trap.tar.zst) for 3 link targets (906 of 1053)
[2026-08-05 04:33:28] Importing ctype.h.b22e0afb.trap (mcmc.c.f83252ec_0.trap.tar.zst) for 3 link targets (907 of 1053)
[2026-08-05 04:33:28] Importing mcmc.c.f83252ec.trap (mcmc.c.f83252ec_0.trap.tar.zst) for 2 link targets (908 of 1053)
[2026-08-05 04:33:28] Importing 12335012_0.trap.zst for memcached-debug.link (909 of 1053)
[2026-08-05 04:33:28] Importing 19649554_0.trap.zst for sizes.link (910 of 1053)
[2026-08-05 04:33:28] Importing 32753014_0.trap.zst for 4 link targets (911 of 1053)
[2026-08-05 04:33:28] Importing 55739483_0.trap.zst for testapp.link (912 of 1053)
[2026-08-05 04:33:28] Importing 39640447_0.trap.zst for 4 link targets (913 of 1053)
[2026-08-05 04:33:28] Importing 12650678_0.trap.zst for 4 link targets (914 of 1053)
[2026-08-05 04:33:28] Importing 33236530_0.trap.zst for memcached-debug.link (915 of 1053)
[2026-08-05 04:33:28] Importing 50772098_0.trap.zst for memcached-debug.link (916 of 1053)
[2026-08-05 04:33:28] Importing 54631413_0.trap.zst for memcached-debug.link (917 of 1053)
[2026-08-05 04:33:28] Importing 63783942_0.trap.zst for memcached-debug.link (918 of 1053)
[2026-08-05 04:33:28] Importing 1674277_0.trap.zst for testapp.link (919 of 1053)
[2026-08-05 04:33:28] Importing 63212514_0.trap.zst for memcached.link (920 of 1053)
[2026-08-05 04:33:28] Importing 10290593_0.trap.zst for 4 link targets (921 of 1053)
[2026-08-05 04:33:28] Importing 35396122_0.trap.zst for memcached-debug.link (922 of 1053)
[2026-08-05 04:33:28] Importing 43388251_0.trap.zst for memcached.link (923 of 1053)
[2026-08-05 04:33:28] Importing 7166809_0.trap.zst for memcached-debug.link (924 of 1053)
[2026-08-05 04:33:28] Importing 27567449_0.trap.zst for memcached.link (925 of 1053)
[2026-08-05 04:33:28] Importing 46137831_0.trap.zst for memcached.link (926 of 1053)
[2026-08-05 04:33:28] Importing 46665965_0.trap.zst for memcached-debug.link (927 of 1053)
[2026-08-05 04:33:28] Importing 61844899_0.trap.zst for 4 link targets (928 of 1053)
[2026-08-05 04:33:28] Importing 6283966_0.trap.zst for memcached-debug.link (929 of 1053)
[2026-08-05 04:33:28] Importing 12090363_0.trap.zst for memcached.link (930 of 1053)
[2026-08-05 04:33:28] Importing 60222078_0.trap.zst for memcached-debug.link (931 of 1053)
[2026-08-05 04:33:28] Importing 19718961_0.trap.zst for memcached.link (932 of 1053)
[2026-08-05 04:33:28] Importing 57447079_0.trap.zst for memcached-debug.link (933 of 1053)
[2026-08-05 04:33:28] Importing 10442035_0.trap.zst for memcached.link (934 of 1053)
[2026-08-05 04:33:28] Importing 34920481_0.trap.zst for memcached-debug.link (935 of 1053)
[2026-08-05 04:33:28] Importing 42203960_0.trap.zst for memcached.link (936 of 1053)
[2026-08-05 04:33:28] Importing 49240103_0.trap.zst for memcached-debug.link (937 of 1053)
[2026-08-05 04:33:28] Importing 20483450_0.trap.zst for 2 link targets (938 of 1053)
[2026-08-05 04:33:28] Importing 20562221_0.trap.zst for 4 link targets (939 of 1053)
[2026-08-05 04:33:28] Importing 26131618_0.trap.zst for memcached-debug.link (940 of 1053)
[2026-08-05 04:33:28] Importing 33963755_0.trap.zst for memcached.link (941 of 1053)
[2026-08-05 04:33:28] Importing 46537873_0.trap.zst for memcached.link (942 of 1053)
[2026-08-05 04:33:28] Importing 12200809_0.trap.zst for 4 link targets (943 of 1053)
[2026-08-05 04:33:28] Importing 36378310_0.trap.zst for 2 link targets (944 of 1053)
[2026-08-05 04:33:28] Importing 34376838_0.trap.zst for luac.link (945 of 1053)
[2026-08-05 04:33:28] Importing 57258603_0.trap.zst for memcached-debug.link (946 of 1053)
[2026-08-05 04:33:28] Importing 19597091_0.trap.zst for memcached-debug.link (947 of 1053)
[2026-08-05 04:33:28] Importing 16484305_0.trap.zst for memcached.link (948 of 1053)
[2026-08-05 04:33:28] Importing 19613456_0.trap.zst for memcached.link (949 of 1053)
[2026-08-05 04:33:28] Importing 20996330_0.trap.zst for memcached-debug.link (950 of 1053)
[2026-08-05 04:33:28] Importing 27349073_0.trap.zst for memcached-debug.link (951 of 1053)
[2026-08-05 04:33:28] Importing 36843250_0.trap.zst for memcached-debug.link (952 of 1053)
[2026-08-05 04:33:28] Importing 63967506_0.trap.zst for memcached-debug.link (953 of 1053)
[2026-08-05 04:33:28] Importing 7495524_0.trap.zst for memcached.link (954 of 1053)
[2026-08-05 04:33:28] Importing 59429881_0.trap.zst for memcached.link (955 of 1053)
[2026-08-05 04:33:28] Importing 7619090_0.trap.zst for memcached.link (956 of 1053)
[2026-08-05 04:33:28] Importing 19368188_0.trap.zst for memcached-debug.link (957 of 1053)
[2026-08-05 04:33:28] Importing 52131937_0.trap.zst for memcached.link (958 of 1053)
[2026-08-05 04:33:28] Importing 5494866_0.trap.zst for memcached-debug.link (959 of 1053)
[2026-08-05 04:33:28] Importing 21442672_0.trap.zst for 2 link targets (960 of 1053)
[2026-08-05 04:33:28] Importing 2740323_0.trap.zst for memcached.link (961 of 1053)
[2026-08-05 04:33:28] Importing 18165920_0.trap.zst for 4 link targets (962 of 1053)
[2026-08-05 04:33:28] Importing 6302809_0.trap.zst for testapp.link (963 of 1053)
[2026-08-05 04:33:28] Importing 15780758_0.trap.zst for memcached-debug.link (964 of 1053)
[2026-08-05 04:33:28] Importing 24480151_0.trap.zst for 2 link targets (965 of 1053)
[2026-08-05 04:33:28] Importing 39893614_0.trap.zst for memcached-debug.link (966 of 1053)
[2026-08-05 04:33:28] Importing 65402991_0.trap.zst for memcached.link (967 of 1053)
[2026-08-05 04:33:28] Importing 3087585_0.trap.zst for memcached-debug.link (968 of 1053)
[2026-08-05 04:33:28] Importing 2295497_0.trap.zst for memcached-debug.link (969 of 1053)
[2026-08-05 04:33:28] Importing 2477691_0.trap.zst for memcached.link (970 of 1053)
[2026-08-05 04:33:28] Importing 47531655_0.trap.zst for 2 link targets (971 of 1053)
[2026-08-05 04:33:28] Importing 66880995_0.trap.zst for 4 link targets (972 of 1053)
[2026-08-05 04:33:28] Importing 58277936_0.trap.zst for 4 link targets (973 of 1053)
[2026-08-05 04:33:28] Importing 20211673_0.trap.zst for 4 link targets (974 of 1053)
[2026-08-05 04:33:28] Importing 42339259_0.trap.zst for memcached-debug.link (975 of 1053)
[2026-08-05 04:33:28] Importing 30971114_0.trap.zst for memcached-debug.link (976 of 1053)
[2026-08-05 04:33:28] Importing 33660737_0.trap.zst for memcached.link (977 of 1053)
[2026-08-05 04:33:28] Importing 20314372_0.trap.zst for 4 link targets (978 of 1053)
[2026-08-05 04:33:28] Importing 3065153_0.trap.zst for 4 link targets (979 of 1053)
[2026-08-05 04:33:28] Importing 32707532_0.trap.zst for memcached.link (980 of 1053)
[2026-08-05 04:33:28] Importing 4401673_0.trap.zst for memcached.link (981 of 1053)
[2026-08-05 04:33:28] Importing 51410640_0.trap.zst for memcached-debug.link (982 of 1053)
[2026-08-05 04:33:28] Importing 30044704_0.trap.zst for memcached.link (983 of 1053)
[2026-08-05 04:33:28] Importing 63774913_0.trap.zst for memcached-debug.link (984 of 1053)
[2026-08-05 04:33:28] Importing 15724399_0.trap.zst for memcached.link (985 of 1053)
[2026-08-05 04:33:28] Importing 60615968_0.trap.zst for memcached-debug.link (986 of 1053)
[2026-08-05 04:33:28] Importing 37064536_0.trap.zst for memcached-debug.link (987 of 1053)
[2026-08-05 04:33:28] Importing 65013996_0.trap.zst for 4 link targets (988 of 1053)
[2026-08-05 04:33:28] Importing 24133225_0.trap.zst for memcached-debug.link (989 of 1053)
[2026-08-05 04:33:28] Importing 12651464_0.trap.zst for memcached-debug.link (990 of 1053)
[2026-08-05 04:33:28] Importing 3233072_0.trap.zst for 4 link targets (991 of 1053)
[2026-08-05 04:33:28] Importing 22602754_0.trap.zst for memcached.link (992 of 1053)
[2026-08-05 04:33:28] Importing 12029341_0.trap.zst for 4 link targets (993 of 1053)
[2026-08-05 04:33:28] Importing 37486735_0.trap.zst for memcached.link (994 of 1053)
[2026-08-05 04:33:28] Importing 62115879_0.trap.zst for memcached.link (995 of 1053)
[2026-08-05 04:33:28] Importing 34600068_0.trap.zst for memcached-debug.link (996 of 1053)
[2026-08-05 04:33:28] Importing 16048821_0.trap.zst for memcached-debug.link (997 of 1053)
[2026-08-05 04:33:28] Importing 30376413_0.trap.zst for 4 link targets (998 of 1053)
[2026-08-05 04:33:28] Importing 16857644_0.trap.zst for memcached-debug.link (999 of 1053)
[2026-08-05 04:33:28] Importing 8386603_0.trap.zst for memcached.link (1000 of 1053)
[2026-08-05 04:33:28] Importing 17520654_0.trap.zst for 4 link targets (1001 of 1053)
[2026-08-05 04:33:28] Importing 23947704_0.trap.zst for memcached-debug.link (1002 of 1053)
[2026-08-05 04:33:28] Importing 35254034_0.trap.zst for memcached.link (1003 of 1053)
[2026-08-05 04:33:28] Importing 41076968_0.trap.zst for memcached-debug.link (1004 of 1053)
[2026-08-05 04:33:28] Importing 60178362_0.trap.zst for memcached.link (1005 of 1053)
[2026-08-05 04:33:28] Importing 6247990_0.trap.zst for memcached.link (1006 of 1053)
[2026-08-05 04:33:28] Importing 63516627_0.trap.zst for memcached.link (1007 of 1053)
[2026-08-05 04:33:28] Importing 66504382_0.trap.zst for memcached.link (1008 of 1053)
[2026-08-05 04:33:28] Importing 15871218_0.trap.zst for testapp.link (1009 of 1053)
[2026-08-05 04:33:28] Importing 16399864_0.trap.zst for memcached.link (1010 of 1053)
[2026-08-05 04:33:28] Importing 40520704_0.trap.zst for memcached.link (1011 of 1053)
[2026-08-05 04:33:28] Importing 22751821_0.trap.zst for memcached-debug.link (1012 of 1053)
[2026-08-05 04:33:28] Importing 60742005_0.trap.zst for memcached.link (1013 of 1053)
[2026-08-05 04:33:28] Importing 65005428_0.trap.zst for memcached.link (1014 of 1053)
[2026-08-05 04:33:28] Importing 45895960_0.trap.zst for 4 link targets (1015 of 1053)
[2026-08-05 04:33:28] Importing 36288223_0.trap.zst for memcached.link (1016 of 1053)
[2026-08-05 04:33:28] Importing 47595003_0.trap.zst for 4 link targets (1017 of 1053)
[2026-08-05 04:33:28] Importing 32124173_0.trap.zst for memcached-debug.link (1018 of 1053)
[2026-08-05 04:33:28] Importing 50221731_0.trap.zst for memcached.link (1019 of 1053)
[2026-08-05 04:33:28] Importing 52855656_0.trap.zst for memcached.link (1020 of 1053)
[2026-08-05 04:33:28] Importing 48905448_0.trap.zst for memcached-debug.link (1021 of 1053)
[2026-08-05 04:33:28] Importing 54197289_0.trap.zst for memcached-debug.link (1022 of 1053)
[2026-08-05 04:33:28] Importing 28297892_0.trap.zst for 4 link targets (1023 of 1053)
[2026-08-05 04:33:28] Importing 55727124_0.trap.zst for 4 link targets (1024 of 1053)
[2026-08-05 04:33:28] Importing 13283825_0.trap.zst for 4 link targets (1025 of 1053)
[2026-08-05 04:33:28] Importing 18464452_0.trap.zst for timedrun.link (1026 of 1053)
[2026-08-05 04:33:28] Importing 9858668_0.trap.zst for 2 link targets (1027 of 1053)
[2026-08-05 04:33:28] Importing 43579106_0.trap.zst for memcached-debug.link (1028 of 1053)
[2026-08-05 04:33:28] Importing 48142786_0.trap.zst for 4 link targets (1029 of 1053)
[2026-08-05 04:33:28] Importing 18804000_0.trap.zst for 4 link targets (1030 of 1053)
[2026-08-05 04:33:28] Importing 38698509_0.trap.zst for memcached.link (1031 of 1053)
[2026-08-05 04:33:28] Importing 4144974_0.trap.zst for memcached.link (1032 of 1053)
[2026-08-05 04:33:28] Importing 43360413_0.trap.zst for 4 link targets (1033 of 1053)
[2026-08-05 04:33:28] Importing 51865209_0.trap.zst for memcached.link (1034 of 1053)
[2026-08-05 04:33:28] Importing 9518472_0.trap.zst for 4 link targets (1035 of 1053)
[2026-08-05 04:33:28] Importing 20849796_0.trap.zst for lua.link (1036 of 1053)
[2026-08-05 04:33:28] Importing 22994304_0.trap.zst for memcached.link (1037 of 1053)
[2026-08-05 04:33:28] Importing 17147452_0.trap.zst for memcached-debug.link (1038 of 1053)
[2026-08-05 04:33:28] Importing 34302255_0.trap.zst for 4 link targets (1039 of 1053)
[2026-08-05 04:33:28] Importing 6330577_0.trap.zst for 4 link targets (1040 of 1053)
[2026-08-05 04:33:28] Importing 26480036_0.trap.zst for 4 link targets (1041 of 1053)
[2026-08-05 04:33:28] Importing 46519006_0.trap.zst for memcached-debug.link (1042 of 1053)
[2026-08-05 04:33:28] Importing 51712543_0.trap.zst for memcached-debug.link (1043 of 1053)
[2026-08-05 04:33:28] Importing 56225686_0.trap.zst for 4 link targets (1044 of 1053)
[2026-08-05 04:33:28] Importing 57250580_0.trap.zst for 4 link targets (1045 of 1053)
[2026-08-05 04:33:28] Importing metadata.trap.gz for no link target (1046 of 1053)
[2026-08-05 04:33:28] Importing memcached-debug.trap.zst for memcached-debug.link (1047 of 1053)
[2026-08-05 04:33:28] Importing memcached.trap.zst for memcached.link (1048 of 1053)
[2026-08-05 04:33:28] Importing sizes.trap.zst for sizes.link (1049 of 1053)
[2026-08-05 04:33:28] Importing testapp.trap.zst for testapp.link (1050 of 1053)
[2026-08-05 04:33:28] Importing timedrun.trap.zst for timedrun.link (1051 of 1053)
[2026-08-05 04:33:28] Importing lua.trap.zst for lua.link (1052 of 1053)
[2026-08-05 04:33:28] Importing luac.trap.zst for luac.link (1053 of 1053)
[2026-08-05 04:33:28] [PROGRESS] dataset import> Merging relations
[2026-08-05 04:33:28] Merging 1 fragment for 'files'.
[2026-08-05 04:33:28] Merged 1420 bytes (1.39 KiB) for 'files'.
[2026-08-05 04:33:28] Merging 1 fragment for 'numlines'.
[2026-08-05 04:33:28] Merged 15864 bytes (15.49 KiB) for 'numlines'.
[2026-08-05 04:33:28] Merging 8 fragments for 'locations_default'.
[2026-08-05 04:33:28] Merged 1448579 bytes (1.38 MiB) for 'locations_default'.
[2026-08-05 04:33:28] Merging 1 fragment for 'preprocdirects'.
[2026-08-05 04:33:28] Merged 74513 bytes (72.77 KiB) for 'preprocdirects'.
[2026-08-05 04:33:28] Merging 1 fragment for 'preproctext'.
[2026-08-05 04:33:28] Merged 85710 bytes (83.70 KiB) for 'preproctext'.
[2026-08-05 04:33:28] Merging 1 fragment for 'includes'.
[2026-08-05 04:33:28] Merged 5795 bytes (5.66 KiB) for 'includes'.
[2026-08-05 04:33:28] Merging 1 fragment for 'preproctrue'.
[2026-08-05 04:33:28] Merged 2986 bytes (2.92 KiB) for 'preproctrue'.
[2026-08-05 04:33:28] Merging 1 fragment for 'preprocfalse'.
[2026-08-05 04:33:29] Merged 1546 bytes (1.51 KiB) for 'preprocfalse'.
[2026-08-05 04:33:29] Merging 1 fragment for 'macroinvocations'.
[2026-08-05 04:33:29] Merged 360329 bytes (351.88 KiB) for 'macroinvocations'.
[2026-08-05 04:33:29] Merging 1 fragment for 'macro_argument_unexpanded'.
[2026-08-05 04:33:29] Merged 224193 bytes (218.94 KiB) for 'macro_argument_unexpanded'.
[2026-08-05 04:33:29] Merging 1 fragment for 'macro_argument_expanded'.
[2026-08-05 04:33:29] Merged 225198 bytes (219.92 KiB) for 'macro_argument_expanded'.
[2026-08-05 04:33:29] Merging 1 fragment for 'macroparent'.
[2026-08-05 04:33:29] Merged 91733 bytes (89.58 KiB) for 'macroparent'.
[2026-08-05 04:33:29] Merging 1 fragment for 'comments'.
[2026-08-05 04:33:29] Merged 60599 bytes (59.18 KiB) for 'comments'.
[2026-08-05 04:33:29] Merging 1 fragment for 'commentbinding'.
[2026-08-05 04:33:29] Merged 50696 bytes (49.51 KiB) for 'commentbinding'.
[2026-08-05 04:33:29] Merging 1 fragment for 'containerparent'.
[2026-08-05 04:33:29] Merged 1128 bytes (1.10 KiB) for 'containerparent'.
[2026-08-05 04:33:29] Merging 1 fragment for 'folders'.
[2026-08-05 04:33:29] Merged 140 bytes for 'folders'.
[2026-08-05 04:33:29] Merging 1 fragment for 'preprocpair'.
[2026-08-05 04:33:29] Merged 11208 bytes (10.95 KiB) for 'preprocpair'.
[2026-08-05 04:33:29] Merging 1 fragment for 'extractor_version'.
[2026-08-05 04:33:29] Merged 27 bytes for 'extractor_version'.
[2026-08-05 04:33:29] Merging 1 fragment for 'fileannotations'.
[2026-08-05 04:33:29] Merged 32004 bytes (31.25 KiB) for 'fileannotations'.
[2026-08-05 04:33:29] Merging 1 fragment for 'link_parent'.
[2026-08-05 04:33:29] Merged 106820 bytes (104.32 KiB) for 'link_parent'.
[2026-08-05 04:33:29] Merging 1 fragment for 'type_mentions'.
[2026-08-05 04:33:29] Merged 81747 bytes (79.83 KiB) for 'type_mentions'.
[2026-08-05 04:33:29] Merging 1 fragment for 'functions'.
[2026-08-05 04:33:29] Merged 21880 bytes (21.37 KiB) for 'functions'.
[2026-08-05 04:33:29] Merging 1 fragment for 'function_return_type'.
[2026-08-05 04:33:29] Merged 25637 bytes (25.04 KiB) for 'function_return_type'.
[2026-08-05 04:33:29] Merging 1 fragment for 'function_prototyped'.
[2026-08-05 04:33:29] Merged 10403 bytes (10.16 KiB) for 'function_prototyped'.
[2026-08-05 04:33:29] Merging 1 fragment for 'derivedtypes'.
[2026-08-05 04:33:29] Merged 26206 bytes (25.59 KiB) for 'derivedtypes'.
[2026-08-05 04:33:29] Merging 1 fragment for 'pointerishsize'.
[2026-08-05 04:33:29] Merged 4634 bytes (4.53 KiB) for 'pointerishsize'.
[2026-08-05 04:33:29] Merging 1 fragment for 'unspecifiedtype'.
[2026-08-05 04:33:29] Merged 24265 bytes (23.70 KiB) for 'unspecifiedtype'.
[2026-08-05 04:33:29] Merging 1 fragment for 'params'.
[2026-08-05 04:33:29] Merged 112218 bytes (109.59 KiB) for 'params'.
[2026-08-05 04:33:29] Merging 1 fragment for 'fun_decls'.
[2026-08-05 04:33:29] Merged 67562 bytes (65.98 KiB) for 'fun_decls'.
[2026-08-05 04:33:29] Merging 1 fragment for 'fun_def'.
[2026-08-05 04:33:29] Merged 4226 bytes (4.13 KiB) for 'fun_def'.
[2026-08-05 04:33:29] Merging 1 fragment for 'fun_decl_specifiers'.
[2026-08-05 04:33:29] Merged 42804 bytes (41.80 KiB) for 'fun_decl_specifiers'.
[2026-08-05 04:33:29] Merging 1 fragment for 'var_def'.
[2026-08-05 04:33:29] Merged 17747 bytes (17.33 KiB) for 'var_def'.
[2026-08-05 04:33:29] Merging 1 fragment for 'param_decl_bind'.
[2026-08-05 04:33:29] Merged 69412 bytes (67.79 KiB) for 'param_decl_bind'.
[2026-08-05 04:33:29] Merging 1 fragment for 'stmts'.
[2026-08-05 04:33:29] Merged 188676 bytes (184.25 KiB) for 'stmts'.
[2026-08-05 04:33:29] Merging 1 fragment for 'localvariables'.
[2026-08-05 04:33:29] Merged 40499 bytes (39.55 KiB) for 'localvariables'.
[2026-08-05 04:33:29] Merging 4 fragments for 'exprs'.
[2026-08-05 04:33:29] Merged 1045466 bytes (1020.96 KiB) for 'exprs'.
[2026-08-05 04:33:29] Merging 4 fragments for 'expr_types'.
[2026-08-05 04:33:29] Merged 1028480 bytes (1004.38 KiB) for 'expr_types'.
[2026-08-05 04:33:29] Merging 1 fragment for 'expr_isload'.
[2026-08-05 04:33:29] Merged 77022 bytes (75.22 KiB) for 'expr_isload'.
[2026-08-05 04:33:29] Merging 3 fragments for 'exprparents'.
[2026-08-05 04:33:29] Merged 688412 bytes (672.28 KiB) for 'exprparents'.
[2026-08-05 04:33:29] Merging 1 fragment for 'var_decls'.
[2026-08-05 04:33:29] Merged 260811 bytes (254.70 KiB) for 'var_decls'.
[2026-08-05 04:33:29] Merging 1 fragment for 'stmt_decl_bind'.
[2026-08-05 04:33:29] Merged 18111 bytes (17.69 KiB) for 'stmt_decl_bind'.
[2026-08-05 04:33:29] Merging 1 fragment for 'stmt_decl_entry_bind'.
[2026-08-05 04:33:29] Merged 16870 bytes (16.47 KiB) for 'stmt_decl_entry_bind'.
[2026-08-05 04:33:29] Merging 2 fragments for 'varbind'.
[2026-08-05 04:33:29] Merged 352798 bytes (344.53 KiB) for 'varbind'.
[2026-08-05 04:33:29] Merging 1 fragment for 'routinetypes'.
[2026-08-05 04:33:29] Merged 6139 bytes (6.00 KiB) for 'routinetypes'.
[2026-08-05 04:33:29] Merging 1 fragment for 'routinetypeargs'.
[2026-08-05 04:33:29] Merged 23481 bytes (22.93 KiB) for 'routinetypeargs'.
[2026-08-05 04:33:29] Merging 1 fragment for 'funbind'.
[2026-08-05 04:33:29] Merged 59319 bytes (57.93 KiB) for 'funbind'.
[2026-08-05 04:33:29] Merging 1 fragment for 'compgenerated'.
[2026-08-05 04:33:29] Merged 39649 bytes (38.72 KiB) for 'compgenerated'.
[2026-08-05 04:33:29] Merging 1 fragment for 'stmtparents'.
[2026-08-05 04:33:29] Merged 187599 bytes (183.20 KiB) for 'stmtparents'.
[2026-08-05 04:33:29] Merging 1 fragment for 'if_then'.
[2026-08-05 04:33:29] Merged 17398 bytes (16.99 KiB) for 'if_then'.
[2026-08-05 04:33:29] Merging 3 fragments for 'affectedbymacroexpansion'.
[2026-08-05 04:33:29] Merged 296904 bytes (289.95 KiB) for 'affectedbymacroexpansion'.
[2026-08-05 04:33:29] Merging 4 fragments for 'inmacroexpansion'.
[2026-08-05 04:33:29] Merged 594107 bytes (580.18 KiB) for 'inmacroexpansion'.
[2026-08-05 04:33:29] Merging 3 fragments for 'macrolocationbind'.
[2026-08-05 04:33:29] Merged 103007 bytes (100.59 KiB) for 'macrolocationbind'.
[2026-08-05 04:33:29] Merging 1 fragment for 'blockscope'.
[2026-08-05 04:33:29] Merged 37827 bytes (36.94 KiB) for 'blockscope'.
[2026-08-05 04:33:29] Merging 1 fragment for 'function_entry_point'.
[2026-08-05 04:33:29] Merged 10533 bytes (10.29 KiB) for 'function_entry_point'.
[2026-08-05 04:33:29] Merging 1 fragment for 'values'.
[2026-08-05 04:33:29] Merged 233238 bytes (227.77 KiB) for 'values'.
[2026-08-05 04:33:29] Merging 1 fragment for 'valuebind'.
[2026-08-05 04:33:29] Merged 195246 bytes (190.67 KiB) for 'valuebind'.
[2026-08-05 04:33:29] Merging 1 fragment for 'valuetext'.
[2026-08-05 04:33:29] Merged 102009 bytes (99.62 KiB) for 'valuetext'.
[2026-08-05 04:33:29] Merging 1 fragment for 'if_else'.
[2026-08-05 04:33:29] Merged 7566 bytes (7.39 KiB) for 'if_else'.
[2026-08-05 04:33:29] Merging 1 fragment for 'sizeof_bind'.
[2026-08-05 04:33:29] Merged 4208 bytes (4.11 KiB) for 'sizeof_bind'.
[2026-08-05 04:33:29] Merging 1 fragment for 'arraysizes'.
[2026-08-05 04:33:29] Merged 2628 bytes (2.57 KiB) for 'arraysizes'.
[2026-08-05 04:33:29] Merging 1 fragment for 'for_condition'.
[2026-08-05 04:33:29] Merged 1786 bytes (1.74 KiB) for 'for_condition'.
[2026-08-05 04:33:29] Merging 1 fragment for 'for_body'.
[2026-08-05 04:33:29] Merged 1851 bytes (1.81 KiB) for 'for_body'.
[2026-08-05 04:33:29] Merging 1 fragment for 'for_initialization'.
[2026-08-05 04:33:29] Merged 1646 bytes (1.61 KiB) for 'for_initialization'.
[2026-08-05 04:33:29] Merging 1 fragment for 'for_update'.
[2026-08-05 04:33:29] Merged 1790 bytes (1.75 KiB) for 'for_update'.
[2026-08-05 04:33:29] Merging 1 fragment for 'while_body'.
[2026-08-05 04:33:29] Merged 1218 bytes (1.19 KiB) for 'while_body'.
[2026-08-05 04:33:29] Merging 1 fragment for 'initialisers'.
[2026-08-05 04:33:29] Merged 40279 bytes (39.33 KiB) for 'initialisers'.
[2026-08-05 04:33:29] Merging 1 fragment for 'orphaned_variables'.
[2026-08-05 04:33:29] Merged 1081 bytes (1.06 KiB) for 'orphaned_variables'.
[2026-08-05 04:33:29] Merging 1 fragment for 'mangled_name'.
[2026-08-05 04:33:29] Merged 21428 bytes (20.93 KiB) for 'mangled_name'.
[2026-08-05 04:33:29] Merging 1 fragment for 'varspecifiers'.
[2026-08-05 04:33:29] Merged 25269 bytes (24.68 KiB) for 'varspecifiers'.
[2026-08-05 04:33:29] Merging 1 fragment for 'exprconv'.
[2026-08-05 04:33:29] Merged 182308 bytes (178.04 KiB) for 'exprconv'.
[2026-08-05 04:33:29] Merging 1 fragment for 'conversionkinds'.
[2026-08-05 04:33:29] Merged 41876 bytes (40.89 KiB) for 'conversionkinds'.
[2026-08-05 04:33:29] Merging 1 fragment for 'iscall'.
[2026-08-05 04:33:29] Merged 18030 bytes (17.61 KiB) for 'iscall'.
[2026-08-05 04:33:29] Merging 1 fragment for 'typespecifiers'.
[2026-08-05 04:33:29] Merged 4309 bytes (4.21 KiB) for 'typespecifiers'.
[2026-08-05 04:33:29] Merging 1 fragment for 'attributes'.
[2026-08-05 04:33:29] Merged 22160 bytes (21.64 KiB) for 'attributes'.
[2026-08-05 04:33:29] Merging 1 fragment for 'typeattributes'.
[2026-08-05 04:33:29] Merged 302 bytes for 'typeattributes'.
[2026-08-05 04:33:29] Merging 1 fragment for 'funspecifiers'.
[2026-08-05 04:33:29] Merged 16768 bytes (16.38 KiB) for 'funspecifiers'.
[2026-08-05 04:33:29] Merging 1 fragment for 'expr_cond_guard'.
[2026-08-05 04:33:29] Merged 3525 bytes (3.44 KiB) for 'expr_cond_guard'.
[2026-08-05 04:33:29] Merging 1 fragment for 'expr_cond_true'.
[2026-08-05 04:33:29] Merged 3517 bytes (3.43 KiB) for 'expr_cond_true'.
[2026-08-05 04:33:29] Merging 1 fragment for 'expr_cond_false'.
[2026-08-05 04:33:29] Merged 3493 bytes (3.41 KiB) for 'expr_cond_false'.
[2026-08-05 04:33:29] Merging 1 fragment for 'jumpinfo'.
[2026-08-05 04:33:29] Merged 6292 bytes (6.14 KiB) for 'jumpinfo'.
[2026-08-05 04:33:29] Merging 1 fragment for 'usertypes'.
[2026-08-05 04:33:29] Merged 7510 bytes (7.33 KiB) for 'usertypes'.
[2026-08-05 04:33:29] Merging 1 fragment for 'usertypesize'.
[2026-08-05 04:33:29] Merged 2357 bytes (2.30 KiB) for 'usertypesize'.
[2026-08-05 04:33:29] Merging 1 fragment for 'is_pod_class'.
[2026-08-05 04:33:29] Merged 801 bytes for 'is_pod_class'.
[2026-08-05 04:33:29] Merging 1 fragment for 'is_standard_layout_class'.
[2026-08-05 04:33:29] Merged 801 bytes for 'is_standard_layout_class'.
[2026-08-05 04:33:29] Merging 1 fragment for 'is_complete'.
[2026-08-05 04:33:29] Merged 801 bytes for 'is_complete'.
[2026-08-05 04:33:29] Merging 1 fragment for 'member'.
[2026-08-05 04:33:29] Merged 9534 bytes (9.31 KiB) for 'member'.
[2026-08-05 04:33:29] Merging 1 fragment for 'type_decls'.
[2026-08-05 04:33:29] Merged 9073 bytes (8.86 KiB) for 'type_decls'.
[2026-08-05 04:33:29] Merging 1 fragment for 'type_def'.
[2026-08-05 04:33:29] Merged 915 bytes for 'type_def'.
[2026-08-05 04:33:29] Merging 1 fragment for 'type_decl_top'.
[2026-08-05 04:33:29] Merged 2047 bytes (2.00 KiB) for 'type_decl_top'.
[2026-08-05 04:33:29] Merging 1 fragment for 'membervariables'.
[2026-08-05 04:33:29] Merged 15318 bytes (14.96 KiB) for 'membervariables'.
[2026-08-05 04:33:29] Merging 1 fragment for 'fieldoffsets'.
[2026-08-05 04:33:29] Merged 7042 bytes (6.88 KiB) for 'fieldoffsets'.
[2026-08-05 04:33:29] Merging 1 fragment for 'globalvariables'.
[2026-08-05 04:33:29] Merged 1297 bytes (1.27 KiB) for 'globalvariables'.
[2026-08-05 04:33:29] Merging 1 fragment for 'var_decl_specifiers'.
[2026-08-05 04:33:29] Merged 434 bytes for 'var_decl_specifiers'.
[2026-08-05 04:33:29] Merging 1 fragment for 'aggregate_field_init'.
[2026-08-05 04:33:29] Merged 9232 bytes (9.02 KiB) for 'aggregate_field_init'.
[2026-08-05 04:33:29] Merging 1 fragment for 'aggregate_array_init'.
[2026-08-05 04:33:29] Merged 5140 bytes (5.02 KiB) for 'aggregate_array_init'.
[2026-08-05 04:33:29] Merging 1 fragment for 'funcattributes'.
[2026-08-05 04:33:29] Merged 15380 bytes (15.02 KiB) for 'funcattributes'.
[2026-08-05 04:33:29] Merging 1 fragment for 'attribute_arg_constant'.
[2026-08-05 04:33:29] Merged 3980 bytes (3.89 KiB) for 'attribute_arg_constant'.
[2026-08-05 04:33:29] Merging 1 fragment for 'attribute_args'.
[2026-08-05 04:33:29] Merged 9639 bytes (9.41 KiB) for 'attribute_args'.
[2026-08-05 04:33:29] Merging 1 fragment for 'builtin_functions'.
[2026-08-05 04:33:29] Merged 375 bytes for 'builtin_functions'.
[2026-08-05 04:33:29] Merging 1 fragment for 'usertype_alias_kind'.
[2026-08-05 04:33:29] Merged 1611 bytes (1.57 KiB) for 'usertype_alias_kind'.
[2026-08-05 04:33:29] Merging 1 fragment for 'typedefbase'.
[2026-08-05 04:33:29] Merged 3932 bytes (3.84 KiB) for 'typedefbase'.
[2026-08-05 04:33:29] Merging 1 fragment for 'attribute_arg_value'.
[2026-08-05 04:33:29] Merged 1292 bytes (1.26 KiB) for 'attribute_arg_value'.
[2026-08-05 04:33:29] Merging 1 fragment for 'enumconstants'.
[2026-08-05 04:33:29] Merged 7214 bytes (7.04 KiB) for 'enumconstants'.
[2026-08-05 04:33:29] Merging 1 fragment for 'expr_ancestor'.
[2026-08-05 04:33:29] Merged 936 bytes for 'expr_ancestor'.
[2026-08-05 04:33:29] Merging 1 fragment for 'bitfield'.
[2026-08-05 04:33:29] Merged 180 bytes for 'bitfield'.
[2026-08-05 04:33:29] Merging 1 fragment for 'decltypes'.
[2026-08-05 04:33:29] Merged 661 bytes for 'decltypes'.
[2026-08-05 04:33:29] Merging 1 fragment for 'attribute_arg_expr'.
[2026-08-05 04:33:29] Merged 214 bytes for 'attribute_arg_expr'.
[2026-08-05 04:33:29] Merging 1 fragment for 'do_body'.
[2026-08-05 04:33:29] Merged 1102 bytes (1.08 KiB) for 'do_body'.
[2026-08-05 04:33:29] Merging 1 fragment for 'switch_body'.
[2026-08-05 04:33:29] Merged 985 bytes for 'switch_body'.
[2026-08-05 04:33:29] Merging 1 fragment for 'switch_case'.
[2026-08-05 04:33:29] Merged 5355 bytes (5.23 KiB) for 'switch_case'.
[2026-08-05 04:33:29] Merging 1 fragment for 'enclosingfunction'.
[2026-08-05 04:33:29] Merged 168 bytes for 'enclosingfunction'.
[2026-08-05 04:33:29] Merging 1 fragment for 'varattributes'.
[2026-08-05 04:33:29] Merged 116 bytes for 'varattributes'.
[2026-08-05 04:33:29] Merging 1 fragment for 'braced_initialisers'.
[2026-08-05 04:33:29] Merged 158 bytes for 'braced_initialisers'.
[2026-08-05 04:33:29] Merging 1 fragment for 'fun_implicit'.
[2026-08-05 04:33:29] Merged 28 bytes for 'fun_implicit'.
[2026-08-05 04:33:29] Merging 1 fragment for 'expr_reuse'.
[2026-08-05 04:33:29] Merged 234 bytes for 'expr_reuse'.
[2026-08-05 04:33:29] Merging 1 fragment for 'type_is_vla'.
[2026-08-05 04:33:29] Merged 26 bytes for 'type_is_vla'.
[2026-08-05 04:33:29] Merging 1 fragment for 'variable_vla'.
[2026-08-05 04:33:29] Merged 65 bytes for 'variable_vla'.
[2026-08-05 04:33:29] Merging 1 fragment for 'fun_decl_typedef_type'.
[2026-08-05 04:33:29] Merged 30 bytes for 'fun_decl_typedef_type'.
[2026-08-05 04:33:29] Merging 1 fragment for 'builtintypes'.
[2026-08-05 04:33:29] Merged 458 bytes for 'builtintypes'.
[2026-08-05 04:33:29] Merging 1 fragment for 'link_targets'.
[2026-08-05 04:33:29] Merged 50 bytes for 'link_targets'.
[2026-08-05 04:33:29] Merging 1 fragment for 'namespaces'.
[2026-08-05 04:33:29] Merged 28 bytes for 'namespaces'.
[2026-08-05 04:33:29] Merging 1 fragment for 'specialnamequalifyingelements'.
[2026-08-05 04:33:29] Merged 30 bytes for 'specialnamequalifyingelements'.
[2026-08-05 04:33:29] Merging 1 fragment for 'specifiers'.
[2026-08-05 04:33:29] Merged 209 bytes for 'specifiers'.
[2026-08-05 04:33:29] Merging 1 fragment for 'compilations'.
[2026-08-05 04:33:29] Merged 354 bytes for 'compilations'.
[2026-08-05 04:33:29] Merging 1 fragment for 'compilation_args'.
[2026-08-05 04:33:29] Merged 16625 bytes (16.24 KiB) for 'compilation_args'.
[2026-08-05 04:33:29] Merging 1 fragment for 'compilation_expanded_args'.
[2026-08-05 04:33:29] Merged 16625 bytes (16.24 KiB) for 'compilation_expanded_args'.
[2026-08-05 04:33:29] Merging 1 fragment for 'compilation_compiling_files'.
[2026-08-05 04:33:29] Merged 584 bytes for 'compilation_compiling_files'.
[2026-08-05 04:33:29] Merging 1 fragment for 'compilation_time'.
[2026-08-05 04:33:29] Merged 6371 bytes (6.22 KiB) for 'compilation_time'.
[2026-08-05 04:33:29] Merging 1 fragment for 'compilation_finished'.
[2026-08-05 04:33:29] Merged 1717 bytes (1.68 KiB) for 'compilation_finished'.
[2026-08-05 04:33:29] Merging 1 fragment for 'sourceLocationPrefix'.
[2026-08-05 04:33:29] Merged 18 bytes for 'sourceLocationPrefix'.
[2026-08-05 04:33:29] Saving string and id pools to disk.
[2026-08-05 04:33:29] Finished importing TRAP files.
[2026-08-05 04:33:29] Read 245.55 MiB of uncompressed TRAP data.
[2026-08-05 04:33:29] Uncompressed relation data size: 34.99 MiB
[2026-08-05 04:33:29] Relation data size: 9.07 MiB (merge rate: 15.18 MiB/s)
[2026-08-05 04:33:29] String pool size: 5.53 MiB
[2026-08-05 04:33:29] ID pool size: 27.00 MiB
[2026-08-05 04:33:29] [PROGRESS] dataset import> Finished writing database (relations: 9.07 MiB; string pool: 5.53 MiB).
[2026-08-05 04:33:29] Pausing evaluation to close the cache at sequence stamp o+309
[2026-08-05 04:33:29] The disk cache is freshly trimmed; leave it be.
[2026-08-05 04:33:29] Unpausing evaluation
[2026-08-05 04:33:29] Plumbing command codeql dataset import completed.
[2026-08-05 04:33:29] [PROGRESS] database finalize> TRAP import complete (11.1s).
[2026-08-05 04:33:29] Running plumbing command: codeql database cleanup -- /home/samith_g/memcached-docs/.codeql/memcached-codeql-db
[2026-08-05 04:33:29] [PROGRESS] database cleanup> Cleaning up existing TRAP files after import...
[2026-08-05 04:33:30] [PROGRESS] database cleanup> TRAP files cleaned up (113ms).
[2026-08-05 04:33:30] [PROGRESS] database cleanup> Cleaning up scratch directory...
[2026-08-05 04:33:30] [PROGRESS] database cleanup> Scratch directory cleaned up (104ms).
[2026-08-05 04:33:30] Running plumbing command: codeql dataset cleanup -- /home/samith_g/memcached-docs/.codeql/memcached-codeql-db/db-cpp
[2026-08-05 04:33:30] [PROGRESS] dataset cleanup> Cleaning up dataset in /home/samith_g/memcached-docs/.codeql/memcached-codeql-db/db-cpp.
[2026-08-05 04:33:30] Trimming disk cache at /home/samith_g/memcached-docs/.codeql/memcached-codeql-db/db-cpp/default/cache in mode trim.
[2026-08-05 04:33:30] Sequence stamp origin is -5883484958701754422
[2026-08-05 04:33:30] Pausing evaluation to quickly trim memory at sequence stamp o+0
[2026-08-05 04:33:30] Unpausing evaluation
[2026-08-05 04:33:30] Pausing evaluation to zealously trim disk at sequence stamp o+1
[2026-08-05 04:33:30] Unpausing evaluation
[2026-08-05 04:33:30] Trimming completed (3ms): Trimmed disposable data from cache.
[2026-08-05 04:33:30] Pausing evaluation to close the cache at sequence stamp o+2
[2026-08-05 04:33:30] The disk cache is freshly trimmed; leave it be.
[2026-08-05 04:33:30] Unpausing evaluation
[2026-08-05 04:33:30] [PROGRESS] dataset cleanup> Trimmed disposable data from cache.
[2026-08-05 04:33:30] [PROGRESS] dataset cleanup> Finalizing dataset in /home/samith_g/memcached-docs/.codeql/memcached-codeql-db/db-cpp
[2026-08-05 04:33:30] [DETAILS] dataset cleanup> Finished deleting ID pool from /home/samith_g/memcached-docs/.codeql/memcached-codeql-db/db-cpp (15ms).
[2026-08-05 04:33:30] Plumbing command codeql dataset cleanup completed.
[2026-08-05 04:33:30] Plumbing command codeql database cleanup completed with status 0.
[2026-08-05 04:33:30] [PROGRESS] database finalize> Finished zipping source archive (1.44 MiB).
[2026-08-05 04:33:30] Plumbing command codeql database finalize completed.
[2026-08-05 04:33:30] [PROGRESS] database create> Successfully created database at /home/samith_g/memcached-docs/.codeql/memcached-codeql-db.
[2026-08-05 04:33:30] Terminating normally.
